tamanho,quartos,banheiros,garagem,idade,piscina,bairro,preco
142,4,1,2,7,0,Popular,769081
191,3,2,0,1,0,Nobre,1762610
231,4,1,0,11,0,Popular,1130444
209,4,4,3,14,0,Médio,1438994
90,4,3,3,2,1,Médio,865132
128,4,2,1,8,0,Popular,703403
131,4,3,3,7,0,Nobre,1388051
41,2,4,1,28,1,Médio,402633
201,2,2,3,13,0,Popular,1009711
229,5,4,0,17,0,Médio,1593620
256,4,4,3,28,1,Popular,1381642
202,3,1,2,4,1,Médio,1442555
67,1,4,3,33,0,Popular,376243
211,3,3,0,34,0,Médio,1316220
296,5,2,2,13,0,Médio,1921877
218,1,4,0,31,0,Popular,999283
270,5,3,2,28,0,Popular,1331830
105,2,1,1,5,0,Popular,529965
167,2,3,3,24,0,Popular,823658
155,5,1,2,38,0,Médio,971080
204,1,3,1,23,1,Popular,1069224
152,1,2,3,11,0,Médio,983042
152,5,1,3,16,0,Nobre,1472565
263,1,1,2,1,0,Médio,1620717
237,4,3,2,16,0,Popular,1232604
279,1,1,3,5,0,Nobre,2407447
291,3,4,2,25,0,Popular,1396754
167,2,4,0,10,0,Popular,857972
190,2,3,2,15,1,Médio,1301000
293,4,1,0,31,0,Popular,1362693
138,3,4,3,2,1,Médio,1159780
151,1,3,0,28,0,Popular,724272
233,3,4,0,35,0,Popular,1131172
174,3,1,3,32,0,Médio,1065186
61,5,3,1,7,0,Médio,637088
186,4,3,3,16,1,Médio,1388975
85,5,2,2,36,1,Médio,715701
200,3,4,1,24,0,Nobre,1813741
213,2,4,2,21,0,Popular,1031490
143,1,1,2,38,0,Nobre,1084239
52,4,2,2,35,0,Médio,417530
182,4,2,1,31,0,Popular,902528
192,2,3,1,21,0,Popular,909638
92,4,4,3,4,0,Nobre,1094904
86,3,3,3,15,1,Médio,793810
131,2,3,1,36,0,Popular,602929
166,1,4,0,0,0,Popular,850355
87,1,4,0,0,1,Médio,706805
108,5,3,2,11,0,Popular,654712
259,5,3,0,29,1,Médio,1741295
243,2,2,3,20,0,Popular,1125601
49,5,4,1,30,0,Nobre,612096
135,1,4,0,3,0,Nobre,1278049
217,3,4,0,32,1,Nobre,2032928
104,1,4,1,28,0,Popular,497271
132,2,2,1,33,0,Médio,796502
153,5,3,0,35,0,Nobre,1359665
231,3,1,2,35,0,Médio,1417491
191,5,4,0,12,0,Popular,1039157
123,1,2,0,18,0,Popular,524417
272,3,4,0,6,1,Médio,1839954
183,5,1,2,11,0,Médio,1184618
92,1,3,0,38,1,Popular,484490
185,4,1,1,16,0,Popular,956006
180,2,1,1,26,0,Popular,796038
184,1,1,3,35,0,Popular,791351
221,3,2,1,18,0,Médio,1393880
97,4,4,3,38,0,Médio,708577
229,1,3,3,24,1,Popular,1166893
242,4,1,3,34,0,Popular,1177670
86,1,1,1,14,0,Médio,546546
51,2,4,3,7,0,Popular,373667
47,2,4,3,25,0,Popular,291035
267,3,2,2,16,0,Médio,1658693
259,5,1,1,34,1,Nobre,2382739
49,2,3,0,4,0,Popular,344033
104,2,4,2,10,0,Popular,586709
138,1,1,3,5,0,Médio,918506
172,3,1,2,36,0,Médio,1014286
40,3,1,0,3,0,Médio,332405
73,4,3,3,38,0,Médio,552847
93,4,1,1,29,0,Médio,649825
294,5,1,1,1,1,Nobre,2803962
137,2,2,2,26,0,Médio,860941
288,1,4,2,29,0,Nobre,2419806
108,2,2,0,1,0,Médio,756278
279,3,3,2,22,0,Popular,1360832
223,1,3,3,2,0,Nobre,1985502
100,2,3,2,20,0,Popular,525859
85,2,1,1,25,0,Popular,379295
288,1,2,2,29,0,Popular,1312130
219,2,4,2,13,0,Médio,1413195
53,3,4,2,6,0,Nobre,702936
54,1,3,0,27,0,Popular,272537
270,2,2,3,24,1,Médio,1785207
148,2,3,3,21,0,Médio,992623
275,3,2,0,36,0,Médio,1597774
268,1,1,0,21,0,Popular,1215326
151,4,2,2,29,0,Nobre,1381570
79,5,4,3,30,1,Médio,754931
114,4,3,1,29,0,Médio,790437
65,3,1,3,4,0,Popular,426528
251,1,4,0,11,0,Médio,1571472
178,4,1,2,2,0,Popular,904770
49,5,3,1,1,0,Nobre,752914
77,3,2,2,4,1,Nobre,970106
176,2,4,2,34,1,Médio,1223538
252,5,1,2,13,0,Popular,1282427
276,2,1,1,39,0,Médio,1596854
62,1,1,0,32,0,Médio,330715
143,3,3,2,5,1,Médio,1105704
54,5,1,3,29,1,Médio,550343
77,1,1,0,36,0,Popular,312674
44,3,2,0,37,0,Popular,198317
255,4,4,2,28,0,Médio,1683835
134,3,3,3,35,0,Médio,875178
187,3,2,1,39,0,Médio,1140187
257,5,4,1,17,0,Popular,1321888
210,4,4,3,3,0,Popular,1169599
90,5,2,3,21,1,Popular,642949
140,5,2,1,35,0,Nobre,1289014
188,1,1,0,9,1,Popular,968384
102,4,1,1,10,1,Médio,854011
167,3,3,3,23,0,Popular,858230
200,1,1,2,21,0,Popular,923408
216,4,2,1,27,0,Popular,1052784
296,5,2,2,18,0,Médio,1884926
183,3,2,0,13,0,Médio,1201908
152,2,2,1,3,0,Nobre,1391102
201,4,1,2,27,1,Nobre,1916755
47,1,1,2,2,0,Médio,345060
136,4,3,3,33,1,Nobre,1448887
159,3,4,3,36,0,Médio,1038981
200,5,3,3,18,0,Médio,1385858
41,1,3,0,19,0,Nobre,382213
59,5,1,1,29,0,Nobre,624463
120,2,2,3,22,0,Médio,832205
240,3,2,3,25,0,Popular,1177945
254,5,3,1,17,0,Nobre,2309507
204,1,2,1,11,0,Popular,963433
66,1,3,1,26,0,Médio,399825
212,1,2,0,27,0,Médio,1241956
169,4,2,2,0,0,Médio,1184420
50,4,1,2,38,0,Nobre,461467
94,5,4,0,35,0,Popular,537220
240,2,2,0,8,0,Médio,1494454
256,5,3,3,24,0,Nobre,2365248
141,2,4,2,36,0,Nobre,1262351
56,2,1,2,11,0,Nobre,586034
254,5,2,3,5,1,Nobre,2545873
182,3,2,0,25,0,Médio,1144120
156,1,3,3,7,1,Nobre,1585777
121,4,3,2,17,0,Médio,858519
147,4,1,1,2,0,Popular,814781
222,4,3,2,3,0,Popular,1186855
147,2,3,2,33,0,Nobre,1278261
180,2,4,3,34,0,Popular,882514
275,1,2,1,24,0,Médio,1614546
104,1,3,0,13,0,Nobre,939444
232,5,2,2,8,0,Popular,1241279
179,3,2,0,36,0,Médio,1120644
192,4,4,2,7,1,Médio,1445972
282,5,2,1,33,0,Popular,1369805
254,1,1,2,19,1,Popular,1266384
217,2,2,0,23,1,Médio,1438065
128,1,4,1,36,0,Nobre,1084672
162,4,1,0,2,1,Nobre,1670470
265,4,3,1,7,0,Popular,1362672
76,4,4,0,27,0,Nobre,734084
154,2,3,3,39,0,Médio,938746
276,1,2,3,18,1,Popular,1368675
84,1,1,1,35,0,Médio,443777
46,5,3,0,30,1,Popular,415130
121,4,2,1,12,0,Popular,646161
263,5,2,2,16,0,Popular,1320681
113,1,4,1,27,0,Nobre,976591
235,4,4,3,3,0,Médio,1638059
232,2,4,2,17,1,Nobre,2195498
243,4,3,2,11,0,Popular,1241379
97,2,2,1,33,1,Médio,650895
78,5,1,2,31,0,Médio,547044
275,4,1,0,15,1,Nobre,2533849
186,1,1,2,0,0,Médio,1159594
51,2,3,3,15,0,Popular,344804
184,5,1,3,14,0,Médio,1273877
85,1,2,1,6,0,Médio,567514
267,1,2,3,21,0,Popular,1233308
244,1,4,0,17,0,Popular,1172415
134,3,1,0,32,1,Nobre,1271597
80,1,4,0,31,0,Médio,510270
131,4,1,1,39,0,Popular,604474
116,4,2,1,38,0,Médio,748253
213,2,2,2,33,0,Médio,1286011
112,1,2,3,7,1,Médio,880156
123,3,3,2,10,1,Médio,985991
42,1,4,1,13,0,Popular,291846
126,4,1,0,18,1,Popular,730457
222,3,4,1,5,0,Popular,1134026
98,3,4,1,34,0,Médio,679145
252,2,1,3,19,0,Médio,1539252
59,4,4,1,31,0,Popular,403374
282,3,2,1,11,0,Médio,1742979
60,1,3,1,7,0,Médio,418838
41,5,1,1,13,0,Popular,335886
169,1,3,0,27,0,Médio,1025754
203,5,3,2,30,0,Popular,1027338
119,2,1,1,11,1,Médio,881378
40,1,4,1,19,0,Médio,286110
214,5,4,0,27,1,Médio,1513921
169,1,3,0,19,0,Médio,1030485
74,5,1,2,4,0,Médio,619378
281,3,3,1,33,0,Nobre,2413719
78,3,2,2,37,0,Popular,415664
273,4,3,3,20,0,Médio,1758252
44,2,1,2,25,0,Popular,240869
271,1,4,2,7,0,Nobre,2371062
40,3,3,3,13,0,Médio,412303
231,1,1,0,24,1,Médio,1418164
116,1,3,3,33,0,Popular,575438
121,5,1,2,18,1,Popular,757899
128,5,3,0,11,0,Médio,963247
263,1,3,3,37,0,Médio,1524660
149,2,2,1,8,0,Nobre,1297312
156,5,2,0,11,0,Médio,1131969
267,3,4,2,5,0,Médio,1794375
146,5,4,2,24,0,Popular,819737
180,3,2,1,3,0,Popular,944918
175,2,4,1,17,0,Nobre,1569851
129,1,2,2,6,0,Popular,687433
280,2,1,1,35,0,Popular,1256946
211,5,2,2,12,0,Nobre,1982421
48,2,4,1,7,0,Médio,440274
107,2,4,2,35,0,Médio,706790
281,5,3,0,34,1,Médio,1854410
188,1,2,3,36,0,Médio,1078161
117,5,1,0,24,1,Popular,694855
124,2,3,1,38,0,Popular,599852
107,2,2,1,31,0,Popular,491603
271,5,1,3,2,0,Popular,1416738
88,4,2,3,4,0,Médio,694369
269,2,3,1,2,0,Popular,1291508
155,4,2,3,4,0,Médio,1090757
247,2,2,1,15,0,Popular,1171600
69,5,3,3,39,0,Médio,564072
287,4,1,0,29,0,Médio,1741941
200,5,4,3,37,0,Popular,1034318
190,2,1,1,20,0,Popular,911201
229,2,4,1,5,1,Médio,1602383
140,4,2,3,37,1,Popular,800869
53,1,3,0,34,0,Médio,314242
245,4,2,3,9,1,Popular,1381298
277,5,4,2,34,0,Popular,1376497
156,2,4,0,33,0,Popular,746337
70,4,2,0,5,0,Popular,419110
169,4,3,2,30,0,Médio,1108777
217,5,3,3,14,1,Popular,1235247
138,5,1,3,6,0,Popular,788211
140,4,4,0,35,0,Médio,928911
102,5,4,2,34,0,Médio,784329
125,5,2,2,1,0,Médio,983683
269,5,2,2,38,0,Popular,1308825
220,2,1,0,31,0,Popular,1002024
227,3,3,0,25,0,Nobre,1973047
266,1,1,3,28,0,Médio,1543034
152,1,4,0,8,1,Nobre,1509844
281,2,4,3,39,0,Médio,1714905
253,1,3,0,22,0,Popular,1164273
140,5,4,0,22,0,Popular,806443
191,1,1,3,20,0,Médio,1133517
47,2,2,2,31,0,Nobre,403627
175,1,1,1,14,0,Popular,834064
208,1,2,2,9,0,Popular,1009625
297,5,1,3,30,0,Médio,1877249
192,3,2,3,24,0,Popular,932834
252,4,4,2,20,0,Nobre,2300658
188,4,4,2,21,0,Popular,995152
297,5,1,2,26,1,Médio,1965566
210,5,1,0,2,0,Médio,1389097
69,4,3,0,36,0,Médio,482670
49,5,4,1,38,0,Médio,417840
151,5,1,3,35,0,Médio,973303
282,3,1,1,3,0,Médio,1754324
63,3,2,0,37,0,Médio,415931
59,1,3,2,3,0,Médio,457840
268,2,3,3,3,0,Médio,1772172
227,4,3,0,18,0,Popular,1161749
69,2,2,0,30,1,Médio,503860
152,1,2,2,27,0,Nobre,1256638
157,5,1,0,5,0,Médio,1083570
117,4,3,2,8,1,Popular,745311
100,2,2,2,12,0,Médio,722596
90,5,3,1,34,0,Nobre,934498
88,5,2,3,4,0,Médio,759898
139,1,2,1,30,1,Médio,917469
252,4,2,1,21,0,Popular,1224970
221,2,1,0,5,0,Médio,1372347
223,3,4,1,20,0,Médio,1460987
199,3,4,3,14,1,Popular,1117873
193,4,4,3,13,0,Nobre,1895085
257,5,4,0,18,0,Nobre,2330214
200,2,1,3,6,0,Médio,1305941
125,1,1,1,5,0,Nobre,1043317
44,2,2,3,1,0,Nobre,604153
115,4,3,1,34,0,Médio,772832
71,5,4,1,3,0,Médio,683762
253,4,4,1,26,1,Médio,1733703
65,1,3,1,24,0,Popular,308271
266,4,3,0,18,0,Popular,1275677
113,4,4,0,35,0,Popular,570165
277,2,2,3,19,0,Popular,1331712
298,3,2,2,39,0,Médio,1790168
215,3,1,3,29,0,Popular,1017557
71,1,4,2,15,1,Médio,635250
201,4,4,1,30,0,Popular,1001176
64,3,1,3,24,1,Popular,442868
173,3,4,3,10,1,Médio,1319951
252,2,2,2,11,0,Popular,1233312
229,1,1,2,33,0,Médio,1330435
114,1,3,3,21,0,Nobre,1026360
251,5,4,1,1,0,Popular,1349329
86,1,4,3,0,1,Popular,627517
182,5,3,0,13,1,Popular,1065751
291,5,3,1,32,1,Popular,1492913
85,4,1,3,34,0,Nobre,789927
123,1,1,3,23,0,Nobre,1042765
149,3,3,1,18,1,Popular,832572
245,1,3,3,18,1,Popular,1259846
200,4,1,1,10,0,Popular,1041764
261,1,4,2,3,1,Nobre,2438438
159,5,2,0,29,0,Popular,778537
89,5,3,0,4,0,Popular,603937
240,5,1,3,34,1,Nobre,2255515
104,5,3,2,39,0,Médio,755774
65,4,1,1,39,1,Médio,553973
196,3,4,2,6,0,Popular,1020080
296,1,2,0,11,0,Nobre,2439282
132,5,1,2,39,0,Médio,912239
228,1,2,0,7,0,Popular,1055440
129,5,1,0,8,1,Popular,786143
98,1,3,0,10,0,Médio,670112
166,5,1,3,18,0,Nobre,1601240
279,1,1,1,38,1,Médio,1714776
192,3,2,2,29,0,Popular,958744
200,4,2,0,18,0,Médio,1306237
152,1,4,1,14,0,Médio,1012004
249,3,2,0,38,1,Médio,1607989
194,5,2,0,37,1,Nobre,1849875
274,1,3,0,14,0,Popular,1295351
88,1,3,3,37,1,Médio,684854
112,5,2,1,29,0,Médio,770941
234,4,4,2,22,0,Médio,1578287
139,4,1,3,38,0,Popular,651250
46,4,1,3,0,0,Popular,361992
165,3,1,0,37,1,Médio,1066673
215,4,4,3,37,0,Médio,1406981
106,3,1,3,25,0,Popular,520567
273,3,2,1,14,0,Popular,1308226
163,5,3,2,5,0,Nobre,1684618
116,3,3,1,16,0,Popular,599121
201,5,2,0,22,0,Popular,1013359
148,3,2,0,20,0,Popular,728222
131,5,3,0,33,0,Médio,901679
138,4,2,3,21,0,Médio,953692
44,1,1,3,18,0,Médio,276083
212,4,2,0,10,0,Popular,1057767
51,1,3,2,25,1,Médio,494358
109,2,4,1,10,0,Médio,784159
288,3,2,0,13,0,Médio,1738455
214,4,3,0,34,0,Popular,1028102
264,3,3,1,2,0,Médio,1743875
228,2,4,1,28,0,Nobre,2006795
243,2,1,3,34,0,Nobre,2011701
202,3,2,3,25,1,Popular,1083801
76,5,4,3,4,1,Nobre,1175313
296,4,3,1,39,0,Médio,1839887
114,3,4,2,13,1,Nobre,1294152
84,5,3,2,37,0,Popular,517600
183,4,2,1,25,0,Popular,909062
254,3,2,0,38,0,Popular,1160578
60,3,1,2,24,0,Nobre,589063
62,2,2,3,7,0,Médio,448080
92,4,1,2,22,0,Médio,687313
287,2,3,2,11,0,Popular,1403206
135,1,3,3,7,0,Popular,692687
196,4,3,0,0,0,Médio,1350953
180,3,1,1,11,0,Popular,908699
257,5,1,3,26,1,Médio,1747361
274,5,1,0,23,0,Nobre,2361128
133,1,1,3,18,0,Nobre,1138430
67,1,3,2,17,0,Médio,451200
52,2,1,0,35,1,Popular,287088
139,5,3,0,33,0,Nobre,1341676
42,4,2,3,20,0,Médio,388136
274,3,1,0,9,0,Popular,1306586
113,5,1,1,23,1,Médio,874618
221,4,4,0,24,1,Médio,1566357
269,1,4,2,27,0,Popular,1248737
214,1,2,0,5,0,Popular,1014215
192,1,3,1,6,0,Popular,943295
150,3,1,3,10,1,Médio,1117718
84,3,4,3,2,0,Nobre,988401
163,4,2,3,25,1,Popular,971148
135,4,2,2,14,0,Médio,965500
238,2,1,1,24,0,Médio,1400975
220,4,3,2,27,0,Nobre,1977872
227,1,3,2,25,0,Popular,1070329
287,1,2,1,26,0,Popular,1312593
249,2,2,0,30,0,Popular,1135193
132,4,1,2,32,0,Nobre,1133287
109,1,4,3,34,0,Médio,712015
226,2,2,0,11,0,Médio,1383817
193,4,4,2,28,1,Nobre,1937241
146,3,1,3,1,1,Popular,871653
133,1,3,2,16,0,Médio,870525
132,4,1,0,9,0,Popular,716840
255,2,4,3,1,0,Nobre,2350064
140,3,1,0,2,1,Popular,867918
280,3,4,3,29,1,Nobre,2581632
130,2,2,0,17,1,Popular,671693
153,1,2,1,19,0,Médio,960403
242,1,1,0,0,0,Nobre,2006795
188,3,4,1,18,0,Médio,1287668
193,5,1,1,3,1,Nobre,1944426
80,3,4,2,27,0,Popular,467773
234,3,4,2,35,0,Médio,1458406
220,4,3,0,4,0,Médio,1482653
208,1,1,0,5,0,Nobre,1725070
251,3,4,2,21,0,Nobre,2225936
77,3,3,3,4,0,Médio,634871
224,3,3,1,35,1,Médio,1465479
252,5,4,0,15,0,Médio,1664941
294,1,1,2,31,0,Popular,1322950
87,4,3,0,20,0,Médio,627201
120,1,3,3,1,0,Médio,859026
237,1,3,2,38,1,Popular,1147135
284,3,1,2,11,0,Médio,1768555
231,1,1,2,25,0,Médio,1342950
82,4,3,3,13,0,Nobre,976588
228,4,4,2,28,1,Médio,1637984
52,3,3,3,15,0,Nobre,651499
187,4,4,2,1,1,Médio,1436512
153,3,3,1,15,0,Popular,807442
51,5,3,0,26,0,Nobre,638481
108,3,1,1,18,0,Popular,542291
86,4,1,0,19,0,Médio,587555
287,4,1,3,17,1,Nobre,2642879
257,5,2,0,1,1,Popular,1425272
258,1,4,2,2,0,Médio,1647833
247,2,4,3,9,0,Popular,1223282
269,4,3,0,19,0,Médio,1718998
173,3,2,0,32,0,Médio,1019394
297,5,4,0,18,0,Popular,1491889
118,3,2,2,20,0,Médio,821746
107,1,1,3,18,1,Popular,618892
276,2,4,3,5,1,Popular,1467029
283,3,1,2,24,0,Popular,1327013
132,3,1,2,25,1,Popular,767807
251,5,4,2,22,0,Nobre,2342696
102,1,1,1,4,0,Nobre,887738
200,3,4,1,29,1,Nobre,1882151
77,3,4,2,12,0,Popular,453962
130,3,2,1,16,1,Médio,974251
221,5,1,1,20,0,Nobre,2000193
207,4,2,3,36,0,Médio,1326272
102,3,2,0,12,0,Médio,701723
246,1,3,2,13,0,Médio,1516955
141,5,4,0,4,0,Nobre,1495821
123,3,3,3,4,0,Nobre,1294456
273,1,1,0,23,0,Popular,1191089
136,1,1,0,8,0,Nobre,1115733
78,1,2,0,22,1,Nobre,778812
253,1,1,2,36,0,Médio,1481968
151,5,1,2,39,1,Médio,1064174
285,1,2,0,31,1,Popular,1365265
177,4,3,3,33,0,Médio,1147648
191,3,1,0,32,0,Médio,1122955
214,2,1,0,33,0,Nobre,1718278
244,1,1,3,28,0,Nobre,2036984
56,5,1,1,2,0,Médio,516606
56,3,1,2,2,0,Médio,472196
183,1,2,3,8,0,Nobre,1628129
157,1,3,1,28,0,Nobre,1316267
178,5,2,1,39,0,Popular,849737
259,4,1,0,17,0,Nobre,2232056
59,5,3,1,28,0,Popular,400591
101,4,3,3,10,0,Médio,835145
274,2,2,3,8,0,Nobre,2408371
175,1,2,1,36,0,Popular,800760
248,3,1,2,28,0,Médio,1488917
254,3,1,3,25,1,Médio,1644154
101,2,4,1,12,0,Popular,533393
276,3,2,1,29,1,Médio,1791313
246,1,2,1,11,0,Médio,1496617
101,1,3,2,37,0,Popular,475868
212,4,1,1,12,0,Nobre,1894070
243,1,4,3,0,0,Popular,1252666
135,3,3,0,5,0,Popular,758533
143,5,2,1,1,0,Nobre,1467276
295,3,4,3,30,1,Médio,1969887
182,5,1,0,34,0,Popular,873189
125,2,1,3,35,0,Nobre,1063628
247,5,1,0,9,0,Popular,1272401
68,3,3,1,9,0,Médio,572942
178,2,3,3,4,0,Médio,1214278
188,4,2,3,19,1,Médio,1384414
114,5,4,0,22,0,Médio,844401
221,2,2,2,0,0,Médio,1447108
253,2,3,0,28,1,Popular,1234904
151,1,3,2,14,1,Nobre,1490370
223,2,2,0,12,0,Nobre,1918263
65,3,4,3,39,0,Médio,495533
183,3,3,3,26,0,Popular,938270
112,3,3,3,36,1,Médio,856028
134,5,2,1,19,0,Médio,956145
103,2,2,0,18,0,Médio,631976
290,4,2,1,23,0,Popular,1389473
123,3,1,1,39,0,Popular,552772
231,5,2,3,9,0,Popular,1204319
164,5,4,3,36,0,Nobre,1602821
229,5,4,1,9,0,Popular,1247011
151,4,2,2,16,0,Nobre,1470014
220,2,1,1,12,0,Médio,1337017
145,5,1,3,8,1,Popular,840630
240,4,4,1,18,0,Popular,1258743
87,2,4,2,38,0,Médio,570382
268,3,1,0,25,1,Médio,1705453
78,1,1,3,37,0,Nobre,612152
170,5,2,1,15,0,Nobre,1616505
239,1,2,1,31,0,Popular,1073323
294,5,2,3,24,0,Popular,1443102
252,2,4,2,21,0,Médio,1584134
244,1,2,3,32,0,Popular,1117609
97,2,3,0,22,0,Popular,491344
268,1,4,0,15,0,Médio,1641403
52,2,1,1,29,0,Médio,289588
182,1,4,1,30,0,Médio,1121970
176,1,4,2,10,0,Popular,892984
111,3,2,3,0,0,Popular,628630
178,3,3,0,32,0,Médio,1119857
141,5,1,3,7,0,Popular,798277
178,1,1,2,1,0,Nobre,1571800
186,4,2,1,36,1,Médio,1238256
257,1,3,3,12,0,Médio,1631471
122,2,4,2,39,0,Nobre,1104953
249,1,3,3,7,1,Médio,1677828
223,4,3,3,13,0,Nobre,2081188
106,2,4,1,8,0,Médio,785604
44,3,2,2,15,0,Médio,387483
144,5,4,1,33,1,Popular,838388
215,1,2,0,1,0,Popular,1046243
155,5,2,0,32,0,Médio,1027565
109,1,3,3,22,0,Nobre,1018341
266,3,4,1,9,0,Popular,1342834
44,2,1,0,36,0,Nobre,326927
236,1,3,3,1,0,Popular,1182967
129,5,3,3,27,1,Popular,849615
262,2,1,3,33,0,Popular,1192228
79,5,3,0,0,0,Médio,732604
248,3,1,3,7,0,Popular,1203814
205,1,4,1,5,0,Popular,1022947
111,5,3,1,26,0,Popular,614834
256,2,2,2,4,0,Popular,1256514
98,2,2,3,16,1,Nobre,1070992
58,3,3,3,34,0,Popular,325754
139,3,4,1,39,0,Médio,925021
167,5,4,2,3,0,Popular,957865
229,4,1,1,27,0,Médio,1415205
210,1,3,0,1,1,Nobre,1970070
142,2,1,0,15,0,Médio,910147
260,4,2,2,22,1,Médio,1768519
161,5,2,3,3,0,Médio,1156846
135,1,1,1,19,0,Nobre,1098710
145,3,3,0,31,1,Popular,766722
253,3,2,0,19,0,Médio,1588189
290,2,3,0,11,0,Médio,1804820
214,5,3,3,22,0,Popular,1099963
276,1,2,1,29,0,Popular,1263474
265,2,3,2,10,1,Nobre,2509008
248,2,4,0,17,0,Popular,1157313
226,2,4,1,11,0,Médio,1486916
285,2,2,2,26,0,Popular,1322665
102,4,4,0,16,0,Popular,606601
47,5,2,3,35,0,Popular,334547
219,4,1,0,28,0,Popular,1017999
145,5,4,0,26,1,Médio,1107130
263,2,1,1,35,0,Popular,1201488
73,5,3,1,28,0,Popular,434764
77,4,3,2,19,0,Nobre,851265
44,4,3,1,10,0,Médio,433166
176,2,3,2,3,1,Médio,1286124
202,1,1,0,30,0,Médio,1113817
169,2,4,3,16,0,Médio,1177383
284,3,4,0,10,0,Médio,1833269
145,4,4,2,25,0,Popular,771515
234,4,3,1,26,0,Médio,1514912
69,4,2,3,24,0,Médio,584886
264,5,4,0,36,0,Popular,1302400
80,2,4,1,24,1,Popular,500110
115,2,1,1,31,1,Nobre,1110587
163,4,4,1,26,0,Nobre,1532594
233,5,3,3,36,0,Médio,1510088
185,2,4,1,11,0,Nobre,1690210
212,4,2,1,15,1,Médio,1505323
187,2,2,2,22,0,Popular,886555
226,5,4,0,39,0,Médio,1453179
126,5,3,1,31,1,Nobre,1364617
83,2,1,0,26,0,Médio,481899
284,3,1,3,18,0,Popular,1367534
290,4,3,0,8,0,Nobre,2621374
258,1,4,2,0,0,Popular,1260259
114,3,1,1,25,0,Nobre,960646
150,1,1,1,28,1,Médio,954107
151,3,1,2,34,0,Popular,679946
206,4,3,1,18,0,Médio,1371823
180,5,4,0,21,0,Médio,1228145
239,2,2,3,25,0,Popular,1149084
176,4,4,2,38,1,Médio,1272504
137,3,3,3,5,0,Popular,765408
259,1,3,3,7,0,Médio,1669892
193,4,3,2,36,0,Popular,929657
128,5,2,1,3,0,Médio,918825
254,5,3,1,27,0,Popular,1242931
93,5,3,0,35,0,Popular,490440
277,4,1,0,14,0,Nobre,2393065
145,3,3,0,37,0,Médio,882710
208,2,2,0,6,0,Popular,1015211
200,1,4,0,33,0,Médio,1169017
110,2,1,0,34,0,Popular,491789
283,3,3,2,31,1,Popular,1413585
86,3,3,2,3,0,Médio,683444
78,1,4,1,29,0,Médio,499131
129,5,3,2,0,0,Nobre,1423997
129,5,2,1,7,1,Médio,1068774
194,1,2,0,11,1,Popular,976715
229,5,3,1,38,0,Popular,1143315
275,5,2,0,30,1,Nobre,2530456
249,4,1,1,28,0,Popular,1179358
224,5,3,2,15,1,Popular,1268173
263,4,3,2,8,0,Nobre,2424682
92,3,2,2,38,0,Médio,601469
162,3,3,1,27,0,Médio,1063855
186,3,4,3,19,0,Popular,965828
84,5,3,3,8,0,Nobre,1073473
40,2,3,3,7,0,Popular,314428
51,1,1,3,25,0,Médio,341913
64,2,2,0,13,0,Médio,462384
131,3,4,2,31,0,Médio,890108
133,5,1,0,24,0,Médio,896098
105,2,3,0,11,0,Popular,572613
74,5,2,1,13,1,Popular,540954
272,1,3,2,21,0,Médio,1681266
226,1,3,3,36,0,Popular,1024465
207,5,2,2,21,0,Médio,1363179
275,5,2,3,20,1,Popular,1458826
190,3,4,2,22,0,Nobre,1722890
142,3,1,3,17,0,Nobre,1291301
209,2,4,3,26,0,Médio,1371080
129,5,1,0,22,0,Nobre,1209563
131,1,4,0,1,0,Popular,647198
77,5,3,1,1,1,Popular,614354
264,3,2,3,23,0,Nobre,2304081
265,5,3,2,18,0,Popular,1371986
168,2,3,0,33,0,Médio,988331
84,5,2,1,31,1,Popular,513125
49,1,4,1,23,0,Nobre,510968
248,3,1,3,4,0,Médio,1617582
185,2,1,0,3,1,Médio,1277890
230,1,2,0,10,0,Popular,1063722
203,5,4,0,9,1,Popular,1208241
99,5,3,0,13,0,Nobre,1068323
262,1,3,1,19,0,Popular,1246395
259,2,3,1,2,0,Médio,1677343
231,5,3,1,18,0,Nobre,2143196
54,1,4,2,34,1,Popular,367921
139,3,1,0,15,0,Popular,664780
122,2,1,2,12,1,Médio,876019
75,1,2,3,17,1,Médio,613744
191,3,2,2,33,0,Popular,870270
228,3,2,3,20,0,Popular,1141947
148,1,1,2,7,0,Popular,701413
285,5,4,2,26,1,Popular,1529283
217,4,1,0,16,0,Nobre,1917667
263,3,4,2,34,1,Médio,1734784
63,4,3,1,13,0,Popular,445136
66,2,4,2,7,0,Médio,554353
295,4,1,0,0,0,Popular,1452452
137,2,2,2,28,0,Popular,643078
248,5,2,0,29,0,Médio,1563265
284,3,1,3,16,0,Popular,1371047
120,1,1,0,19,0,Popular,546342
204,1,1,1,1,0,Nobre,1756476
196,3,2,0,17,0,Popular,964092
40,4,4,0,17,0,Médio,382839
267,4,2,1,15,0,Médio,1721106
95,1,1,3,17,0,Médio,622414
118,2,3,1,29,0,Médio,758224
110,2,2,2,39,0,Médio,654945
48,3,3,3,5,0,Nobre,681621
104,1,1,3,6,0,Médio,678420
61,3,4,1,28,0,Médio,439260
70,2,3,1,16,0,Médio,488624
96,4,2,2,0,1,Médio,893416
218,1,3,0,15,0,Nobre,1840658
104,4,2,3,16,1,Nobre,1217488
220,4,3,1,3,0,Médio,1525890
164,1,1,3,5,0,Médio,1060922
168,5,2,1,18,0,Médio,1141544
148,3,1,0,1,0,Popular,754025
126,5,2,2,14,0,Médio,963161
110,3,2,3,30,1,Popular,597360
40,5,2,3,31,1,Médio,504097
165,4,1,0,9,1,Médio,1211888
243,1,4,2,26,0,Popular,1105467
166,4,2,2,12,0,Médio,1094133
242,2,1,0,37,0,Médio,1388146
255,5,1,1,31,0,Popular,1196380
176,4,1,0,29,0,Médio,1108818
191,2,1,0,17,0,Popular,887436
84,2,1,0,13,0,Popular,432500
244,3,3,3,36,1,Popular,1257860
65,1,2,1,27,0,Nobre,500184
115,1,4,2,2,0,Nobre,1149961
239,4,4,0,6,0,Médio,1594859
157,2,4,0,38,0,Médio,952718
110,1,2,2,25,0,Popular,515170
102,3,4,3,25,1,Médio,890646
88,4,2,3,32,0,Popular,467282
105,2,1,2,14,0,Popular,526569
169,4,4,2,2,0,Médio,1231920
201,4,1,1,5,0,Popular,1043887
57,4,4,2,29,0,Popular,422247
123,3,1,2,36,0,Nobre,1072839
50,3,2,0,22,0,Popular,272359
193,5,4,0,10,0,Nobre,1858354
74,2,4,1,33,0,Médio,492509
296,4,3,3,12,0,Médio,1925504
160,4,2,0,18,1,Médio,1132810
179,1,2,3,10,0,Médio,1148341
251,4,1,1,11,0,Nobre,2232669
275,2,2,2,19,1,Médio,1806345
168,2,2,1,21,0,Nobre,1443285
281,3,2,3,7,0,Popular,1388594
96,1,3,1,27,0,Nobre,805599
149,1,4,1,31,1,Médio,1004402
265,1,4,3,22,0,Popular,1294051
57,1,1,1,19,0,Médio,338948
285,2,2,1,23,0,Nobre,2371337
216,3,2,1,25,1,Médio,1418019
128,4,2,2,17,0,Médio,885362
179,2,1,0,7,0,Médio,1131934
221,5,3,0,2,1,Médio,1604241
147,4,2,0,36,0,Popular,708192
127,4,4,2,39,0,Nobre,1208701
208,5,2,1,14,0,Nobre,1908645
79,4,4,2,14,0,Médio,640698
65,5,1,2,28,0,Popular,386602
258,5,3,2,15,0,Nobre,2395669
129,5,4,3,32,0,Médio,962295
283,4,4,2,4,1,Popular,1526942
97,3,2,1,3,0,Popular,494163
144,5,4,2,9,0,Popular,829239
221,3,2,3,3,1,Popular,1181541
254,4,2,3,36,0,Nobre,2191475
144,4,1,0,14,0,Nobre,1293913
155,5,2,1,0,0,Popular,858347
213,2,2,2,25,0,Médio,1305054
189,4,1,2,8,0,Popular,973270
207,3,3,1,23,0,Popular,1043812
224,5,3,2,3,1,Popular,1315880
153,1,2,2,11,0,Médio,966708
83,2,3,1,19,0,Nobre,758361
76,5,3,1,17,0,Médio,639896
58,5,4,2,3,0,Nobre,853741
270,5,2,1,9,0,Nobre,2453808
218,5,4,0,27,1,Médio,1545375
184,5,2,0,30,0,Nobre,1646637
210,3,4,1,32,0,Médio,1359043
147,2,3,1,0,0,Médio,1017275
131,4,4,1,24,1,Popular,760563
132,3,4,0,0,0,Nobre,1345892
266,1,4,2,24,0,Médio,1618263
148,2,1,3,22,0,Popular,692479
126,1,1,0,1,1,Médio,932836
56,3,3,1,35,0,Popular,330393
285,3,3,0,38,0,Popular,1366731
235,3,4,1,4,0,Nobre,2170889
249,1,2,3,10,0,Popular,1175477
227,5,3,1,26,0,Nobre,2027296
252,1,1,0,9,0,Popular,1157786
185,3,4,1,38,1,Popular,1020424
111,2,3,3,17,0,Popular,629776
239,3,3,1,4,0,Médio,1580651
206,4,4,0,27,0,Médio,1318525
205,4,3,3,24,0,Popular,1071088
179,2,1,3,37,0,Médio,1064543
147,2,1,3,6,0,Médio,1005985
291,3,3,2,33,0,Médio,1777514
83,2,1,1,31,0,Popular,389665
113,3,3,0,11,0,Popular,620793
177,1,4,1,18,0,Médio,1111620
258,5,3,0,23,1,Nobre,2423829
207,3,3,3,24,0,Nobre,1823598
180,3,2,0,35,0,Popular,799076
210,3,2,1,2,0,Médio,1363577
255,5,4,2,38,0,Popular,1296306
96,5,3,2,4,0,Médio,862477
156,2,2,3,33,0,Popular,705328
109,1,3,3,19,0,Popular,548985
238,1,1,2,5,0,Popular,1138489
253,4,1,2,28,0,Médio,1585286
153,5,3,1,37,0,Nobre,1378672
118,2,3,3,17,0,Popular,628348
202,2,4,1,29,0,Popular,967840
270,5,4,3,26,0,Médio,1814884
167,2,3,0,37,0,Nobre,1372458
87,3,1,3,28,1,Popular,540101
78,4,2,2,28,1,Popular,542601
60,2,3,3,10,0,Nobre,711856
138,3,3,3,38,0,Médio,871029
249,4,1,3,9,0,Médio,1635987
227,5,3,1,11,0,Nobre,2145795
257,5,1,0,25,0,Popular,1231999
111,5,2,2,15,0,Médio,805477
188,2,2,2,37,0,Médio,1077941
213,1,3,3,7,0,Médio,1348852
287,4,4,1,30,0,Médio,1804463
133,2,2,0,15,1,Popular,738486
271,5,4,1,27,0,Popular,1358464
264,1,1,0,26,0,Popular,1180941
259,5,1,1,6,0,Popular,1333472
97,2,1,0,26,1,Médio,681814
92,2,2,1,17,1,Popular,575176
142,4,1,0,16,0,Popular,730119
255,4,1,1,12,0,Popular,1261305
74,4,4,3,39,0,Médio,564763
288,2,3,0,14,0,Nobre,2447827
114,2,2,2,22,1,Médio,853475
200,5,4,2,1,1,Popular,1191452
171,4,2,0,35,0,Médio,1047915
75,1,3,0,15,0,Médio,491583
167,3,2,3,36,0,Popular,835433
61,2,1,3,38,0,Popular,258276
129,5,1,3,30,0,Médio,868819
215,3,1,2,38,0,Nobre,1770587
41,3,1,2,36,1,Médio,348744
51,3,1,0,31,1,Popular,323848
176,1,1,3,35,1,Popular,836799
209,5,3,0,3,0,Popular,1090197
211,3,2,2,37,0,Nobre,1801437
235,1,4,3,36,0,Médio,1419237
108,5,1,1,31,0,Médio,745641
224,5,2,0,25,0,Médio,1425124
107,1,3,0,38,1,Nobre,975126
211,4,3,1,31,0,Nobre,1864957
97,2,4,1,24,0,Médio,668146
42,2,1,1,23,0,Médio,254603
225,1,2,3,35,0,Médio,1306757
143,4,2,3,21,0,Médio,986826
294,5,4,1,7,1,Nobre,2882383
246,3,3,2,39,0,Médio,1493866
122,2,2,0,38,0,Popular,532739
55,2,4,3,7,0,Médio,516290
216,2,1,1,14,1,Médio,1412515
281,5,2,1,15,0,Médio,1761715
215,1,1,1,1,1,Nobre,2014972
111,4,2,0,28,0,Nobre,1010085
285,2,3,3,34,0,Nobre,2384102
128,5,1,0,9,0,Popular,693597
118,4,2,0,12,1,Nobre,1284704
159,3,2,2,18,0,Nobre,1431166
172,3,3,0,29,0,Nobre,1495334
212,3,2,3,10,0,Popular,1057072
182,4,3,1,15,1,Nobre,1824072
254,2,2,2,39,0,Popular,1130554
295,1,4,0,2,0,Nobre,2535856
237,4,4,3,16,1,Popular,1321007
283,3,4,2,11,0,Médio,1802559
200,5,3,3,30,0,Popular,1061683
144,3,3,1,38,0,Popular,711122
187,2,1,1,31,0,Popular,855501
264,1,3,0,12,0,Médio,1612744
133,5,2,1,38,0,Nobre,1204188
108,1,4,3,19,0,Popular,593579
78,1,2,3,31,0,Popular,365374
211,1,4,1,22,0,Médio,1328235
253,1,2,3,17,0,Nobre,2135600
129,5,4,2,15,0,Popular,787087
118,1,1,0,20,1,Médio,782145
225,5,4,1,18,0,Popular,1165139
270,2,1,0,31,0,Médio,1588654
258,3,4,0,33,0,Popular,1207810
292,1,4,2,15,1,Popular,1467088
51,3,1,0,35,0,Popular,199165
192,2,1,3,37,0,Médio,1137753
94,1,1,1,33,0,Médio,525236
238,2,3,3,30,0,Popular,1155248
271,4,4,1,23,1,Nobre,2580404
76,2,1,3,34,1,Popular,437023
125,3,2,0,27,0,Nobre,1102557
139,3,4,2,30,0,Popular,733895
68,2,3,1,1,0,Médio,532208
98,2,3,2,27,0,Popular,508254
178,5,2,2,13,0,Médio,1241755
220,4,3,2,24,0,Médio,1452735
250,5,4,3,31,0,Popular,1278983
48,1,3,2,36,0,Popular,195307
282,1,4,0,30,0,Médio,1653409
276,2,2,2,22,0,Médio,1690757
261,4,2,3,29,1,Médio,1745309
268,2,4,2,14,0,Popular,1308713
83,4,1,2,27,0,Popular,449071
273,3,4,0,27,0,Popular,1327432
259,2,2,0,7,0,Nobre,2215220
142,2,1,0,33,0,Médio,801667
229,4,3,1,37,1,Médio,1565842
195,5,3,3,30,0,Nobre,1794279
122,4,3,3,2,0,Médio,940854
97,1,4,2,17,0,Popular,501388
117,4,1,2,38,0,Popular,572479
186,4,1,2,13,0,Popular,941562
61,3,1,0,17,1,Médio,546154
261,2,1,2,1,0,Nobre,2247199
275,5,2,3,32,1,Popular,1439304
194,1,3,3,32,0,Popular,933063
96,2,2,0,22,0,Nobre,849415
291,2,2,1,10,0,Popular,1374656
202,1,2,1,7,0,Popular,973281
275,1,1,2,15,0,Popular,1222103
152,5,1,0,20,0,Médio,991517
278,2,1,0,2,0,Nobre,2392774
216,1,1,2,35,0,Popular,937362
95,4,1,1,11,0,Médio,699430
274,4,4,3,6,0,Nobre,2598766
142,4,3,3,38,1,Nobre,1479871
271,1,1,1,12,0,Popular,1212621
180,5,2,3,26,0,Médio,1220394
72,4,2,3,36,0,Nobre,735450
195,3,1,2,34,1,Médio,1304380
106,5,3,0,21,0,Médio,801111
243,3,4,3,22,1,Médio,1713372
103,3,2,0,19,1,Médio,780420
77,5,1,0,35,0,Popular,402414
118,1,3,1,11,0,Médio,759780
275,3,4,2,33,0,Médio,1740654
249,1,4,1,25,0,Médio,1515859
131,3,4,0,22,0,Popular,648031
85,3,4,2,13,0,Médio,676960
162,4,2,1,6,0,Popular,872100
62,1,1,2,37,0,Nobre,470393
84,4,3,2,35,0,Popular,475528
229,2,4,0,16,0,Médio,1451184
121,5,3,3,18,1,Popular,774594
279,2,4,3,38,0,Popular,1321912
168,1,4,0,36,1,Médio,1088708
166,2,1,0,29,0,Nobre,1310963
259,1,1,2,18,0,Popular,1206470
119,1,4,1,6,0,Nobre,1160068
54,1,3,1,38,0,Médio,324941
55,5,1,0,20,0,Nobre,633578
242,5,2,2,38,1,Médio,1628551
233,3,4,1,5,1,Nobre,2294215
192,1,3,0,5,0,Médio,1174554
91,3,2,0,13,0,Médio,639087
192,2,3,1,4,0,Nobre,1765089
188,5,2,0,24,0,Médio,1205952
188,4,1,3,7,0,Nobre,1764875
105,4,2,1,21,0,Médio,733839
191,3,3,2,29,0,Nobre,1720777
51,4,4,0,16,0,Médio,418169
255,4,3,2,22,0,Médio,1692894
173,1,2,1,21,0,Médio,1011829
255,5,2,1,34,0,Nobre,2216956
75,2,4,1,10,0,Médio,606334
180,2,1,1,23,0,Médio,1077209
292,1,2,3,1,0,Médio,1850491
242,5,4,3,9,0,Nobre,2338834
110,2,2,3,23,0,Médio,703587
133,2,1,2,0,0,Médio,899087
252,4,1,2,20,0,Popular,1212832
242,4,3,2,12,0,Médio,1617349
65,2,4,1,0,0,Nobre,789964
225,2,4,0,2,0,Médio,1446488
243,2,2,3,31,0,Médio,1504331
145,2,1,1,38,0,Popular,605526
61,2,2,0,0,1,Médio,586576
144,2,4,1,38,0,Popular,692576
165,5,4,0,36,1,Médio,1209913
253,5,1,0,1,1,Médio,1757025
121,3,1,1,23,0,Médio,752344
292,3,4,1,32,0,Médio,1822085
74,1,3,0,9,1,Médio,578160
80,4,1,2,5,0,Nobre,867154
99,5,1,0,5,0,Nobre,1081281
203,4,1,2,7,0,Popular,1070753
67,4,2,3,21,0,Nobre,773796
206,2,1,2,20,0,Popular,935012
177,1,2,3,32,0,Nobre,1447718
40,5,4,2,27,1,Popular,381405
146,1,1,1,12,0,Médio,898090
120,1,2,3,20,0,Popular,543271
237,1,3,3,8,0,Popular,1176107
254,4,2,1,9,1,Popular,1349689
169,2,4,1,15,0,Médio,1130946
85,5,2,2,37,0,Popular,475464
217,2,2,1,29,1,Popular,1055386
235,2,3,3,38,1,Médio,1493691
280,5,3,3,29,1,Médio,1901667
58,2,2,0,35,0,Popular,247383
233,1,4,0,34,0,Médio,1353657
151,2,2,3,39,0,Popular,680130
232,1,2,2,3,0,Nobre,1999105
292,1,3,0,17,1,Médio,1851726
70,2,4,1,17,0,Popular,380217
267,1,2,2,8,0,Médio,1662317
204,3,4,2,10,0,Médio,1364609
133,4,4,3,26,0,Médio,965396
178,5,1,0,3,0,Médio,1189241
78,4,2,2,23,1,Médio,715266
67,5,2,1,21,0,Médio,545364
182,1,1,3,29,0,Médio,1073396
151,2,1,3,7,0,Médio,1001809
98,5,1,2,32,1,Nobre,1110885
294,4,2,2,13,1,Nobre,2736138
273,1,2,3,10,0,Popular,1296353
91,1,3,1,21,0,Nobre,812311
172,5,1,3,15,0,Nobre,1653680
232,3,2,1,13,1,Médio,1615220
150,1,3,0,26,0,Popular,681156
122,1,4,0,14,0,Popular,596081
170,1,2,0,38,0,Médio,937069
290,5,4,0,12,0,Popular,1478624
232,2,3,2,8,0,Médio,1529964
246,3,4,1,3,0,Popular,1233851
187,1,1,3,10,1,Popular,994549
268,4,1,3,20,0,Médio,1732025
216,1,1,0,7,1,Popular,1062712
186,1,2,1,15,1,Popular,953130
211,5,4,2,14,0,Médio,1489951
113,3,3,0,7,0,Médio,806139
102,1,1,1,16,0,Popular,457944
246,5,4,1,18,0,Médio,1621895
112,4,4,3,0,0,Popular,730962
268,5,2,2,37,0,Nobre,2334358
144,2,2,3,38,0,Popular,635525
106,2,3,2,20,0,Nobre,1012191
148,5,4,3,21,1,Médio,1239780
261,1,4,1,17,0,Médio,1594501
125,2,3,0,8,1,Médio,953983
225,3,3,0,20,0,Popular,1094528
135,5,1,0,31,0,Popular,678969
262,5,2,1,14,1,Médio,1777504
65,2,4,0,8,0,Médio,504906
226,4,2,3,12,1,Popular,1228479
65,5,4,1,17,0,Médio,619245
107,4,1,0,28,0,Médio,662243
128,1,2,1,7,0,Médio,818644
221,1,1,3,38,1,Popular,1054687
77,2,3,3,25,1,Popular,473553
216,1,3,1,4,0,Médio,1394003
62,5,4,1,37,0,Popular,385547
283,3,3,0,14,0,Popular,1380084
260,1,2,3,17,0,Popular,1218202
142,4,2,0,30,0,Popular,682643
256,2,4,1,6,0,Médio,1662436
204,3,3,2,14,0,Nobre,1873810
113,3,2,0,35,1,Nobre,1096365
60,5,1,2,10,0,Médio,529198
265,2,4,1,16,0,Popular,1238399
296,1,3,0,37,0,Popular,1319994
197,1,1,3,7,1,Médio,1357100
108,1,1,0,0,0,Nobre,951295
41,1,4,0,35,0,Médio,227538
170,3,1,1,3,0,Popular,892566
178,4,2,3,15,0,Médio,1209691
127,1,2,3,16,0,Médio,828547
253,2,1,1,30,0,Médio,1475832
71,1,3,0,34,0,Popular,330483
198,3,4,3,35,1,Popular,1041010
56,5,3,1,34,0,Médio,471349
76,1,3,3,15,0,Popular,422290
267,3,2,0,25,0,Nobre,2241790
207,5,1,0,12,0,Popular,1080878
41,2,4,3,12,0,Popular,263794
46,1,3,0,39,0,Nobre,352983
297,2,2,2,30,0,Nobre,2456762
215,4,1,2,15,0,Nobre,1896111
173,3,1,0,16,0,Médio,1046587
98,4,3,1,23,0,Médio,690294
129,4,3,0,11,0,Popular,722872
106,5,1,3,31,0,Popular,586695
107,2,4,0,3,0,Médio,755289
225,3,4,0,2,0,Nobre,2092052
128,1,4,0,28,0,Popular,610207
215,3,3,0,22,0,Nobre,1856487
262,5,2,0,34,0,Médio,1625989
283,5,2,2,21,0,Nobre,2520109
181,4,4,0,12,1,Nobre,1876027
200,5,1,1,30,1,Médio,1395353
85,1,1,3,9,0,Médio,571231
126,5,4,0,32,1,Nobre,1374150
159,3,1,3,6,0,Popular,845457
135,5,3,0,4,1,Nobre,1504231
171,2,1,0,4,0,Popular,804931
200,1,4,3,15,1,Popular,1092122
257,2,2,2,11,0,Médio,1634398
145,3,4,3,13,0,Médio,1025106
281,1,1,1,6,0,Popular,1299649
124,4,4,1,36,0,Popular,656638
297,3,2,3,28,0,Médio,1851611
126,3,2,1,35,1,Médio,876696
160,1,3,0,3,0,Nobre,1441722
110,1,3,2,11,0,Nobre,1051377
96,4,2,1,18,1,Médio,778804
229,4,3,3,15,0,Médio,1559084
188,1,1,0,26,0,Médio,1103008
162,1,1,3,5,1,Popular,864117
119,2,1,1,0,1,Popular,714274
217,5,3,0,17,1,Nobre,2122937
77,1,3,1,24,1,Médio,596998
115,1,1,3,26,0,Nobre,949220
208,3,3,0,21,0,Nobre,1840601
78,3,4,0,16,0,Nobre,821712
236,3,3,2,29,0,Popular,1161401
80,2,3,3,36,0,Médio,535735
254,4,1,0,1,0,Popular,1261864
175,3,1,0,11,0,Médio,1127860
164,1,3,1,6,0,Nobre,1444168
128,3,4,0,1,1,Médio,1017602
116,5,3,1,7,0,Médio,934917
196,5,1,0,22,1,Popular,1059610
267,3,3,3,2,0,Médio,1753236
259,1,3,2,2,0,Nobre,2296244
274,3,1,1,15,0,Popular,1273769
214,4,2,2,30,1,Popular,1154733
245,4,2,1,9,0,Nobre,2215685
163,3,1,3,31,0,Nobre,1412193
79,3,1,2,7,0,Nobre,787630
134,5,1,1,18,0,Popular,690262
151,4,1,3,25,1,Nobre,1512971
228,2,2,0,35,0,Médio,1290059
272,4,2,0,21,1,Médio,1797854
215,5,3,2,6,0,Popular,1156222
94,3,1,0,22,0,Médio,583256
289,3,3,1,18,0,Médio,1792507
212,5,2,1,5,0,Nobre,1963318
125,5,1,0,0,0,Popular,702581
72,4,2,2,26,0,Popular,403539
183,5,1,1,12,0,Popular,931085
198,4,4,1,17,0,Popular,1029329
95,5,3,3,1,1,Nobre,1277640
146,2,1,1,38,0,Médio,829398
64,4,2,2,3,0,Médio,546633
214,1,3,0,21,0,Popular,993398
289,5,3,2,1,0,Nobre,2722860
295,3,2,3,17,0,Popular,1453660
99,3,3,0,1,0,Médio,722072
271,1,3,2,30,0,Popular,1217992
241,2,2,3,8,0,Nobre,2156150
174,1,4,2,16,0,Médio,1099959
43,1,4,1,37,0,Popular,241642
255,4,3,2,12,1,Popular,1343396
280,1,3,2,34,0,Médio,1642859
60,4,3,1,32,0,Popular,346870
274,3,3,2,0,0,Médio,1827489
240,5,2,2,28,0,Médio,1536445
90,1,4,2,0,0,Médio,695048
207,1,4,1,35,0,Médio,1214390
58,5,1,0,5,1,Popular,454699
279,2,2,0,16,0,Popular,1329828
196,2,4,2,6,0,Médio,1332365
77,3,2,2,15,0,Nobre,791953
283,4,4,0,4,0,Médio,1880986
68,2,3,1,36,1,Médio,511416
116,5,1,2,26,0,Popular,625135
230,5,3,0,7,1,Médio,1644372
41,2,1,1,33,0,Popular,163881
288,2,4,0,29,0,Popular,1332525
41,3,2,0,13,0,Médio,339072
202,4,2,3,7,0,Médio,1401696
241,3,4,3,9,0,Popular,1242878
201,5,4,0,7,1,Popular,1132836
288,5,1,2,20,0,Popular,1441379
49,3,4,2,16,0,Nobre,648178
134,3,1,3,11,0,Popular,716857
64,1,4,2,11,0,Médio,473882
172,1,2,3,38,0,Popular,766134
165,3,1,0,1,0,Popular,875916
114,2,1,1,1,0,Nobre,1032001
225,2,4,2,9,0,Médio,1460382
153,4,1,3,35,0,Nobre,1350464
134,2,4,3,21,0,Popular,686905
298,4,2,0,0,0,Nobre,2662204
111,3,4,3,6,1,Médio,981781
53,2,4,1,16,0,Popular,308540
105,1,4,2,15,0,Médio,707812
162,2,1,0,35,0,Médio,916164
297,5,2,0,21,0,Popular,1445896
177,2,1,1,9,0,Nobre,1547865
230,3,4,2,24,0,Médio,1491544
218,4,3,1,33,0,Médio,1382514
98,5,3,1,24,0,Médio,713968
222,3,2,2,28,0,Nobre,1888411
158,4,1,1,0,0,Médio,1077979
110,1,1,0,9,0,Popular,506275
249,2,1,1,15,0,Médio,1524677
74,1,2,0,12,0,Médio,509236
40,1,2,2,9,1,Nobre,564726
151,3,2,2,11,0,Nobre,1444068
73,5,3,2,0,0,Médio,696552
292,5,4,1,31,0,Médio,1840056
108,4,2,1,34,0,Médio,712371
93,5,3,0,36,0,Nobre,906338
219,4,4,3,29,0,Médio,1478608
174,1,4,3,30,0,Nobre,1508639
147,3,3,1,38,0,Médio,919299
68,2,1,0,35,0,Médio,399586
134,1,1,0,32,0,Popular,576781
164,4,1,1,12,1,Médio,1204672
59,2,4,3,23,0,Médio,483235
207,2,2,0,38,0,Médio,1220819
86,5,4,0,21,0,Popular,537101
209,3,2,1,12,1,Nobre,1950809
291,3,3,0,26,0,Popular,1384637
133,5,3,0,15,0,Médio,921354
79,5,2,0,3,1,Médio,795202
146,4,1,2,15,0,Nobre,1366831
70,4,4,2,33,0,Nobre,743671
274,1,1,0,5,0,Nobre,2278718
63,1,4,3,15,0,Médio,486526
110,3,1,0,30,0,Médio,697800
138,2,2,1,10,0,Médio,912634
84,3,3,3,29,0,Médio,558136
131,5,1,3,6,0,Nobre,1341871
151,3,4,1,39,0,Nobre,1344753
230,5,1,1,25,0,Nobre,2024619
57,4,2,2,0,0,Nobre,772206
74,3,4,1,7,0,Médio,621507
181,4,4,1,5,0,Popular,963298
90,3,1,0,31,1,Popular,500083
67,5,3,3,26,0,Popular,416625
284,5,1,3,24,0,Médio,1794638
121,1,3,2,12,1,Popular,681675
224,2,3,3,32,0,Médio,1410228
221,3,1,1,38,0,Médio,1321499
154,1,4,1,15,0,Popular,772215
257,1,2,0,38,1,Popular,1216553
116,4,1,3,14,0,Popular,648707
115,4,4,0,39,1,Nobre,1198996
194,1,4,1,3,0,Popular,1017096
285,5,3,2,5,0,Médio,1936107
164,1,1,2,10,0,Médio,991403
96,5,2,2,19,0,Popular,553023
101,5,1,1,6,0,Popular,623745
188,1,3,2,34,0,Médio,1117391
224,2,3,3,13,1,Médio,1558616
236,3,4,2,35,0,Nobre,2081570
260,4,4,2,28,0,Médio,1650456
54,2,3,3,26,0,Médio,381813
91,1,1,0,6,0,Médio,548542
259,1,2,1,3,0,Popular,1218423
281,5,2,2,17,0,Popular,1396423
170,1,4,3,30,0,Médio,1061094
144,1,1,2,2,1,Popular,806395
290,3,1,0,8,0,Médio,1787491
220,2,3,1,9,1,Médio,1498930
223,1,2,3,22,1,Nobre,2030132
186,4,2,2,28,0,Popular,951039
91,4,2,3,28,0,Popular,511676
285,2,2,0,32,0,Nobre,2324109
182,3,3,1,23,0,Popular,929262
52,1,1,0,33,0,Nobre,316411
188,3,4,2,13,0,Médio,1312197
171,4,3,1,15,1,Médio,1281020
249,3,4,1,9,0,Médio,1613560
106,2,3,3,16,0,Popular,584719
67,3,4,1,21,0,Médio,506867
209,1,4,1,27,0,Médio,1278441
266,1,4,0,9,0,Médio,1662475
253,4,1,0,26,1,Médio,1664691
99,2,2,3,34,1,Nobre,988168
72,4,1,3,36,1,Nobre,865519
264,4,4,3,23,0,Popular,1359542
52,3,4,1,7,0,Popular,374550
82,5,1,2,27,0,Popular,472705
54,2,1,2,11,0,Popular,312114
93,2,3,3,37,0,Popular,449221
86,5,2,3,30,1,Popular,600443
116,5,2,0,16,1,Nobre,1313319
98,4,4,2,5,0,Nobre,1138767
261,4,4,1,28,0,Médio,1660572
156,2,3,2,34,0,Nobre,1331074
151,2,4,2,17,0,Médio,1052183
250,4,4,1,38,1,Médio,1676460
172,1,4,1,15,0,Médio,1122160
194,4,1,0,19,0,Popular,906730
63,2,4,2,31,0,Popular,369962
223,3,2,1,17,1,Popular,1217338
284,1,1,3,12,1,Popular,1408943
64,2,4,3,17,0,Médio,525387
52,1,1,3,13,0,Popular,266153
58,4,2,0,29,0,Nobre,590520
85,3,2,0,7,0,Médio,638845
214,2,1,2,10,0,Popular,1038188
148,2,1,0,32,0,Nobre,1168676
269,4,1,2,3,0,Popular,1339413
48,1,4,1,32,0,Nobre,440930
180,3,4,3,13,0,Médio,1254478
297,2,4,3,30,0,Nobre,2555744
280,5,3,3,24,0,Médio,1832858
289,1,3,1,11,0,Médio,1779561
102,2,2,3,39,0,Médio,654840
267,4,1,2,21,1,Popular,1357274
218,5,3,0,27,0,Popular,1069220
205,5,1,3,33,0,Nobre,1827042
217,2,3,1,14,0,Médio,1375350
164,1,1,0,37,0,Médio,889893
107,5,3,0,29,0,Popular,608428
116,4,1,2,8,0,Médio,864434
50,4,4,2,13,1,Médio,549172
218,5,4,2,27,0,Médio,1493074
148,1,4,0,31,1,Médio,985612
73,1,4,0,19,0,Popular,411542
200,1,1,2,32,1,Popular,978534
149,3,3,1,18,1,Médio,1127156
123,3,2,2,33,0,Popular,632281
285,3,1,0,19,0,Popular,1309025
285,1,2,0,11,0,Popular,1310037
65,5,2,3,35,1,Nobre,834552
222,3,2,1,13,1,Popular,1179913
101,3,3,2,23,0,Popular,546647
55,2,2,0,8,1,Popular,373925
191,2,4,3,22,0,Nobre,1733223
180,5,2,2,0,0,Médio,1313688
282,5,4,3,17,0,Médio,1904480
150,5,1,3,22,0,Médio,1014166
206,2,3,1,15,0,Popular,1007128
104,5,1,0,28,1,Popular,623382
101,4,3,2,7,0,Popular,606189
292,1,3,0,31,0,Nobre,2403410
287,4,1,0,3,0,Médio,1793016
177,4,1,2,25,0,Médio,1149718
241,2,2,0,9,0,Médio,1488913
134,1,1,0,1,0,Médio,814133
107,5,4,2,4,0,Popular,692325
201,1,2,1,13,0,Popular,939859
104,5,1,3,6,0,Popular,637551
101,3,1,0,19,0,Popular,505838
42,1,1,2,25,0,Médio,279102
159,3,1,0,12,1,Nobre,1595794
49,4,1,1,5,0,Médio,411469
215,3,2,0,9,1,Médio,1465112
170,1,1,1,2,0,Médio,1108547
49,1,1,0,34,0,Médio,221846
207,5,4,1,34,0,Popular,1017303
221,3,3,2,11,0,Médio,1445222
298,3,4,3,22,0,Médio,1902776
146,4,3,3,26,0,Popular,803796
253,4,1,1,17,0,Popular,1247450
76,5,2,0,26,0,Médio,552908
69,3,2,3,37,0,Médio,453324
254,5,3,2,2,0,Popular,1355597
215,5,1,3,13,0,Médio,1461727
55,5,4,0,3,0,Médio,580807
279,1,4,1,35,0,Médio,1657747
95,2,3,3,12,0,Médio,711132
108,5,2,1,2,1,Popular,735796
75,1,3,0,26,0,Popular,362428
56,3,4,3,36,0,Médio,435313
219,5,3,3,16,1,Popular,1253500
44,2,3,2,16,1,Nobre,630820
181,1,3,2,28,0,Popular,831394
109,2,2,1,3,0,Nobre,1056779
176,3,2,3,26,0,Nobre,1591833
257,1,2,3,8,1,Popular,1321407
289,1,2,2,38,1,Médio,1769257
105,5,4,1,31,0,Médio,767574
81,5,4,3,14,0,Médio,750928
88,3,3,0,38,0,Médio,554265
46,3,1,1,6,0,Médio,376132
287,1,2,2,3,0,Popular,1374397
298,3,3,3,16,0,Popular,1460302
269,4,1,1,19,0,Popular,1281655
68,5,1,2,1,0,Médio,627795
71,1,1,1,24,0,Popular,315164
195,2,4,1,4,1,Popular,1060233
248,5,2,0,19,0,Popular,1249932
151,2,3,1,22,1,Popular,845692
281,5,2,3,35,1,Popular,1494751
55,3,4,3,9,0,Nobre,709670
273,2,1,3,0,0,Médio,1757739
48,3,1,3,4,0,Popular,373372
269,3,4,0,15,0,Popular,1312935
214,3,4,3,9,0,Médio,1505960
278,5,1,1,27,0,Médio,1741127
146,5,4,0,17,1,Nobre,1617293
46,2,1,1,2,0,Médio,367872
116,2,3,0,16,0,Popular,559126
155,2,1,3,38,1,Popular,803580
257,4,1,3,27,0,Popular,1234058
114,1,3,2,8,0,Médio,763506
106,5,3,3,31,0,Médio,770508
145,4,4,2,0,1,Médio,1171113
105,5,1,0,19,0,Médio,762076
47,1,3,3,20,0,Médio,365627
207,1,3,2,0,0,Popular,1031694
189,2,2,2,16,0,Popular,909997
101,5,4,1,2,0,Popular,651332
79,5,2,1,39,0,Médio,535800
276,2,1,1,9,0,Popular,1323285
90,4,2,2,7,0,Popular,560845
146,3,1,1,16,0,Popular,689100
154,1,1,0,2,0,Nobre,1304361
215,1,3,3,39,0,Médio,1286613
126,2,3,0,2,1,Médio,955175
217,3,4,3,16,0,Popular,1094463
74,1,1,2,28,0,Popular,330582
115,2,3,0,23,0,Nobre,1025849
45,5,1,1,35,0,Popular,247117
245,2,1,3,26,0,Popular,1151844
122,5,3,1,21,0,Médio,947056
214,4,2,2,6,0,Popular,1100765
52,3,2,1,17,0,Popular,318270
129,1,3,1,2,0,Nobre,1230099
79,4,4,2,0,1,Médio,778234
155,4,4,2,26,0,Popular,828419
49,5,2,1,21,1,Popular,420175
143,2,1,1,36,0,Médio,827487
53,5,1,1,4,0,Popular,370499
291,1,2,1,15,0,Popular,1340958
268,3,2,3,22,0,Médio,1720455
165,4,4,3,30,0,Popular,895785
244,1,3,3,36,0,Popular,1136037
161,4,3,3,37,0,Popular,837068
179,1,3,1,10,0,Médio,1135626
173,5,4,2,34,0,Nobre,1629890
159,3,3,2,17,0,Nobre,1475026
284,4,3,3,16,1,Popular,1495568
89,4,1,3,26,0,Popular,487602
176,4,1,3,1,0,Médio,1240477
288,5,3,2,35,0,Médio,1842953
191,4,2,1,24,0,Médio,1246346
235,2,3,0,35,0,Popular,1101838
263,3,4,1,36,0,Médio,1585083
267,5,2,0,15,1,Nobre,2516388
57,2,4,0,15,0,Popular,357773
44,2,2,0,35,0,Nobre,334472
125,3,3,1,11,0,Nobre,1221105
224,2,4,2,8,1,Popular,1199464
110,5,2,1,7,0,Popular,616900
283,2,2,2,36,0,Popular,1268414
146,4,2,1,18,0,Popular,759466
259,2,3,0,23,0,Médio,1541180
73,5,4,3,15,0,Popular,528272
100,4,2,3,17,1,Médio,831342
219,5,2,0,8,0,Nobre,2016850
115,5,2,0,31,0,Nobre,1112534
183,4,4,3,22,1,Popular,1036502
117,4,1,3,14,0,Popular,689372
152,1,1,0,26,0,Médio,856206
190,4,3,2,14,0,Médio,1291000
119,5,2,0,11,0,Popular,643722
92,4,2,1,27,0,Médio,662211
133,2,3,2,25,0,Popular,689473
250,5,2,0,26,0,Médio,1571443
67,4,1,0,38,0,Popular,340154
98,2,3,2,36,1,Médio,689033
201,5,2,2,22,0,Médio,1330671
186,3,4,2,38,0,Popular,951326
81,5,2,3,16,1,Nobre,1080060
222,4,2,0,13,0,Nobre,1996002
141,1,3,3,3,0,Nobre,1341700
159,5,1,1,29,0,Médio,1040666
270,4,4,2,33,0,Médio,1738812
280,3,4,1,32,1,Popular,1386267
108,1,4,1,7,0,Nobre,1028169
239,5,3,2,27,0,Nobre,2225244
116,4,3,0,36,0,Popular,564747
185,4,3,0,7,0,Médio,1248880
253,4,1,3,1,1,Nobre,2460953
282,4,2,2,6,0,Nobre,2532404
273,1,4,2,23,0,Popular,1322099
247,4,4,3,8,1,Nobre,2498738
230,2,3,0,35,0,Nobre,1896369
229,4,2,2,22,0,Popular,1136396
85,1,1,2,29,0,Médio,494863
66,2,1,3,38,0,Popular,289185
278,5,2,3,1,1,Médio,1995360
80,4,4,3,29,1,Médio,721782
198,2,1,1,7,1,Popular,1059057
217,3,4,0,3,0,Popular,1127410
92,4,4,3,27,0,Popular,560730
288,3,4,0,38,1,Médio,1852237
287,1,4,2,0,0,Nobre,2534511
237,3,1,2,6,0,Médio,1518413
207,2,3,3,38,0,Popular,970178
86,4,4,2,24,0,Médio,694711
104,4,2,3,20,1,Médio,856626
154,2,3,2,34,0,Nobre,1337446
151,5,4,0,7,0,Popular,860581
88,2,2,0,22,0,Médio,549337
200,5,2,2,22,0,Popular,1020719
290,2,1,0,19,0,Popular,1370488
214,3,3,1,18,0,Médio,1377649
146,4,3,1,24,1,Popular,807405
194,5,1,3,1,0,Popular,1047431
48,2,3,3,29,0,Nobre,500509
274,1,4,0,6,0,Médio,1706394
133,4,3,1,18,1,Popular,789582
194,4,2,2,20,0,Médio,1242763
65,4,1,0,32,0,Médio,404270
62,4,2,1,22,0,Popular,394805
92,3,3,3,16,0,Popular,515395
263,3,4,2,2,0,Popular,1328808
121,1,1,0,39,0,Médio,673399
147,5,3,0,22,0,Nobre,1404132
161,4,3,1,25,1,Popular,876976
283,5,2,1,12,0,Médio,1850795
89,4,4,2,29,0,Médio,670314
133,1,2,3,33,1,Popular,692918
107,1,3,3,13,1,Médio,832131
170,5,2,1,25,0,Popular,887771
270,3,4,0,32,0,Médio,1696407
67,4,2,3,20,0,Nobre,697470
86,3,2,1,28,0,Médio,577943
297,1,3,3,9,0,Nobre,2570783
165,5,1,0,31,0,Médio,1052222
188,4,4,1,9,0,Popular,1045254
264,4,1,3,33,0,Nobre,2244159
163,3,2,3,38,0,Popular,791503
75,5,2,3,25,0,Médio,610703
77,3,4,1,29,0,Popular,457987
153,4,1,3,35,1,Nobre,1487415
196,2,2,1,23,0,Médio,1204620
161,3,4,1,33,0,Popular,795079
159,1,3,0,21,0,Nobre,1332123
141,1,1,0,12,0,Popular,674272
206,3,3,3,39,0,Médio,1344933
214,1,3,1,25,0,Popular,1008864
288,3,1,2,6,0,Popular,1368467
90,4,1,3,15,0,Médio,699106
295,2,1,1,39,0,Médio,1688613
255,5,1,1,15,0,Popular,1266046
65,1,3,0,8,0,Popular,363775
237,4,1,1,27,0,Médio,1429963
77,4,3,0,29,0,Médio,558969
60,1,1,2,17,0,Médio,371024
205,4,3,3,19,0,Popular,1088404
285,3,1,2,18,0,Médio,1791031
66,2,1,3,30,1,Popular,421759
118,5,4,1,15,0,Popular,711727
290,2,4,3,20,0,Médio,1855454
237,4,3,0,6,1,Popular,1293461
91,5,1,1,16,0,Popular,523488
107,3,1,2,8,1,Médio,877154
259,4,4,1,35,0,Popular,1259083
89,2,3,0,30,1,Médio,670312
102,3,3,0,36,0,Nobre,869971
57,1,3,3,13,0,Médio,431261
247,4,3,2,16,1,Médio,1730819
213,5,4,0,1,0,Nobre,2046236
144,3,3,0,35,0,Médio,895131
183,2,4,1,17,0,Médio,1208874
217,3,1,2,33,0,Popular,1010839
150,4,4,3,14,0,Médio,1121845
257,2,2,1,16,1,Médio,1661693
215,2,4,1,8,0,Médio,1411165
112,3,4,0,16,0,Popular,619959
123,4,3,3,6,0,Popular,734993
280,1,4,1,33,0,Popular,1273763
297,2,3,1,38,1,Popular,1452320
263,4,3,3,24,0,Popular,1309927
186,2,3,0,15,0,Médio,1162697
269,2,2,0,25,0,Popular,1236061
121,2,1,1,19,1,Médio,865921
79,1,3,0,3,0,Popular,405896
178,4,3,0,36,0,Médio,1130681
260,3,2,3,38,0,Médio,1606433
241,2,4,0,15,0,Médio,1500596
277,3,1,0,16,0,Nobre,2322141
120,1,1,0,5,0,Médio,724102
288,5,1,2,11,1,Popular,1536501
59,5,4,1,30,0,Médio,530862
48,3,3,0,21,0,Popular,315481
100,5,4,2,0,0,Popular,658529
221,4,2,0,21,0,Nobre,1922761
233,4,1,2,24,0,Nobre,2006046
242,3,3,0,7,0,Médio,1555451
59,2,1,3,25,0,Popular,286359
98,5,1,1,18,0,Popular,524420
55,1,3,2,13,0,Médio,398553
168,2,1,2,4,0,Nobre,1526960
89,5,1,1,4,0,Médio,713320
242,5,1,1,31,0,Médio,1495563
243,1,4,0,9,0,Nobre,2055665
117,2,2,1,15,1,Nobre,1217846
122,5,4,2,5,1,Popular,855088
57,5,3,3,37,0,Médio,486353
264,2,1,1,29,0,Nobre,2154678
275,1,1,0,9,0,Popular,1261023
208,2,3,3,3,0,Médio,1349620
147,5,1,0,10,0,Médio,1001096
154,4,4,1,9,0,Médio,1129099
181,2,2,1,17,0,Médio,1112794
62,2,1,1,34,1,Nobre,633240
94,3,4,3,31,1,Popular,629788
75,5,2,0,8,0,Popular,483932
216,2,3,2,34,1,Nobre,1945384
263,1,4,3,24,1,Nobre,2389661
236,2,2,1,33,1,Popular,1121764
166,3,2,1,31,0,Nobre,1484333
205,4,2,1,16,1,Popular,1134422
289,3,4,3,27,0,Popular,1432771
176,5,4,3,29,0,Nobre,1718550
108,5,3,2,7,1,Médio,955993
144,3,3,0,18,1,Médio,1057448
166,3,3,1,22,1,Médio,1203488
192,3,4,1,28,1,Popular,1055612
293,4,1,3,9,0,Nobre,2607887
254,4,4,0,2,0,Médio,1700924
237,3,4,2,0,0,Médio,1585141
211,4,2,0,27,0,Médio,1308149
205,3,2,3,33,0,Popular,988058
204,1,2,2,31,0,Popular,932929
249,2,2,1,35,0,Popular,1113385
73,1,3,2,16,0,Médio,511762
192,5,1,2,37,0,Médio,1211655
122,2,2,1,13,0,Popular,647370
246,1,1,2,35,0,Médio,1418909
58,4,3,3,6,0,Popular,428817
149,5,2,2,3,0,Nobre,1485509
45,1,3,1,34,0,Médio,234259
179,1,4,0,23,1,Médio,1208227
148,5,4,3,20,0,Popular,864520
115,2,2,1,0,0,Popular,625790
298,2,2,1,5,0,Médio,1870573
49,2,2,2,27,0,Médio,317409
94,1,2,0,21,0,Nobre,786732
86,2,3,3,31,0,Nobre,794944
281,5,4,0,35,0,Popular,1383933
207,1,1,2,14,0,Nobre,1747002
222,4,2,1,30,0,Popular,1061582
285,2,4,3,7,0,Médio,1830490
97,1,2,1,3,0,Popular,516657
242,5,2,3,17,0,Popular,1233233
40,2,2,0,30,0,Popular,180723
152,1,4,0,39,1,Popular,780197
228,2,2,1,22,1,Médio,1527936
141,5,3,2,31,0,Médio,975089
270,5,3,0,2,0,Médio,1850518
167,3,2,2,4,0,Popular,838393
244,5,2,2,20,0,Popular,1240799
272,5,1,3,38,0,Nobre,2355984
40,1,4,2,7,0,Popular,301075
75,4,3,0,13,0,Nobre,795315
78,5,2,3,6,0,Popular,511647
246,4,3,2,19,1,Médio,1693194
193,2,3,3,17,0,Médio,1260753
105,5,3,1,22,0,Popular,605141
176,1,3,0,0,0,Popular,844215
128,2,1,3,27,0,Popular,630363
47,5,4,3,26,1,Médio,577579
92,3,1,3,1,1,Popular,665319
231,5,1,0,33,0,Médio,1414986
217,2,4,1,17,1,Médio,1502688
55,4,3,3,0,0,Médio,575085
204,1,2,0,3,0,Médio,1285400
254,3,3,2,7,0,Médio,1692499
138,1,2,3,0,0,Nobre,1284018
89,2,2,0,25,0,Popular,427891
155,2,4,1,1,0,Popular,825858
122,2,1,0,23,0,Médio,734259
105,3,1,3,9,0,Médio,751784
189,4,3,2,25,0,Popular,942845
159,2,1,1,26,1,Médio,1056636
270,1,3,0,19,0,Médio,1608245
298,5,2,0,5,1,Popular,1574696
228,4,3,3,28,0,Popular,1149442
152,1,1,1,14,0,Popular,704914
76,3,2,2,4,0,Médio,632666
238,1,4,2,14,1,Popular,1235783
71,1,1,3,39,0,Popular,297516
116,1,4,2,27,0,Popular,544403
195,2,3,0,22,0,Médio,1198281
155,3,4,0,14,0,Popular,831360
287,5,1,2,27,0,Nobre,2471848
277,5,3,3,30,1,Médio,1936253
261,5,4,0,28,0,Médio,1696616
69,5,3,0,17,0,Nobre,833692
182,4,3,1,21,1,Nobre,1813361
210,2,2,1,28,0,Médio,1245554
110,4,1,2,36,1,Médio,817484
271,3,4,3,14,1,Popular,1432919
59,5,2,0,31,0,Popular,362351
63,2,1,3,6,1,Médio,629721
168,4,2,0,15,0,Popular,858401
222,1,1,3,13,0,Médio,1380633
76,2,3,0,19,0,Nobre,686837
45,4,3,0,2,0,Popular,340872
86,5,2,1,30,0,Popular,503794
289,1,1,1,13,0,Médio,1705656
129,5,3,1,13,0,Médio,954630
189,1,1,3,3,0,Popular,961887
69,5,4,2,39,0,Popular,446585
112,5,3,1,30,0,Popular,626539
229,1,4,2,21,0,Popular,1102205
230,1,4,3,30,0,Médio,1398598
177,2,4,0,35,0,Médio,1072342
287,3,2,0,11,0,Médio,1783385
71,3,2,3,9,0,Popular,439378
277,5,3,3,1,0,Médio,1895772
262,1,2,2,14,0,Médio,1619567
248,3,3,0,13,0,Popular,1190768
296,1,1,3,33,0,Popular,1341815
128,5,2,1,25,0,Médio,938088
60,5,3,0,37,0,Médio,486990
76,5,4,3,25,1,Popular,566251
68,3,4,2,26,0,Popular,392415
294,2,1,3,3,1,Popular,1499276
137,2,4,2,16,0,Médio,910234
94,2,2,0,28,0,Popular,424439
228,4,3,3,9,0,Nobre,2158216
145,1,2,2,33,0,Médio,842062
252,5,2,0,18,0,Médio,1651957
293,3,4,2,0,0,Nobre,2699285
207,1,1,1,14,0,Popular,953242
284,1,1,2,8,0,Nobre,2364844
166,2,1,3,22,0,Médio,1026329
119,3,1,1,26,0,Popular,544324
182,2,2,1,18,1,Popular,954600
253,4,3,1,12,0,Médio,1635589
131,4,1,0,23,0,Médio,821570
280,1,4,1,18,0,Médio,1734983
50,2,2,1,3,0,Popular,333924
132,4,2,2,28,0,Popular,659520
109,3,3,2,7,1,Popular,729550
139,5,4,3,37,0,Nobre,1365260
222,5,1,0,25,0,Popular,1074832
69,2,2,1,17,1,Médio,585654
193,5,1,1,17,0,Popular,958411
160,3,4,2,34,1,Nobre,1634898
167,5,2,3,14,0,Médio,1215483
128,5,1,0,1,1,Nobre,1439836
71,3,4,3,22,0,Médio,574301
97,4,1,2,0,1,Popular,693855
248,4,2,0,3,0,Popular,1232702
145,2,3,0,23,0,Popular,705621
176,1,1,3,12,0,Nobre,1499337
63,3,2,0,12,0,Médio,481182
115,4,2,2,36,0,Médio,772576
268,2,2,3,26,0,Médio,1656085
254,2,2,0,37,0,Popular,1135928
74,1,1,3,23,0,Popular,346478
129,2,1,2,9,0,Popular,642806
165,4,4,2,39,0,Popular,830748
143,5,2,1,28,0,Popular,751023
285,5,2,3,28,0,Nobre,2541616
194,1,4,2,20,0,Nobre,1693838
88,1,2,1,30,0,Médio,503347
184,4,2,1,8,1,Médio,1332944
111,4,3,3,20,0,Nobre,1142397
298,5,1,2,3,0,Médio,1960742
157,2,2,1,24,0,Nobre,1356510
232,2,3,3,33,0,Médio,1421301
87,1,1,2,8,0,Nobre,801725
169,2,4,2,28,0,Médio,1117163
153,1,2,3,0,1,Popular,846803
66,4,4,2,29,0,Popular,390658
245,3,2,3,35,1,Médio,1640504
113,5,3,2,39,0,Médio,814292
205,2,2,0,34,0,Médio,1217123
90,1,2,2,11,0,Médio,606149
154,3,1,2,22,1,Popular,836420
281,1,1,3,16,0,Popular,1320883
188,5,2,0,8,0,Médio,1254308
273,3,2,0,18,0,Popular,1277884
296,2,3,2,33,0,Popular,1370972
296,4,2,2,35,0,Nobre,2556272
162,4,2,2,5,1,Popular,953985
142,2,3,3,36,0,Popular,699732
224,2,2,3,32,0,Popular,1074101
195,2,1,0,33,1,Médio,1227739
188,5,1,2,4,0,Nobre,1810379
111,1,1,3,5,0,Médio,743901
47,1,4,2,1,0,Popular,313089
281,2,2,1,32,1,Popular,1371664
247,5,4,0,37,0,Popular,1240788
95,1,2,2,12,0,Popular,510142
124,3,1,1,36,0,Médio,746096
68,1,3,3,22,1,Popular,462156
274,1,1,0,4,0,Popular,1265220
286,5,1,1,31,0,Médio,1788475
282,1,2,0,25,0,Popular,1239148
229,1,2,1,0,0,Médio,1392614
248,1,2,0,11,0,Popular,1145803
178,4,4,1,37,0,Médio,1165859
43,5,3,3,5,0,Médio,501748
271,1,3,0,0,0,Médio,1696455
221,4,3,2,24,1,Médio,1576349
113,3,3,3,28,0,Popular,629215
125,2,2,0,20,1,Popular,646717
287,1,3,3,8,0,Popular,1392178
75,4,2,3,38,0,Médio,538709
224,3,1,2,9,0,Nobre,1951015
257,1,3,1,18,1,Popular,1278349
54,3,2,2,33,1,Popular,411683
175,2,3,1,29,0,Médio,1063833
106,5,2,0,22,1,Médio,835491
107,3,4,2,17,0,Popular,617716
136,4,3,1,32,0,Popular,698044
58,5,1,3,4,1,Nobre,890498
294,3,2,3,32,0,Médio,1825461
221,1,2,1,6,0,Popular,1060622
177,1,4,3,25,0,Popular,857307
239,4,3,1,23,1,Médio,1646068
258,5,1,0,34,0,Popular,1222964
229,4,3,1,32,0,Popular,1123005
201,2,1,3,14,0,Médio,1278630
67,4,4,3,7,0,Nobre,870542
113,4,1,2,11,0,Popular,592049
248,3,3,0,35,0,Popular,1161579
81,5,3,2,38,1,Médio,712883
102,4,2,0,33,0,Médio,673383
164,5,1,0,4,0,Médio,1150976
204,4,1,2,10,0,Popular,1045065
60,4,1,1,24,0,Nobre,570557
281,5,2,3,3,1,Popular,1529901
55,1,2,3,0,1,Popular,401570
75,4,1,1,31,0,Popular,342755
136,2,2,2,28,0,Médio,827224
40,3,3,3,11,0,Médio,396456
226,5,1,2,17,0,Médio,1456656
221,2,3,1,17,0,Popular,1028918
94,2,3,1,4,0,Médio,676359
95,4,2,0,19,0,Nobre,934378
150,4,3,2,38,0,Médio,992158
205,5,2,2,23,0,Popular,1053176
220,3,2,2,15,1,Médio,1506134
150,3,3,0,35,0,Médio,934164
158,5,3,1,3,1,Popular,934501
267,5,1,0,39,0,Popular,1274080
123,5,3,2,4,0,Médio,956542
236,1,1,3,30,1,Médio,1456407
240,5,3,2,19,0,Médio,1627386
50,3,2,2,33,0,Médio,389031
195,4,2,1,4,1,Popular,1107500
47,3,4,2,28,0,Popular,352693
194,3,2,0,36,0,Popular,897944
53,3,4,0,28,1,Médio,501602
193,2,2,1,6,0,Médio,1277393
154,3,2,3,35,0,Popular,789124
184,1,1,3,13,0,Popular,892293
285,1,4,0,38,1,Médio,1794410
187,3,4,1,35,0,Popular,915948
269,3,4,1,31,0,Médio,1695876
275,5,2,1,30,1,Popular,1426265
81,2,4,3,31,1,Popular,559068
199,4,1,2,32,1,Nobre,1834465
73,3,3,1,38,0,Médio,487537
189,4,2,0,28,0,Popular,904552
293,2,4,2,5,0,Nobre,2615808
284,2,2,0,34,0,Popular,1281160
107,3,2,2,14,0,Médio,726541
259,2,2,3,8,0,Médio,1652660
97,4,3,2,15,0,Médio,744996
113,2,3,1,2,0,Médio,786849
181,2,3,2,28,0,Popular,863204
90,5,1,3,14,0,Nobre,965301
279,1,1,2,2,0,Popular,1325401
184,4,2,1,23,0,Popular,896411
99,3,2,2,20,1,Médio,802321
45,5,1,1,16,0,Médio,407130
134,1,3,0,34,0,Médio,763336
184,5,4,1,28,0,Popular,974178
260,5,1,3,23,1,Popular,1350704
174,1,3,1,6,0,Médio,1106483
285,2,1,1,22,0,Popular,1328350
285,5,4,2,3,0,Popular,1518196
122,2,4,1,5,1,Popular,772276
157,5,3,0,12,1,Nobre,1724637
136,1,1,1,36,0,Popular,572564
290,5,2,2,26,0,Popular,1392255
228,5,3,3,4,1,Popular,1325976
45,3,2,1,31,0,Popular,260930
211,2,2,1,5,0,Popular,1038319
148,3,2,0,30,0,Médio,926070
194,3,1,3,9,0,Nobre,1742565
235,3,4,3,0,0,Médio,1599187
290,4,1,2,5,0,Nobre,2644730
185,5,4,0,25,0,Médio,1243885
60,3,3,2,26,0,Nobre,667458
136,1,2,3,30,0,Nobre,1111674
43,2,2,0,14,0,Popular,263147
166,2,1,2,1,1,Médio,1196122
269,4,3,1,0,1,Nobre,2664036
60,5,3,2,13,0,Nobre,798350
273,1,2,3,7,1,Médio,1825009
115,1,2,3,9,0,Popular,584143
146,5,3,0,4,0,Nobre,1508249
62,4,4,1,18,0,Popular,431823
213,4,2,2,27,0,Médio,1329082
259,1,3,3,24,0,Popular,1226188
163,5,1,3,12,0,Nobre,1549785
60,4,4,0,6,0,Nobre,762538
151,5,4,3,31,0,Médio,1100626
41,3,2,0,38,0,Médio,254293
288,4,3,0,29,1,Popular,1460531
254,3,4,1,24,0,Popular,1262800
53,3,2,1,13,0,Popular,314856
73,3,4,1,3,1,Médio,766705
106,4,4,1,21,1,Nobre,1263369
273,1,3,3,2,0,Popular,1340867
270,4,4,0,30,1,Nobre,2513431
149,4,2,2,21,0,Popular,755098
295,1,1,2,6,0,Médio,1810522
185,1,4,2,10,0,Nobre,1666165
168,1,2,1,25,1,Médio,1124016
106,2,3,3,38,0,Médio,654860
191,1,2,0,17,0,Popular,872162
67,5,1,0,23,1,Popular,485396
174,4,2,2,25,0,Médio,1122734
215,5,3,1,2,0,Médio,1468518
59,5,3,3,34,1,Nobre,869165
207,5,3,0,3,0,Nobre,1973015
209,1,3,1,34,1,Nobre,1874075
53,5,2,2,23,0,Médio,448870
177,3,3,2,6,0,Popular,940435
86,1,2,2,17,1,Popular,532450
201,2,1,2,32,1,Nobre,1755397
146,5,4,2,12,0,Popular,849716
126,1,4,2,34,0,Popular,603876
262,2,2,1,26,0,Popular,1258982
46,3,2,0,25,1,Popular,354498
145,5,2,1,10,1,Médio,1131104
172,3,3,2,12,1,Popular,995619
61,1,1,3,25,1,Popular,368450
259,3,3,0,37,0,Médio,1548519
104,1,4,3,14,0,Popular,624341
296,2,3,2,18,0,Nobre,2556577
94,5,4,1,26,0,Popular,528450
45,2,3,0,15,0,Nobre,476457
177,2,2,0,27,0,Popular,783798
190,4,2,0,33,0,Médio,1189851
209,2,4,3,16,0,Nobre,1926398
162,5,4,3,16,0,Médio,1217481
254,3,3,1,37,1,Nobre,2262714
265,1,4,2,37,1,Popular,1293713
179,4,2,3,31,0,Médio,1150122
113,2,4,3,12,1,Popular,739558
160,2,4,0,19,0,Nobre,1425252
282,1,2,1,39,1,Médio,1741094
245,2,1,0,7,1,Médio,1588785
192,1,1,3,3,0,Nobre,1678688
210,4,1,0,20,0,Médio,1297657
176,1,1,1,10,0,Médio,1068604
267,2,3,1,2,0,Médio,1703171
238,3,4,1,16,0,Nobre,2167150
116,5,1,1,5,0,Nobre,1194438
47,4,2,3,2,0,Popular,374548
88,4,2,1,29,0,Nobre,856461
174,2,4,2,31,0,Médio,1090723
67,2,2,3,3,1,Médio,669330
75,2,3,0,17,1,Popular,514551
233,5,3,0,33,0,Médio,1455818
180,4,4,3,26,0,Médio,1197387
126,1,4,0,11,0,Médio,815111
51,4,4,3,0,0,Popular,436986
78,4,3,0,20,0,Médio,572193
297,1,1,2,4,1,Médio,1928650
214,5,4,0,1,0,Médio,1531483
275,2,2,2,9,0,Nobre,2373549
116,5,1,1,32,0,Médio,796009
212,3,2,1,4,1,Médio,1475951
71,5,2,1,14,1,Popular,546644
199,5,3,1,38,0,Médio,1316005
271,4,1,3,7,1,Popular,1461997
150,1,2,1,11,1,Popular,786219
131,3,1,2,24,0,Médio,826750
106,3,2,1,13,0,Popular,603362
294,3,2,3,18,1,Médio,1981912
46,1,4,0,11,0,Nobre,519471
167,3,2,3,39,0,Médio,1080225
293,3,4,1,38,0,Médio,1809918
58,3,1,3,20,0,Médio,466360
267,3,4,3,18,0,Nobre,2431793
267,1,4,2,38,0,Nobre,2178263
270,2,2,0,5,1,Popular,1339647
296,1,2,1,36,0,Nobre,2361389
268,1,4,1,32,0,Nobre,2237769
199,4,1,2,27,0,Popular,1001182
156,2,4,2,6,1,Popular,924031
187,3,4,1,15,0,Nobre,1783774
162,4,3,3,2,1,Médio,1327812
219,5,3,1,33,0,Nobre,1946033
208,3,3,2,37,0,Médio,1260952
232,1,4,1,5,0,Popular,1130137
288,1,3,2,32,0,Popular,1308235
208,3,4,3,20,1,Médio,1466316
272,1,3,1,35,0,Médio,1581888
257,4,3,3,8,0,Popular,1351595
251,5,3,3,9,0,Popular,1347031
178,5,1,2,5,0,Médio,1266899
41,4,4,2,33,0,Nobre,567967
87,5,2,0,8,0,Médio,676786
46,1,2,0,3,0,Médio,367845
226,4,2,1,22,0,Médio,1452659
225,4,1,1,8,1,Médio,1588186
120,2,3,2,17,0,Popular,601244
96,1,4,0,13,0,Popular,436301
237,1,1,2,36,0,Nobre,1898293
82,2,3,2,22,1,Médio,696131
197,3,2,2,29,0,Popular,954639
185,3,2,3,31,1,Popular,953405
139,5,2,3,30,0,Médio,956022
256,5,2,2,34,0,Popular,1257158
235,3,3,2,29,0,Médio,1484458
238,2,2,3,12,0,Popular,1192132
137,2,3,1,0,0,Popular,732269
164,1,3,0,33,1,Médio,1040407
45,5,4,3,29,0,Popular,388974
273,3,4,0,26,0,Popular,1316138
239,4,3,0,33,1,Popular,1209786
142,1,1,2,24,0,Médio,819077
280,2,3,3,24,0,Médio,1743657
181,2,2,1,34,1,Popular,916967
294,4,2,0,30,0,Popular,1370460
215,3,2,3,18,0,Médio,1382862
225,4,4,1,17,0,Popular,1185057
226,3,2,3,35,0,Popular,1044233
208,1,2,0,0,0,Nobre,1791819
160,3,4,3,34,1,Popular,923299
250,5,2,3,20,0,Nobre,2281813
80,1,4,0,39,1,Médio,545013
236,5,4,1,39,0,Médio,1539273
226,5,2,3,14,0,Médio,1504464
148,5,4,0,10,0,Médio,1088991
83,4,3,2,7,0,Nobre,974003
251,2,1,0,26,0,Nobre,2010409
86,1,4,0,4,0,Médio,600312
129,3,2,0,18,1,Popular,745384
266,1,1,1,3,0,Popular,1248403
92,3,2,0,14,0,Médio,601965
64,2,2,0,38,1,Popular,381577
128,4,4,0,17,0,Popular,702534
236,2,2,0,31,1,Popular,1159820
119,3,3,2,26,1,Médio,911061
124,1,2,3,22,0,Médio,765051
129,4,4,3,32,0,Médio,943753
259,3,3,1,33,0,Médio,1613950
273,1,1,2,13,0,Popular,1253331
70,2,3,0,6,0,Popular,417722
245,1,1,0,2,0,Popular,1134697
234,4,1,1,25,0,Popular,1117345
157,2,3,2,26,0,Popular,771886
292,1,2,2,8,0,Médio,1797047
198,2,2,1,37,0,Popular,904874
100,2,3,1,29,0,Popular,465762
209,2,1,3,0,0,Popular,1057671
140,1,1,1,28,0,Nobre,1057010
112,3,3,3,37,0,Nobre,1068848
72,5,2,2,20,1,Médio,679846
89,2,2,3,18,0,Médio,641643
221,5,4,2,1,0,Popular,1200728
248,4,4,0,34,0,Médio,1604924
250,2,2,3,37,0,Popular,1136022
131,1,2,2,39,0,Médio,758367
117,5,4,1,3,0,Popular,729092
281,3,2,2,18,0,Nobre,2413557
221,1,2,2,9,0,Nobre,1910653
72,3,3,3,34,0,Popular,427703
257,1,1,2,36,0,Médio,1491516
245,1,4,1,25,0,Popular,1139756
267,3,2,3,17,0,Popular,1292689
114,3,3,0,14,0,Popular,624889
97,1,3,3,9,1,Nobre,1102887
273,3,1,2,20,0,Popular,1227988
82,1,2,0,4,0,Nobre,747007
94,3,1,3,25,1,Popular,554450
224,4,4,2,39,1,Popular,1189575
142,4,3,3,38,1,Nobre,1401705
165,3,3,2,11,0,Médio,1122053
277,5,1,3,14,0,Médio,1781722
218,5,1,0,17,1,Popular,1146091
186,3,2,1,2,0,Popular,993037
162,1,3,2,13,0,Médio,1037183
234,2,2,0,21,0,Popular,1067608
221,1,3,1,35,0,Médio,1310518
206,4,3,3,5,0,Médio,1426812
289,3,3,1,24,0,Nobre,2517361
291,2,2,3,24,0,Nobre,2494367
154,3,3,2,26,0,Médio,1013228
193,1,4,1,12,0,Popular,936435
290,3,4,1,16,1,Médio,1943726
40,1,1,3,33,0,Médio,230700
176,4,3,2,22,0,Popular,914621
296,3,4,1,0,0,Médio,1922138
96,2,4,1,12,0,Popular,545607
241,1,3,3,8,0,Médio,1562808
58,4,4,1,9,0,Popular,415885
213,5,2,0,35,1,Nobre,2019596
124,4,3,2,0,0,Nobre,1290879
222,1,4,1,7,0,Popular,1084067
267,2,4,1,33,0,Nobre,2249683
183,2,3,2,21,0,Popular,886253
243,5,3,1,18,1,Médio,1731296
151,4,2,1,31,0,Médio,986169
135,3,4,0,38,1,Popular,737145
105,3,3,2,19,0,Popular,590647
172,2,4,3,6,1,Médio,1335811
42,3,4,3,6,0,Médio,468048
107,5,4,0,0,1,Médio,986912
161,3,1,2,17,0,Popular,781577
294,4,1,3,28,0,Médio,1862893
90,1,1,1,36,1,Popular,451068
213,2,1,2,27,0,Médio,1290462
255,5,4,3,1,1,Popular,1484601
70,3,2,2,24,1,Nobre,828252
209,5,2,0,2,1,Médio,1541149
71,1,1,0,5,0,Nobre,631134
124,4,2,0,8,0,Popular,681271
61,1,3,2,23,0,Nobre,596318
97,3,2,0,1,1,Popular,619448
219,3,1,2,36,0,Popular,1013205
76,5,2,3,37,0,Popular,431088
197,4,4,3,15,0,Popular,1087413
170,1,1,3,0,1,Popular,927684
216,3,2,0,1,1,Popular,1172699
155,5,2,1,36,0,Popular,730520
155,5,3,0,27,1,Médio,1134607
283,5,3,0,13,0,Médio,1852797
116,5,2,0,36,0,Popular,571741
293,2,4,2,36,0,Médio,1791854
263,1,2,0,8,1,Popular,1279451
83,1,4,0,30,0,Nobre,688646
110,1,4,0,5,0,Médio,750117
151,4,1,1,27,0,Popular,735181
178,2,1,1,35,0,Nobre,1421559
173,2,1,3,10,1,Nobre,1671974
47,4,2,2,20,0,Popular,378178
138,1,4,0,15,0,Popular,688050
237,2,2,2,33,1,Popular,1119751
179,5,4,3,28,0,Médio,1255557
297,1,4,1,39,0,Popular,1325690
246,5,1,1,11,0,Popular,1267554
181,1,4,0,33,0,Nobre,1477101
239,5,1,2,25,0,Médio,1538162
240,4,4,0,36,0,Popular,1160142
54,4,2,0,0,1,Popular,407834
122,2,2,1,27,0,Médio,747992
278,2,2,3,1,0,Popular,1360414
296,3,4,1,13,1,Popular,1536397
267,3,4,1,38,1,Popular,1356608
172,5,4,2,6,0,Médio,1295665
289,4,2,2,13,0,Popular,1406980
59,1,3,1,2,1,Médio,592674
241,2,4,1,16,1,Popular,1281383
87,2,2,3,24,1,Nobre,928734
192,2,3,1,2,1,Nobre,1908190
149,5,4,3,17,0,Médio,1158500
276,5,2,1,3,0,Médio,1873296
103,3,1,1,16,1,Popular,572000
167,5,4,1,36,0,Médio,1146022
180,5,2,1,38,0,Nobre,1595203
238,4,2,0,27,0,Médio,1483125
144,3,2,0,11,0,Médio,957577
101,3,1,0,8,0,Médio,664256
60,3,1,2,15,0,Médio,467265
160,5,2,2,0,0,Médio,1157266
125,4,2,1,10,0,Popular,691667
143,5,3,3,27,0,Médio,1028119
160,4,4,3,35,0,Médio,1062280
189,1,1,0,33,0,Nobre,1494469
114,2,3,2,1,0,Popular,626067
91,5,2,0,15,1,Médio,819756
89,5,1,3,21,0,Médio,678248
117,1,4,2,16,0,Médio,797171
185,3,4,3,6,0,Médio,1285950
254,1,1,1,27,0,Médio,1463873
159,1,4,0,24,0,Popular,753795
182,2,3,1,27,1,Popular,934370
52,4,4,0,31,0,Popular,310735
241,2,2,0,28,1,Popular,1176503
40,3,3,3,33,0,Médio,329924
197,5,4,1,19,1,Popular,1123458
182,1,1,0,19,0,Médio,1069880
255,5,3,3,22,0,Popular,1306099
114,5,1,1,13,0,Nobre,1158408
234,2,2,3,20,0,Popular,1109645
103,1,4,2,15,0,Nobre,970281
120,5,2,0,38,0,Médio,795919
124,5,3,2,37,0,Popular,658490
179,3,4,3,4,0,Médio,1253652
188,4,1,2,16,0,Popular,913192
257,4,2,1,12,1,Popular,1346061
125,5,2,2,29,0,Médio,859665
115,1,4,2,36,1,Médio,803558
67,3,1,1,0,0,Médio,579735
243,2,2,1,23,0,Nobre,2073615
106,3,3,1,0,0,Popular,610229
237,4,3,3,32,0,Nobre,2132778
277,5,3,0,33,0,Popular,1348030
79,1,3,1,29,0,Popular,370498
178,3,3,3,9,0,Nobre,1713820
200,1,3,2,1,0,Médio,1292107
105,1,3,3,5,1,Médio,855225
60,3,2,2,35,0,Popular,339365
41,1,2,0,37,0,Popular,150080
131,2,4,1,31,0,Médio,833170
177,4,2,3,17,0,Popular,927607
294,1,2,3,23,0,Nobre,2457935
267,3,2,2,39,0,Popular,1210329
157,2,2,0,23,0,Popular,773232
295,3,3,2,34,0,Nobre,2525222
195,4,1,1,10,0,Médio,1288738
132,5,2,1,8,0,Médio,961153
242,4,2,1,30,0,Médio,1533493
239,1,4,1,13,1,Popular,1229973
110,5,2,0,31,0,Nobre,1035252
278,1,2,0,26,0,Popular,1251549
51,2,2,2,36,0,Nobre,489456
264,5,1,1,30,0,Médio,1649278
84,2,3,0,18,0,Popular,464697
203,4,4,2,6,1,Popular,1182433
278,4,4,3,24,0,Médio,1812911
105,5,2,2,0,0,Nobre,1183664
163,3,2,2,24,1,Médio,1178480
221,4,2,2,30,0,Popular,1046823
112,5,3,2,24,0,Nobre,1187457
193,5,2,3,15,1,Popular,1110268
83,1,3,0,6,0,Nobre,788071
82,5,4,2,39,0,Médio,634117
81,5,1,1,15,0,Nobre,836279
54,5,4,0,25,1,Popular,509216
219,3,2,0,22,0,Médio,1354999
182,3,2,0,25,0,Médio,1130619
101,4,4,0,9,1,Popular,700351
59,3,2,2,10,0,Popular,388704
237,1,4,1,30,0,Popular,1117545
146,3,3,0,0,0,Médio,991517
288,1,4,0,20,1,Médio,1828051
283,4,1,3,4,0,Popular,1441510
192,4,1,0,0,1,Popular,1021116
225,2,2,3,28,0,Popular,1077318
171,1,4,2,24,0,Médio,1107395
75,2,1,3,30,1,Nobre,812150
259,1,4,0,33,0,Popular,1178581
233,1,3,3,24,0,Popular,1120792
222,2,2,2,22,0,Popular,1037680
77,5,2,3,23,0,Médio,674229
136,4,3,2,9,0,Médio,1038400
294,1,4,2,13,0,Médio,1829828
277,3,1,3,28,0,Médio,1712754
224,1,2,2,36,1,Popular,1072822
114,1,1,3,31,0,Nobre,929494
130,5,4,1,39,0,Médio,915089
223,5,1,3,9,0,Popular,1149401
212,3,2,2,2,0,Nobre,1923193
270,4,1,1,6,1,Popular,1366842
174,1,2,0,14,0,Médio,1061330
298,4,2,0,17,0,Médio,1847384
265,3,4,3,23,0,Nobre,2370064
120,1,3,1,22,0,Nobre,1004653
290,4,3,3,15,0,Nobre,2597664
277,4,2,3,33,0,Popular,1296254
199,2,4,0,32,0,Médio,1201318
262,2,1,3,19,0,Nobre,2195339
52,2,3,2,0,0,Nobre,633439
219,5,2,1,37,0,Médio,1388618
52,1,4,1,39,0,Médio,316822
96,2,4,1,8,0,Médio,711386
91,4,2,2,7,0,Popular,568488
212,5,1,2,30,1,Médio,1474965
177,1,1,3,17,0,Médio,1079447
157,1,3,0,8,0,Médio,958549
89,3,1,0,7,0,Nobre,861653
184,4,1,3,14,0,Médio,1236110
240,4,1,2,1,0,Popular,1206238
103,2,2,3,19,0,Médio,722532
295,2,4,3,5,0,Médio,1942396
241,1,4,3,28,0,Médio,1480040
227,2,1,2,27,0,Médio,1371551
100,5,3,2,12,0,Médio,851032
258,2,2,0,5,0,Médio,1595433
254,4,1,0,33,0,Popular,1179928
266,1,3,0,1,0,Popular,1269235
40,2,4,2,1,0,Nobre,583238
134,5,1,2,38,1,Médio,969565
96,2,2,0,28,1,Popular,564533
241,2,3,0,27,1,Nobre,2170149
266,5,4,3,12,0,Nobre,2496070
76,3,1,0,13,1,Popular,433898
250,2,1,2,27,0,Nobre,2049258
86,3,3,0,17,0,Popular,456776
172,1,4,2,17,0,Popular,846695
232,3,2,3,17,0,Nobre,2022604
198,2,1,1,6,0,Médio,1222784
48,5,4,2,10,0,Popular,424254
191,3,3,2,10,0,Médio,1277722
74,1,1,2,33,0,Popular,308906
50,3,4,3,17,0,Médio,437010
159,1,2,2,17,0,Médio,984648
58,3,3,2,7,0,Nobre,740409
49,3,1,2,6,0,Médio,403742
278,4,2,1,33,0,Popular,1365220
89,2,1,2,13,0,Nobre,815821
143,5,3,0,8,0,Popular,801484
106,3,2,0,2,1,Médio,851028
90,1,2,1,23,0,Médio,544208
51,5,1,3,19,0,Médio,488065
136,1,3,1,23,0,Popular,652537
53,5,2,3,33,0,Popular,322816
195,1,3,2,15,0,Nobre,1693488
219,2,3,0,31,0,Médio,1343781
41,3,1,0,19,0,Popular,199259
265,4,4,2,15,1,Popular,1474685
150,4,4,0,32,0,Médio,1003278
93,5,4,2,35,0,Médio,725370
78,5,4,0,3,0,Médio,707778
150,3,1,0,22,1,Nobre,1421089
52,4,4,0,2,0,Médio,517608
117,1,2,1,38,0,Médio,632696
250,2,1,0,23,1,Popular,1212374
245,1,4,3,37,1,Médio,1602564
145,3,2,1,13,0,Médio,983669
183,4,2,3,28,1,Médio,1305378
162,4,1,1,16,0,Médio,1062965
76,3,2,3,13,0,Médio,591557
92,2,2,2,29,0,Popular,479506
292,5,1,3,17,0,Popular,1421504
89,4,3,3,35,0,Nobre,874730
100,4,1,1,23,0,Popular,510628
102,5,1,0,31,1,Popular,603395
106,1,1,0,0,1,Popular,562939
144,2,3,3,34,0,Médio,905317
77,2,2,1,12,0,Nobre,733333
160,3,2,1,39,0,Médio,970875
133,5,1,3,36,0,Popular,673814
297,3,4,2,21,1,Popular,1535400
62,2,1,3,5,0,Popular,385573
71,1,2,0,36,0,Nobre,531598
125,5,2,0,13,0,Popular,722738
133,4,2,1,31,0,Médio,875602
267,1,3,2,3,0,Popular,1306170
70,5,3,1,30,0,Médio,550828
85,1,2,2,0,0,Nobre,839003
53,5,1,2,37,0,Médio,403983
256,3,2,1,37,0,Popular,1163192
93,2,3,3,38,0,Nobre,847097
109,2,4,2,33,0,Médio,730895
181,5,1,2,7,0,Médio,1270506
77,1,4,1,0,0,Médio,573654
64,3,2,1,11,1,Popular,499254
169,3,2,1,30,0,Popular,769665
246,3,4,1,1,1,Popular,1384476
60,2,4,0,11,0,Popular,379684
72,5,4,2,36,0,Médio,607802
81,3,2,3,26,1,Médio,714839
226,4,3,3,38,0,Popular,1104938
68,5,3,1,39,1,Médio,623967
90,3,4,1,34,0,Nobre,858520
126,1,4,3,30,0,Popular,635111
223,4,4,3,0,1,Médio,1682138
196,2,2,2,30,0,Popular,918825
264,3,1,1,16,0,Médio,1631427
201,1,2,2,17,1,Médio,1310760
82,3,3,0,5,0,Médio,671576
83,2,2,2,8,0,Popular,478298
285,2,2,3,20,0,Nobre,2449610
267,4,2,0,8,0,Médio,1679485
161,4,2,1,8,0,Popular,846698
103,2,3,0,8,0,Nobre,966949
171,2,3,0,20,0,Popular,843451
295,2,3,3,25,0,Popular,1368940
74,4,2,0,20,0,Popular,421096
215,4,2,1,22,0,Médio,1369251
248,1,4,3,21,0,Nobre,2150138
42,2,4,1,21,0,Médio,319429
109,1,4,3,30,0,Médio,735470
125,4,3,0,27,0,Médio,856654
248,5,2,0,3,1,Médio,1744867
134,4,3,0,38,0,Popular,696199
231,5,3,3,36,0,Popular,1169988
52,2,2,3,4,0,Popular,349010
261,4,3,0,4,0,Médio,1727178
73,2,3,0,31,1,Popular,453682
248,4,2,0,8,0,Médio,1574587
190,1,4,0,34,0,Popular,898006
270,2,1,0,22,1,Nobre,2355576
133,5,4,0,25,0,Popular,693357
291,4,2,0,35,0,Nobre,2469607
149,5,2,0,33,0,Médio,962465
147,5,1,2,21,0,Nobre,1384005
246,4,3,1,17,0,Popular,1256539
91,4,1,1,0,0,Médio,708728
145,2,3,1,37,0,Popular,676233
51,1,3,1,1,0,Nobre,548612
200,5,4,3,25,1,Popular,1142612
134,1,3,0,4,0,Médio,871226
98,2,4,1,3,0,Médio,716965
241,3,2,2,30,1,Médio,1588237
125,4,2,0,39,1,Nobre,1242309
271,5,2,1,16,1,Popular,1458795
136,2,1,1,0,1,Médio,1022803
199,1,3,2,5,0,Médio,1305752
96,1,1,2,8,0,Médio,625276
209,4,2,2,36,0,Popular,1020080
159,4,1,2,5,0,Popular,827929
114,1,2,2,14,0,Médio,705327
69,3,3,3,36,1,Popular,482164
293,4,2,2,10,1,Médio,2020434
85,4,3,3,6,0,Popular,559585
225,3,4,2,2,0,Nobre,2137209
147,3,2,2,28,0,Popular,725925
53,4,3,3,22,0,Popular,341280
56,2,1,3,2,0,Popular,332602
289,2,3,2,37,0,Médio,1723641
187,3,2,0,17,0,Nobre,1611782
139,2,3,2,34,0,Popular,638704
232,2,1,2,23,0,Nobre,1950703
110,4,4,2,12,0,Médio,882410
282,2,2,3,6,0,Popular,1386073
292,2,1,3,29,0,Médio,1751030
279,1,3,0,36,1,Médio,1745725
145,1,3,1,21,0,Nobre,1219960
281,3,4,1,2,0,Nobre,2549920
264,2,2,0,38,0,Popular,1163587
162,2,1,1,0,0,Médio,1062022
66,1,3,1,30,0,Popular,324073
208,4,4,2,35,0,Nobre,1902175
161,1,3,2,5,0,Nobre,1472278
56,5,4,2,9,0,Popular,421408
109,2,4,3,27,0,Popular,583109
84,3,3,3,39,0,Popular,457205
120,4,4,2,1,0,Médio,949295
93,1,1,1,3,0,Nobre,822331
128,4,1,1,24,0,Nobre,1159745
140,5,4,0,30,0,Médio,987254
105,2,3,1,3,0,Médio,763117
95,3,4,3,33,0,Nobre,972358
190,4,4,2,16,0,Médio,1341623
62,2,2,3,33,0,Nobre,574410
210,4,3,1,3,0,Popular,1116492
231,1,2,1,11,0,Popular,1050853
47,3,2,1,23,0,Médio,391681
264,2,2,1,11,0,Médio,1646179
54,3,4,1,35,0,Nobre,532279
154,1,4,3,10,0,Popular,794551
102,2,1,3,30,0,Nobre,906863
189,1,4,3,28,1,Popular,991277
285,1,1,3,12,0,Médio,1718725
282,3,3,1,22,0,Médio,1776384
140,2,4,2,31,0,Médio,868443
80,2,4,0,0,0,Popular,465507
98,4,3,2,9,1,Nobre,1227167
160,3,3,2,16,0,Médio,1081118
291,5,1,1,34,1,Médio,1887125
113,2,4,1,28,0,Popular,576917
94,4,2,0,16,0,Nobre,940458
195,1,3,2,7,0,Médio,1256669
97,5,1,3,8,0,Médio,789543
183,5,4,3,23,0,Médio,1363409
67,2,4,2,3,1,Popular,524125
171,1,1,2,27,0,Popular,775017
169,3,2,0,4,0,Popular,862927
248,1,3,0,23,0,Nobre,2045278
256,1,3,0,16,1,Popular,1233743
103,2,2,3,26,0,Popular,509805
58,4,3,2,1,0,Médio,564625
136,4,3,2,19,0,Médio,948120
151,5,4,1,22,0,Popular,844689
115,2,3,1,16,0,Médio,744430
126,5,4,0,28,0,Médio,897826
266,5,1,3,6,0,Popular,1326893
199,3,4,2,31,0,Médio,1246433
178,3,4,2,22,0,Médio,1180594
177,2,4,3,25,0,Popular,902198
240,4,2,2,33,0,Popular,1182244
169,5,2,2,36,0,Popular,848540
286,1,1,0,6,1,Médio,1768449
275,3,3,1,13,0,Médio,1764142
113,2,4,3,23,0,Médio,825505
42,2,4,0,26,1,Médio,397448
119,2,4,3,33,1,Popular,668690
195,2,2,1,6,0,Médio,1258865
153,5,1,3,31,0,Médio,1020124
190,4,2,2,5,1,Médio,1366481
208,2,4,2,13,0,Médio,1343224
299,2,3,3,37,0,Médio,1792682
265,4,2,1,32,0,Nobre,2288771
44,5,3,1,39,0,Médio,397636
214,1,2,1,17,0,Médio,1282902
260,2,1,1,4,0,Popular,1231091
148,1,1,1,7,0,Popular,708193
264,5,1,1,39,0,Popular,1217276
87,2,3,0,30,0,Nobre,797261
276,2,3,3,6,0,Popular,1336894
172,4,1,2,19,0,Médio,1137081
69,1,2,0,9,1,Médio,570877
67,5,1,0,2,1,Médio,687896
126,2,1,0,28,0,Nobre,1024651
99,3,4,2,19,0,Nobre,1044355
209,3,4,2,17,1,Médio,1478464
102,2,3,2,34,0,Médio,648882
196,4,1,3,23,0,Médio,1248796
187,5,4,1,29,0,Popular,953564
268,1,4,1,21,0,Nobre,2291803
271,4,2,3,15,0,Popular,1375348
216,5,2,1,37,1,Médio,1453424
79,3,4,0,26,0,Médio,538748
238,1,2,0,19,0,Nobre,1931482
202,3,1,2,6,0,Popular,1018557
222,5,4,0,1,0,Popular,1206341
297,3,2,1,19,0,Popular,1422108
259,3,3,3,23,0,Popular,1252326
102,5,4,1,13,0,Popular,614537
153,2,1,3,17,0,Popular,751104
204,5,1,3,31,1,Médio,1410753
214,1,4,2,6,0,Popular,1038038
94,4,4,0,37,1,Médio,750585
53,5,3,1,38,1,Médio,534635
79,5,3,0,14,0,Popular,516142
52,4,3,1,9,0,Médio,469650
138,2,2,2,38,0,Nobre,1130394
294,2,2,1,13,0,Médio,1788551
208,2,4,2,0,1,Médio,1523319
217,5,3,2,38,0,Popular,1107312
169,3,4,2,6,0,Popular,922269
173,1,4,1,19,0,Médio,1065638
261,2,2,1,17,0,Popular,1242196
198,5,4,2,31,1,Popular,1106676
163,2,4,3,29,0,Médio,1019461
77,1,2,3,36,0,Médio,525569
101,1,2,3,6,1,Médio,843064
177,5,3,2,4,0,Médio,1290854
95,1,4,2,23,0,Médio,665747
183,5,4,3,30,1,Popular,1045210
166,1,1,2,37,0,Popular,708663
112,4,4,0,34,0,Popular,605318
91,3,1,0,5,0,Popular,508235
50,1,1,1,9,0,Nobre,474472
99,5,2,0,35,0,Popular,507512
296,3,2,3,38,1,Médio,1887094
228,2,4,3,27,0,Popular,1109843
256,2,2,2,16,0,Médio,1600715
66,2,1,3,20,0,Popular,334028
184,3,4,3,19,1,Médio,1371631
102,1,1,1,2,1,Médio,780160
215,4,4,0,10,0,Popular,1066949
228,4,4,1,9,0,Nobre,2151504
264,2,1,0,4,0,Nobre,2192316
71,3,4,3,16,0,Nobre,822594
121,4,3,1,38,0,Nobre,1110768
207,2,3,3,9,1,Popular,1104872
92,5,2,1,9,0,Popular,551765
251,3,4,2,10,1,Popular,1358976
182,5,4,1,15,0,Popular,989828
245,4,1,0,2,1,Médio,1681856
73,2,1,0,2,0,Médio,493917
175,4,2,3,2,0,Nobre,1713981
264,2,3,2,2,1,Popular,1398547
224,2,4,2,11,0,Nobre,2023646
255,5,4,0,4,0,Médio,1708601
89,4,2,1,17,0,Nobre,869167
214,4,2,2,16,0,Nobre,1950308
208,3,4,0,16,1,Nobre,2022676
271,1,3,0,14,0,Médio,1649043
199,5,2,1,16,0,Popular,1057691
258,5,1,2,17,0,Popular,1279706
188,2,4,3,19,0,Médio,1242863
44,3,4,3,23,0,Nobre,595631
122,4,1,0,0,0,Médio,880575
179,2,2,1,9,0,Nobre,1555780
252,5,1,1,6,0,Popular,1281888
151,5,1,0,12,0,Médio,1052674
141,2,3,2,24,0,Popular,692765
281,2,1,3,32,0,Médio,1663298
280,1,1,1,16,0,Nobre,2293562
141,3,2,3,17,0,Médio,902464
147,4,2,2,19,0,Popular,745107
132,1,1,0,22,0,Médio,749564
201,2,4,0,18,1,Popular,1070023
46,3,1,2,24,0,Nobre,487443
205,4,4,1,17,0,Nobre,1897223
256,1,2,2,24,0,Médio,1559448
192,2,1,0,30,0,Nobre,1601844
131,5,2,2,2,0,Médio,999702
84,5,2,3,17,1,Nobre,1113804
142,1,1,3,27,0,Popular,656299
270,3,1,0,23,1,Médio,1756076
288,4,2,1,6,1,Popular,1514364
40,5,2,1,14,1,Popular,375397
234,2,2,3,3,0,Médio,1510805
195,1,4,1,38,0,Popular,902567
131,1,1,2,0,0,Popular,645337
163,4,4,3,5,0,Médio,1236652
85,4,1,3,4,0,Médio,677590
262,5,1,2,15,0,Médio,1685600
55,4,4,2,39,0,Médio,474293
252,5,1,0,34,0,Popular,1184330
45,1,3,1,36,0,Popular,166446
122,5,4,1,11,0,Médio,984830
132,5,4,1,39,1,Popular,828506
242,2,3,2,1,0,Popular,1194406
248,2,4,1,9,0,Médio,1561380
99,4,1,1,16,0,Médio,677473
139,2,3,2,32,0,Nobre,1209573
163,5,2,1,31,0,Popular,838182
96,1,3,3,12,0,Popular,519649
127,1,4,3,16,0,Médio,853036
238,2,1,3,23,1,Médio,1541510
219,2,3,2,31,1,Nobre,2041561
243,3,3,3,33,0,Popular,1124999
292,1,2,0,9,0,Médio,1765970
202,2,1,0,19,0,Médio,1226372
146,2,4,3,5,1,Médio,1135015
190,1,4,3,27,1,Médio,1309496
196,2,2,3,9,0,Médio,1258644
159,3,2,1,20,1,Popular,905218
284,5,1,3,22,0,Popular,1368430
207,1,2,3,10,0,Nobre,1845103
186,1,3,0,22,0,Médio,1134146
177,2,1,1,33,0,Nobre,1441685
123,5,3,3,16,0,Médio,969948
205,4,3,2,38,0,Nobre,1811785
233,4,4,3,8,0,Popular,1245163
156,2,3,2,25,0,Popular,728398
203,4,2,2,24,0,Nobre,1805948
131,5,2,2,14,0,Médio,933363
279,1,1,2,39,0,Médio,1596130
191,3,3,0,24,0,Popular,916307
150,1,4,2,10,0,Médio,996974
271,5,3,3,33,0,Médio,1757825
163,1,4,1,12,0,Popular,810484
102,3,2,1,2,0,Popular,560190
248,4,2,2,24,0,Popular,1194122
122,2,1,0,10,0,Nobre,1071185
181,4,4,3,39,0,Popular,948806
99,4,2,3,38,0,Médio,690869
97,4,3,3,36,1,Médio,841463
118,4,4,3,20,1,Nobre,1370035
271,5,2,2,28,0,Médio,1742867
235,1,2,2,39,1,Médio,1478991
294,3,4,0,0,1,Nobre,2803300
251,3,2,0,18,0,Popular,1148970
134,1,2,3,30,0,Popular,619117
155,3,1,0,36,1,Médio,1007711
240,1,1,0,36,0,Popular,1015453
68,3,4,2,35,0,Popular,372210
207,1,3,2,25,0,Nobre,1755068
137,3,2,3,17,0,Nobre,1317046
70,1,4,1,20,0,Médio,478850
269,4,4,0,6,1,Médio,1880963
118,3,3,1,0,0,Popular,707861
217,4,4,3,29,1,Popular,1214146
124,5,1,0,28,0,Médio,801676
179,2,2,2,29,0,Nobre,1493081
184,1,1,2,25,0,Médio,1077334
84,5,2,1,3,0,Nobre,950921
175,4,4,0,35,0,Médio,1139963
291,2,4,0,15,0,Popular,1391214
150,3,4,0,0,0,Médio,1056116
78,5,3,3,30,0,Médio,637715
68,1,3,0,18,0,Popular,349110
140,3,1,0,34,1,Popular,707746
115,1,3,1,35,0,Médio,654067
272,3,1,2,5,0,Popular,1309802
67,1,4,0,20,0,Médio,481645
96,4,1,0,21,1,Popular,555450
100,4,1,3,12,0,Nobre,1050951
70,5,2,1,32,1,Médio,624449
226,3,1,3,3,0,Nobre,2045523
230,2,2,0,25,0,Médio,1360368
72,1,3,0,4,0,Médio,477639
81,2,1,2,5,0,Médio,599688
74,3,3,1,33,0,Nobre,728960
296,5,2,2,1,1,Médio,2069487
56,5,1,0,23,0,Nobre,610500
46,1,4,2,26,0,Médio,344661
258,2,1,2,24,0,Nobre,2174592
253,4,3,1,6,0,Popular,1285561
264,4,2,0,20,0,Popular,1255461
98,4,2,3,19,0,Médio,689532
184,3,1,2,10,0,Popular,920311
154,2,2,0,23,0,Nobre,1299309
144,5,2,0,24,0,Médio,1005315
200,3,4,1,18,0,Nobre,1828641
234,5,3,0,12,0,Médio,1550833
70,4,1,0,12,0,Médio,508608
127,1,4,1,2,1,Nobre,1369423
129,1,3,2,36,0,Médio,777241
161,5,2,1,29,0,Popular,810669
98,2,1,0,20,0,Médio,601624
168,4,4,1,33,0,Médio,1096384
42,1,4,2,23,0,Nobre,445645
151,4,2,3,26,1,Nobre,1579307
135,1,1,0,29,0,Popular,591343
225,5,4,3,23,0,Nobre,2123787
186,5,1,1,27,0,Popular,914464
220,2,3,2,15,0,Médio,1413451
125,1,2,1,10,1,Médio,911000
73,4,4,0,39,1,Popular,476832
62,3,1,2,9,0,Nobre,680131
92,3,1,1,8,0,Popular,496986
112,1,2,3,10,0,Médio,736934
77,3,4,2,29,0,Médio,587494
46,3,1,2,20,0,Popular,262073
84,4,1,0,31,0,Popular,437009
101,2,3,0,39,0,Popular,468760
139,5,3,3,8,0,Médio,1050816
251,5,1,0,35,0,Médio,1531706
253,5,2,3,27,0,Médio,1671101
264,4,3,3,32,0,Nobre,2323098
287,3,2,2,32,1,Popular,1414829
247,3,4,3,13,0,Nobre,2277163
227,1,1,2,5,0,Nobre,1905917
78,3,1,1,2,0,Popular,453352
137,1,3,2,23,1,Médio,981675
91,5,4,0,26,1,Popular,639667
82,1,4,0,27,0,Popular,393843
131,5,1,0,2,0,Popular,704842
201,1,3,3,20,0,Médio,1237025
287,4,4,2,11,0,Popular,1450678
183,5,3,2,2,0,Popular,1009387
228,4,2,2,11,0,Popular,1139769
299,1,3,3,4,0,Popular,1452705
190,1,4,2,10,0,Médio,1264110
156,4,3,2,21,0,Médio,1066003
215,3,3,0,11,0,Popular,1077303
182,2,3,0,13,0,Médio,1162180
240,3,2,1,35,1,Popular,1170220
134,5,1,2,28,0,Médio,897922
299,5,1,2,38,0,Nobre,2565439
50,1,4,0,9,1,Nobre,634724
58,5,1,1,31,0,Nobre,609919
125,3,4,2,20,0,Nobre,1200199
158,5,3,2,19,0,Popular,872285
90,3,4,2,21,0,Popular,526806
83,3,2,0,0,0,Médio,632222
202,3,3,3,24,1,Popular,1117374
136,3,2,1,20,1,Popular,771013
117,2,1,2,28,1,Médio,853177
142,5,2,2,10,1,Popular,888881
197,1,3,1,35,0,Médio,1143669
88,4,4,1,15,0,Médio,737661
120,4,4,0,18,1,Médio,967175
273,3,1,1,23,0,Nobre,2279856
214,5,3,0,21,0,Médio,1421163
264,2,2,2,16,1,Popular,1326422
93,5,4,3,13,0,Nobre,1092513
194,5,3,3,38,0,Popular,1019071
239,1,4,2,33,0,Médio,1443755
258,1,4,0,29,0,Médio,1554571
41,4,4,1,7,0,Popular,357603
69,2,4,2,10,0,Popular,440423
60,5,3,3,3,1,Médio,748169
139,3,2,1,28,0,Popular,696943
181,5,2,0,8,1,Nobre,1861304
184,1,4,3,2,0,Popular,932182
212,2,3,3,10,1,Nobre,2084892
180,3,1,0,12,0,Nobre,1527996
76,3,3,3,33,1,Médio,637548
179,2,2,0,39,0,Popular,786197
201,1,2,3,35,0,Popular,912977
55,2,2,1,31,0,Nobre,458936
127,2,1,1,21,0,Popular,587090
205,1,2,2,0,0,Médio,1340124
164,2,3,0,0,0,Médio,1086671
230,4,3,1,37,0,Médio,1468418
129,3,3,1,12,0,Popular,711812
282,2,4,2,26,0,Médio,1762911
264,2,3,2,28,0,Nobre,2217288
247,4,2,2,6,1,Médio,1753656
80,4,3,3,22,0,Médio,643747
132,4,2,1,19,0,Médio,921167
143,5,4,1,37,0,Médio,979942
181,3,4,0,19,1,Médio,1296879
135,3,4,1,37,0,Nobre,1200947
286,2,3,0,3,0,Nobre,2486038
62,1,4,1,36,0,Nobre,514517
62,5,3,3,4,0,Nobre,845939
212,1,3,2,27,1,Popular,1059797
164,3,1,3,16,0,Popular,807202
167,5,4,0,13,1,Popular,991790
291,3,1,3,19,0,Popular,1399702
119,3,4,1,30,0,Médio,808538
43,5,2,0,32,0,Médio,336769
94,5,1,1,11,0,Médio,704995
69,5,3,0,29,1,Médio,650518
111,4,4,1,16,0,Médio,850684
270,2,4,2,26,1,Médio,1798834
276,4,3,1,31,0,Popular,1328141
153,2,1,0,37,1,Médio,959466
273,5,1,3,35,0,Nobre,2382386
119,4,4,1,11,0,Popular,656074
73,5,2,1,11,0,Nobre,846388
130,3,3,1,17,0,Médio,876243
267,3,4,1,13,0,Nobre,2390405
230,5,1,0,3,0,Nobre,2086616
167,5,2,0,8,0,Popular,876590
97,1,1,1,16,0,Médio,566121
155,2,3,2,10,0,Médio,1043936
133,2,3,2,22,1,Popular,732841
242,5,2,3,30,0,Médio,1561745
264,3,3,3,3,1,Médio,1866392
174,4,2,0,26,0,Médio,1129650
99,5,4,1,7,0,Nobre,1118505
123,5,4,1,26,1,Médio,977082
141,1,4,2,4,0,Médio,978323
70,3,3,0,29,0,Médio,503730
107,5,4,1,5,0,Médio,893205
45,2,3,2,27,0,Popular,260955
144,2,1,2,24,1,Médio,988231
171,4,2,3,30,0,Médio,1101180
297,4,2,0,22,0,Médio,1846905
97,3,3,1,13,1,Nobre,1134712
115,5,1,0,22,0,Médio,776441
48,5,3,0,8,0,Médio,521430
192,5,3,3,31,0,Popular,976984
58,4,1,3,2,0,Nobre,726843
278,3,1,3,15,0,Nobre,2404875
227,3,4,1,26,0,Médio,1451683
99,1,1,2,14,1,Médio,703394
66,3,1,0,16,0,Popular,341170
204,1,3,1,6,0,Popular,993275
290,1,3,1,25,0,Popular,1327772
141,4,2,2,31,0,Nobre,1283800
124,1,1,2,12,0,Popular,593501
207,4,2,1,6,0,Nobre,1896709
247,1,2,2,34,0,Nobre,1994341
166,5,3,3,33,0,Popular,888160
278,5,1,0,22,1,Nobre,2526877
240,4,1,1,28,0,Popular,1149094
171,2,4,3,26,1,Popular,956396
148,5,3,3,2,0,Popular,895262
275,2,2,0,36,0,Popular,1254107
205,4,2,0,11,1,Médio,1421039
112,1,3,1,7,1,Médio,831530
70,4,3,0,1,0,Médio,619989
139,1,1,2,29,0,Nobre,1091633
49,2,2,3,31,0,Popular,264795
121,3,1,3,13,1,Médio,948859
93,2,4,1,34,1,Popular,535077
49,1,3,0,6,0,Popular,246183
158,4,1,3,21,0,Popular,801167
155,3,3,3,1,0,Médio,1105266
126,1,1,0,12,0,Popular,603059
218,4,2,0,0,1,Popular,1183173
212,1,1,2,0,1,Popular,1075337
268,1,4,1,38,1,Médio,1667403
64,3,1,1,31,0,Popular,321340
259,3,4,2,17,1,Nobre,2450612
47,4,1,1,23,0,Médio,376217
50,3,2,3,14,1,Nobre,729079
185,5,4,2,6,0,Popular,1026008
201,1,4,1,35,0,Popular,889905
299,5,2,2,21,0,Médio,1928781
88,5,4,2,30,0,Popular,589335
57,5,3,3,15,0,Médio,547463
219,4,4,1,2,0,Popular,1183779
257,5,2,2,9,0,Médio,1700834
110,5,4,0,39,1,Médio,884960
74,3,3,3,1,0,Popular,489201
90,2,3,3,33,0,Popular,455421
95,5,1,1,3,1,Médio,838413
65,2,2,3,11,1,Popular,478730
85,1,4,2,13,0,Nobre,850931
117,5,4,1,7,1,Médio,1054953
258,1,1,3,30,0,Popular,1161882
95,5,3,0,12,1,Médio,824601
226,3,4,2,28,0,Nobre,1991182
41,2,4,0,19,0,Médio,314803
93,3,3,2,27,0,Popular,527969
269,1,3,2,26,0,Popular,1270922
260,2,2,1,32,1,Popular,1255362
73,3,2,0,15,0,Nobre,717391
265,1,3,1,14,0,Popular,1287380
191,3,3,1,7,0,Nobre,1776743
196,2,1,3,37,0,Médio,1160551
245,2,3,1,17,0,Popular,1174862
176,5,2,1,1,0,Nobre,1722960
206,1,4,3,37,0,Médio,1271487
138,3,4,0,3,0,Nobre,1365878
288,4,3,0,23,0,Médio,1820903
53,3,2,1,6,0,Nobre,585306
62,4,2,3,4,0,Popular,415056
57,4,3,0,19,0,Médio,471359
201,5,2,1,31,0,Médio,1237261
123,2,1,2,31,0,Médio,751462
64,1,2,2,34,0,Médio,391176
92,1,3,0,12,0,Médio,621453
137,2,1,3,24,0,Nobre,1186559
136,2,4,1,31,0,Médio,829626
202,5,1,1,1,1,Nobre,2053408
242,2,2,2,30,0,Popular,1110697
206,2,3,1,28,0,Nobre,1777279
41,2,3,2,28,1,Médio,463792
282,1,2,3,29,0,Popular,1264675
206,4,1,1,11,0,Popular,1054189
90,3,1,1,20,1,Popular,548557
101,1,3,1,3,0,Nobre,958645
158,5,4,3,28,1,Popular,954584
250,3,3,1,5,0,Médio,1629498
92,4,2,3,13,0,Popular,552545
133,4,1,2,37,1,Médio,931178
159,3,3,1,32,0,Popular,744943
277,3,1,1,26,0,Popular,1306234
177,4,3,1,12,1,Médio,1334505
175,2,1,0,10,0,Médio,1070008
192,3,1,2,15,0,Médio,1231283
295,1,3,2,33,0,Popular,1361633
56,2,3,1,17,1,Popular,453108
226,4,2,0,13,0,Médio,1472325
92,5,4,2,0,0,Popular,607038
75,2,2,2,11,1,Médio,631028
240,3,3,3,12,0,Popular,1216462
235,4,4,3,0,0,Popular,1262094
158,4,4,0,15,1,Nobre,1680957
258,5,3,2,2,0,Médio,1783296
141,2,4,1,26,0,Nobre,1246865
235,1,4,0,3,0,Médio,1487554
268,2,1,2,32,0,Médio,1561682
212,3,1,2,12,0,Popular,1042022
110,5,4,0,35,0,Popular,613723
239,5,3,0,35,0,Popular,1164570
144,4,2,2,14,0,Popular,755800
176,4,4,2,37,0,Nobre,1642091
90,3,3,0,20,0,Popular,492683
258,3,2,3,14,0,Médio,1644489
199,3,2,0,26,0,Médio,1202533
218,5,1,1,33,0,Popular,1030888
254,3,3,1,33,0,Nobre,2136910
126,2,2,0,1,0,Popular,641109
208,3,3,3,38,0,Popular,1005981
144,2,4,3,18,0,Médio,987015
233,1,3,1,21,0,Nobre,1952075
107,5,3,3,11,0,Médio,859100
91,5,4,2,15,0,Médio,762845
117,5,4,3,20,0,Médio,899644
71,3,4,0,2,0,Popular,456264
139,5,1,2,24,0,Médio,967009
118,2,2,0,15,0,Popular,566604
299,4,2,1,3,0,Médio,1934223
104,3,1,0,12,0,Médio,682811
153,4,2,0,37,0,Nobre,1325922
178,5,4,2,23,1,Popular,1074016
78,3,2,3,25,1,Médio,645900
132,3,1,2,7,0,Popular,701727
112,2,1,1,32,1,Médio,778476
157,2,4,2,13,0,Nobre,1481034
273,1,3,1,24,0,Popular,1288295
229,2,4,3,37,1,Médio,1509428
276,1,1,3,1,0,Médio,1723597
253,5,1,2,13,0,Médio,1629033
86,3,2,1,7,0,Popular,496519
174,4,4,0,1,1,Popular,1042732
288,5,1,0,22,0,Popular,1353185
73,2,2,0,26,1,Médio,556248
154,4,3,2,34,0,Popular,787736
50,3,1,3,33,0,Popular,292415
211,3,4,1,22,0,Médio,1365186
63,4,1,1,18,0,Popular,385727
262,1,3,1,29,0,Popular,1187349
287,2,2,1,6,0,Médio,1803532
111,5,3,2,37,0,Nobre,1077661
267,1,4,3,36,0,Nobre,2225849
76,5,3,1,17,1,Médio,746270
218,2,1,1,22,0,Nobre,1792337
166,5,2,1,9,0,Nobre,1621624
74,5,1,1,17,0,Popular,429981
103,4,3,0,20,0,Nobre,1034594
159,2,4,3,24,0,Médio,1068854
51,3,4,2,29,0,Popular,358308
184,4,4,1,17,0,Popular,984786
154,1,3,2,30,0,Médio,939239
97,4,3,0,12,0,Popular,507097
277,1,1,2,30,1,Médio,1707046
296,5,1,2,26,0,Médio,1905114
69,2,4,1,19,0,Popular,400793
278,1,2,1,18,0,Popular,1299651
283,5,2,0,7,0,Nobre,2555441
237,5,4,1,39,0,Popular,1159605
155,3,3,1,13,0,Popular,798946
170,1,4,3,17,0,Médio,1095149
75,1,2,2,5,0,Popular,391180
113,4,3,0,2,0,Popular,629734
251,4,4,3,11,0,Médio,1735266
56,2,4,0,15,0,Médio,435700
195,5,4,3,37,0,Popular,1011545
179,2,1,3,11,1,Médio,1264738
72,5,2,3,11,1,Popular,547268
170,1,4,1,19,0,Nobre,1511772
75,5,3,3,7,0,Médio,709037
103,4,3,1,15,0,Nobre,1043978
266,2,4,2,30,1,Médio,1713444
273,1,4,1,17,0,Popular,1285740
111,3,1,0,25,0,Popular,512030
299,2,1,1,10,0,Popular,1395084
239,5,3,1,31,0,Popular,1196569
119,4,2,2,28,0,Médio,818708
260,4,1,0,8,1,Médio,1748493
65,5,2,3,36,0,Médio,504938
145,1,2,2,18,0,Médio,907573
162,1,4,1,35,0,Popular,740366
295,2,4,1,33,0,Popular,1422582
76,3,4,0,18,1,Popular,509964
247,2,2,2,14,1,Médio,1634245
41,2,1,0,6,0,Médio,308270
96,2,1,2,29,0,Popular,418870
126,5,3,3,31,0,Médio,930491
232,5,2,2,11,0,Médio,1560898
189,1,3,3,13,0,Popular,921098
278,3,4,2,9,0,Popular,1433431
122,4,2,1,24,0,Popular,634660
258,1,1,2,3,1,Popular,1313765
255,5,3,1,37,0,Popular,1250120
121,2,3,1,31,0,Popular,559890
281,4,3,1,24,0,Médio,1730247
276,5,1,3,3,1,Nobre,2705797
66,5,1,3,11,0,Médio,592426
283,5,3,1,28,0,Popular,1403448
292,3,2,1,28,0,Médio,1768973
74,5,2,0,8,0,Médio,586603
64,3,2,0,6,1,Médio,607173
284,4,2,3,13,0,Popular,1414077
65,1,1,2,4,0,Popular,352914
134,3,1,3,35,0,Nobre,1120427
259,4,2,3,35,0,Nobre,2260795
43,5,2,1,24,0,Nobre,533119
101,5,1,3,22,0,Médio,717922
272,3,2,0,12,0,Médio,1701537
174,3,1,2,22,0,Médio,1090166
235,3,2,2,4,0,Nobre,2112373
210,2,4,2,12,0,Popular,1076175
226,4,4,3,5,0,Popular,1195937
165,5,2,0,23,0,Nobre,1508969
237,1,3,1,28,0,Nobre,1975340
57,4,3,1,0,0,Popular,424379
48,4,2,3,9,0,Popular,374936
234,5,4,1,13,0,Nobre,2235044
111,1,1,3,6,0,Médio,743736
101,2,2,0,34,0,Nobre,814314
268,4,1,0,14,0,Médio,1655786
61,3,1,1,22,1,Popular,403995
63,5,1,3,35,0,Médio,483358
107,4,4,1,1,0,Médio,888440
92,3,4,3,9,0,Popular,589039
61,2,4,0,8,1,Popular,445017
218,5,2,2,9,0,Popular,1153056
115,5,1,3,5,0,Nobre,1260738
102,4,1,2,1,0,Popular,611871
138,5,2,0,30,0,Nobre,1243638
72,4,2,3,19,0,Médio,581812
294,1,3,1,8,0,Médio,1793129
252,2,3,2,36,1,Popular,1272317
93,1,4,2,31,1,Popular,512659
166,3,2,1,11,0,Popular,835672
147,2,3,0,15,1,Popular,805537
128,1,2,1,24,0,Popular,568625
82,5,3,0,6,0,Médio,703489
152,5,2,2,19,0,Nobre,1457935
299,3,4,1,35,0,Popular,1432518
263,5,1,0,13,0,Médio,1662113
190,5,4,2,28,0,Nobre,1802622
298,2,2,1,37,1,Médio,1862377
155,4,2,0,26,0,Nobre,1391790
40,1,1,0,32,0,Popular,159738
181,2,2,1,6,0,Médio,1162372
115,3,1,2,3,1,Médio,897445
218,5,2,1,4,0,Popular,1139146
222,4,1,2,8,1,Popular,1204739
73,5,1,1,13,0,Médio,611940
131,4,1,3,36,0,Nobre,1166937
78,2,3,3,35,0,Nobre,688294
58,5,1,3,6,0,Popular,401057
169,1,4,1,34,0,Médio,1053310
103,1,1,1,37,0,Popular,432703
188,3,1,3,4,0,Nobre,1744292
236,3,4,0,14,0,Médio,1539006
232,3,4,1,36,1,Nobre,2132983
221,3,1,2,37,0,Médio,1353810
251,3,1,2,39,0,Nobre,2111480
192,5,2,3,16,0,Médio,1319495
79,5,4,3,3,0,Médio,743697
112,5,1,0,12,0,Nobre,1097347
145,3,3,0,7,0,Nobre,1395042
246,5,1,0,23,0,Médio,1594880
187,5,3,1,7,0,Médio,1312450
195,5,1,2,27,0,Popular,994293
112,4,2,0,14,0,Popular,606477
194,5,4,1,6,0,Popular,1095761
122,4,2,2,12,0,Popular,680377
227,3,1,2,5,0,Popular,1121260
182,3,2,3,3,0,Popular,917440
218,2,4,1,14,0,Popular,1020361
226,3,3,0,6,1,Médio,1584431
147,1,3,3,18,0,Médio,938781
284,5,2,1,35,0,Nobre,2462431
185,1,1,3,33,0,Popular,842908
117,4,2,3,39,0,Popular,598173
219,2,3,0,33,1,Médio,1419770
244,3,4,2,20,0,Médio,1583852
234,1,4,2,6,0,Médio,1497254
124,2,1,0,22,0,Médio,735872
162,2,2,3,28,1,Médio,1125908
42,3,4,2,17,0,Médio,398668
113,4,1,0,7,1,Médio,879097
154,4,2,1,17,0,Popular,837821
117,4,3,1,38,0,Médio,754427
178,5,1,3,15,0,Nobre,1682582
73,1,1,1,3,0,Nobre,723088
74,5,1,2,10,0,Médio,613104
116,4,2,3,1,0,Médio,933994
264,5,1,1,25,0,Popular,1301360
279,2,1,1,28,0,Médio,1632931
122,1,2,2,2,0,Popular,653579
163,5,4,2,13,0,Médio,1178640
188,2,4,1,15,1,Médio,1348799
50,4,1,3,25,1,Nobre,734591
113,3,2,1,34,0,Médio,713370
112,1,2,3,34,0,Popular,525948
198,1,3,0,22,0,Popular,915655
193,5,1,1,36,0,Médio,1186111
107,4,1,0,35,0,Popular,514902
195,2,3,1,9,0,Popular,983003
199,5,1,1,25,0,Nobre,1807581
156,2,2,3,29,0,Popular,781715
224,2,4,0,2,0,Nobre,2030296
122,2,3,0,21,0,Médio,793198
237,4,2,2,28,0,Nobre,2086036
266,5,1,1,18,0,Popular,1313660
272,5,4,3,2,0,Popular,1458531
126,4,3,1,28,0,Popular,626159
252,1,3,1,31,0,Popular,1152558
63,1,1,1,5,0,Médio,404125
292,5,3,2,28,0,Médio,1874290
100,4,3,0,12,0,Médio,701597
215,3,3,2,3,0,Popular,1107723
183,1,2,0,4,0,Médio,1148347
68,2,3,1,24,0,Médio,464931
258,1,3,3,19,0,Popular,1256973
121,1,3,0,4,0,Médio,821300
240,5,3,1,11,0,Popular,1250871
122,5,3,3,25,0,Popular,705988
247,1,1,3,20,0,Médio,1491419
130,4,2,1,34,0,Nobre,1135701
136,4,4,2,29,0,Médio,939662
292,5,1,0,33,1,Popular,1441744
162,5,3,2,2,0,Popular,918216
160,3,3,3,7,1,Popular,997175
221,5,4,3,17,0,Popular,1206512
126,2,1,3,15,0,Médio,829836
191,4,1,0,32,0,Popular,924109
89,3,4,3,8,0,Nobre,1011322
276,1,3,3,21,0,Médio,1680743
156,2,4,2,33,0,Popular,737789
292,3,4,2,31,0,Nobre,2550737
157,3,1,3,22,0,Médio,991076
46,5,2,2,21,0,Popular,340610
196,4,4,3,15,1,Médio,1477108
288,2,2,3,37,1,Popular,1394028
154,4,4,0,21,0,Médio,1066880
298,1,2,3,1,0,Médio,1840984
257,4,2,1,15,0,Popular,1235762
142,1,2,0,12,0,Popular,670716
210,1,2,1,11,0,Popular,976105
64,1,3,0,14,0,Nobre,566908
236,3,2,0,8,0,Popular,1190004
181,2,3,2,30,1,Popular,925901
41,2,4,3,16,0,Nobre,537722
261,2,3,0,30,0,Popular,1184016
253,3,2,1,32,1,Nobre,2261612
261,1,1,2,14,0,Nobre,2153969
180,4,3,3,12,0,Nobre,1730538
261,1,1,0,25,0,Popular,1157033
237,4,4,3,20,0,Nobre,2210304
299,3,2,0,29,1,Popular,1489016
231,5,4,3,27,0,Nobre,2156543
86,1,2,0,4,0,Nobre,786336
204,5,1,3,2,0,Médio,1422069
64,5,1,0,4,0,Popular,429065
58,5,3,3,32,1,Médio,617708
235,5,3,3,37,0,Popular,1201577
40,4,1,3,1,0,Popular,288315
280,1,2,0,4,0,Popular,1319699
177,1,1,0,36,0,Médio,971768
217,1,4,3,30,1,Médio,1473853
156,4,2,0,12,0,Nobre,1420878
291,4,1,1,24,0,Nobre,2491598
296,4,3,2,21,1,Popular,1571033
107,3,2,0,18,0,Popular,565970
258,5,3,0,27,1,Popular,1387494
201,2,4,2,22,1,Popular,1058768
228,5,4,3,10,0,Médio,1632613
119,4,4,3,1,0,Médio,952385
126,3,3,2,32,0,Médio,828338
112,3,2,1,17,1,Médio,829915
141,5,1,3,37,0,Médio,908452
206,4,2,0,3,0,Popular,1024656
120,4,3,2,33,0,Popular,653211
83,2,2,0,28,0,Nobre,683379
296,4,3,1,23,0,Médio,1835205
298,5,3,1,35,1,Médio,2049286
216,4,1,0,2,1,Popular,1158809
74,5,4,1,22,0,Popular,476363
243,2,4,2,28,0,Popular,1177167
294,3,2,2,17,0,Popular,1430514
268,5,3,2,22,0,Médio,1762009
259,2,1,0,19,0,Nobre,2147319
245,3,3,0,10,0,Popular,1219835
100,3,3,2,37,0,Médio,667903
227,5,3,1,12,0,Popular,1175421
196,4,1,3,13,0,Médio,1318835
244,3,2,0,39,0,Popular,1149828
145,2,2,1,13,0,Nobre,1289840
270,5,3,1,27,0,Médio,1724821
249,1,4,0,25,0,Popular,1159925
206,4,1,2,36,1,Nobre,1890401
148,5,4,2,16,1,Nobre,1653336
67,3,4,1,14,0,Médio,571514
224,4,3,1,20,0,Médio,1464028
178,1,3,0,19,0,Popular,849834
289,2,4,3,0,1,Popular,1528263
245,1,3,1,19,0,Nobre,2093722
65,5,3,0,29,1,Nobre,875034
164,3,3,3,1,0,Médio,1162702
275,3,2,0,27,0,Popular,1259643
61,2,1,0,9,1,Médio,509007
84,4,1,2,38,0,Popular,423316
91,3,4,1,18,0,Nobre,958618
297,1,3,1,11,0,Popular,1406647
155,4,3,1,16,0,Popular,843240
264,5,4,2,22,0,Médio,1773375
49,1,4,0,19,0,Médio,342606
183,3,3,2,22,0,Nobre,1663383
244,2,4,0,11,1,Popular,1289403
135,2,3,3,16,0,Popular,714322
149,1,1,0,38,0,Popular,643729
203,5,4,2,35,0,Popular,1039804
89,3,2,1,26,0,Nobre,807537
295,2,3,2,38,1,Popular,1455792
244,5,1,0,32,0,Popular,1129502
220,3,1,2,34,1,Médio,1403558
52,2,1,0,31,0,Médio,272241
260,3,1,1,32,0,Médio,1528364
190,1,1,3,25,0,Popular,870381
290,2,1,0,23,0,Nobre,2342474
191,5,3,2,9,0,Médio,1346922
248,1,2,2,34,0,Popular,1125291
165,5,3,3,6,1,Médio,1349016
230,5,4,3,4,0,Médio,1652390
195,5,1,2,21,0,Nobre,1768265
217,3,3,1,38,1,Popular,1119009
40,5,2,1,22,0,Médio,393144
91,4,3,1,12,0,Nobre,984287
128,5,4,0,36,0,Popular,673483
229,5,3,3,27,0,Popular,1187101
96,1,4,2,17,1,Médio,804098
127,2,1,3,12,0,Popular,672476
200,2,2,3,34,1,Médio,1280821
65,2,1,1,31,1,Médio,497187
57,1,1,3,23,0,Popular,264848
294,4,4,1,10,0,Nobre,2649851
150,5,1,0,7,1,Médio,1099317
146,4,2,0,21,0,Popular,748358
211,3,2,3,0,0,Popular,1096017
114,4,3,0,10,1,Nobre,1293142
200,5,2,0,23,1,Popular,1059237
153,2,4,3,28,0,Médio,984390
253,4,1,2,2,0,Médio,1674514
119,1,1,1,20,0,Popular,519219
218,2,2,1,32,0,Nobre,1794628
262,3,3,0,38,0,Nobre,2163685
131,3,4,0,35,0,Nobre,1147935
86,4,4,2,10,1,Popular,649094
72,3,4,0,36,0,Popular,359667
234,3,1,0,0,0,Nobre,2042104
247,1,4,2,2,0,Popular,1234895
204,5,4,3,1,0,Médio,1504813
196,3,1,2,3,0,Médio,1290994
90,2,4,0,7,0,Popular,512148
61,3,2,1,9,0,Popular,364125
207,1,1,3,19,0,Médio,1269036
224,1,1,3,34,0,Popular,1032541
100,2,3,2,19,0,Nobre,947693
126,4,2,2,10,1,Médio,1035535
112,4,1,3,22,1,Popular,707610
276,5,4,2,20,0,Nobre,2516633
90,1,4,3,9,0,Médio,681553
110,5,2,3,7,0,Médio,857076
285,3,4,1,37,0,Popular,1362305
44,4,1,0,35,0,Médio,303881
46,1,3,1,15,0,Médio,361105
129,2,2,1,16,1,Médio,947274
175,2,4,2,14,0,Popular,915331
126,1,3,0,13,0,Popular,642394
44,4,4,1,26,0,Nobre,601112
275,4,1,2,29,1,Popular,1417361
283,5,4,2,18,1,Médio,2015688
138,2,3,1,4,0,Médio,948789
167,4,2,0,34,0,Nobre,1443549
244,3,4,3,18,0,Médio,1630766
100,3,2,0,2,1,Nobre,1121536
73,4,4,0,38,0,Médio,541645
74,3,2,3,29,0,Médio,503601
202,1,2,3,26,1,Popular,1025227
111,4,2,0,32,0,Médio,729528
248,5,1,1,1,0,Popular,1269762
179,3,2,1,29,0,Médio,1122360
287,4,4,2,23,1,Popular,1503249
230,3,4,0,4,0,Médio,1519966
225,3,4,2,12,1,Popular,1244530
244,5,1,2,32,0,Médio,1547958
113,2,3,1,7,0,Popular,607128
218,2,1,2,9,0,Nobre,1924881
265,5,4,3,31,0,Popular,1350053
220,3,3,1,2,0,Médio,1465776
250,4,1,0,13,0,Médio,1562423
224,3,1,0,23,0,Nobre,1850612
277,2,1,1,0,0,Popular,1322342
102,5,4,1,22,0,Médio,780253
136,1,3,0,5,0,Médio,873619
87,2,4,2,3,0,Popular,547791
253,1,3,1,27,0,Médio,1512738
125,5,2,2,35,0,Popular,675949
106,3,3,1,22,0,Médio,698051
196,5,3,1,12,0,Popular,1064632
163,4,2,0,34,1,Popular,896289
206,4,4,2,9,0,Nobre,1987672
249,1,4,0,4,0,Popular,1211373
71,2,3,0,27,0,Médio,458265
109,2,2,0,14,0,Nobre,988152
98,3,1,0,9,0,Médio,645406
111,4,4,1,0,0,Popular,646272
195,4,4,1,6,0,Médio,1341968
226,3,4,1,15,0,Médio,1522377
218,5,1,3,39,0,Popular,1057671
190,3,3,2,36,0,Médio,1221494
252,5,2,0,10,1,Popular,1366441
166,1,1,0,16,1,Popular,863239
285,1,3,0,3,0,Popular,1326182
176,3,4,3,17,0,Nobre,1675481
118,3,4,1,36,0,Popular,621927
232,3,2,0,12,0,Popular,1113958
297,5,3,2,8,0,Médio,2003435
60,1,2,0,7,0,Médio,384314
167,2,1,1,22,0,Popular,826631
59,3,1,0,13,0,Médio,416802
82,5,2,1,7,0,Popular,530465
293,3,4,2,14,0,Médio,1907578
136,2,1,0,38,0,Nobre,1067991
180,4,2,0,1,0,Popular,938018
81,3,2,0,5,0,Nobre,831148
158,3,2,1,3,0,Médio,1088088
228,5,1,1,9,0,Popular,1176633
86,2,4,2,23,0,Popular,481106
191,4,1,3,33,1,Médio,1301367
92,5,3,3,8,0,Nobre,1073731
211,3,4,1,15,0,Popular,1074579
207,2,2,0,29,0,Médio,1227111
115,1,2,2,5,0,Popular,585677
43,2,1,2,5,0,Popular,296861
217,3,3,1,16,1,Popular,1151448
279,5,2,0,31,0,Nobre,2394364
279,4,1,3,21,0,Médio,1733316
176,4,3,0,26,1,Nobre,1732063
96,1,4,2,14,0,Popular,492574
299,2,2,3,8,0,Médio,1889844
299,2,4,1,34,0,Popular,1410228
124,5,3,3,20,0,Médio,953567
128,4,2,0,4,0,Médio,914730
111,2,4,1,14,0,Médio,781805
210,4,4,3,27,0,Popular,1105418
69,3,3,2,9,0,Popular,435795
63,1,3,2,5,0,Médio,515176
70,5,1,2,27,1,Popular,504826
77,2,2,1,11,0,Médio,541541
283,4,4,2,23,0,Médio,1828027
88,3,4,1,23,1,Médio,733535
196,3,4,2,30,1,Popular,1085084
48,4,1,1,2,0,Popular,333862
266,4,4,3,36,1,Nobre,2461458
224,5,1,3,18,0,Popular,1160893
228,3,2,1,38,0,Médio,1390855
123,4,3,1,12,0,Popular,670695
225,4,1,1,15,0,Popular,1072684
220,3,2,0,19,0,Popular,1056574
144,2,4,2,28,0,Nobre,1311118
86,3,2,2,17,0,Médio,600015
124,2,3,3,32,0,Médio,797590
82,2,2,0,38,0,Nobre,651513
145,1,4,1,18,0,Médio,900189
186,3,2,1,24,0,Nobre,1660481
89,3,3,3,39,0,Popular,466005
53,2,4,0,35,0,Nobre,502631
59,3,3,0,15,1,Médio,563498
65,4,1,3,32,0,Popular,320070
147,5,4,1,3,0,Médio,1121385
143,4,4,1,24,1,Popular,864574
48,3,1,3,25,1,Nobre,646070
60,1,3,3,39,0,Popular,271550
181,1,2,1,10,1,Popular,932848
53,3,4,0,31,0,Médio,412259
96,2,3,0,16,0,Nobre,877755
42,3,4,2,29,0,Nobre,538687
283,1,1,3,18,1,Médio,1799002
117,2,4,1,33,0,Nobre,1024333
83,1,4,1,2,0,Popular,514109
203,1,4,3,12,1,Médio,1439610
203,1,3,1,36,0,Médio,1228511
187,1,3,2,27,1,Popular,983808
248,5,4,1,35,0,Médio,1613765
257,5,2,1,20,0,Médio,1696416
178,3,3,0,15,0,Popular,902475
222,4,2,1,28,0,Popular,1082737
76,3,3,2,33,0,Popular,439005
238,2,4,3,18,0,Médio,1540852
266,3,3,3,23,0,Nobre,2345503
129,4,2,2,9,1,Nobre,1423763
179,3,4,3,22,0,Nobre,1713481
49,4,1,2,18,0,Nobre,510776
213,2,3,3,27,0,Nobre,1822362
290,2,2,0,32,0,Popular,1318768
298,4,3,0,2,1,Médio,2032966
278,1,4,2,9,1,Nobre,2573890
276,2,2,1,38,1,Médio,1709452
243,5,4,0,15,1,Nobre,2404196
286,1,2,3,20,0,Nobre,2423273
98,4,2,3,1,0,Nobre,1129672
229,2,3,3,35,0,Popular,1064565
87,5,4,2,11,0,Nobre,1014969
105,5,2,0,11,0,Nobre,1045872
145,4,2,1,16,0,Popular,720528
158,5,4,3,31,0,Popular,849874
59,2,4,0,36,0,Médio,389600
125,4,1,1,37,1,Médio,889278
141,3,2,0,24,0,Popular,686171
221,2,3,0,34,0,Médio,1291490
176,5,4,3,15,0,Popular,972073
150,1,3,1,21,1,Médio,1016310
202,3,1,2,33,0,Médio,1229645
257,4,4,0,18,0,Popular,1269883
160,1,2,0,29,0,Nobre,1268696
210,3,2,1,1,0,Médio,1405990
76,5,4,3,11,0,Nobre,981588
269,1,4,0,7,0,Nobre,2328583
256,5,4,3,12,0,Médio,1761511
269,5,4,3,2,0,Médio,1870497
205,4,3,0,36,0,Popular,992852
125,4,1,3,24,0,Nobre,1176143
106,4,1,0,31,0,Médio,656008
271,5,1,2,36,0,Nobre,2339370
142,1,2,0,21,1,Médio,949684
176,2,2,0,2,0,Médio,1109040
46,1,3,2,31,0,Popular,239569
80,5,4,0,14,0,Popular,529160
239,5,2,3,3,1,Popular,1328232
285,3,4,2,31,0,Médio,1811634
144,5,1,0,16,0,Popular,747867
256,1,4,3,29,1,Médio,1699286
269,3,2,2,36,0,Popular,1239155
251,4,1,3,3,1,Popular,1371282
123,2,4,0,4,0,Popular,651654
246,4,4,3,4,0,Nobre,2348222
145,1,2,0,24,1,Popular,731292
102,5,1,0,2,0,Popular,601448
84,1,3,0,21,0,Nobre,727635
81,3,2,1,4,0,Popular,480691
226,5,1,2,20,0,Popular,1110554
254,4,4,1,8,0,Médio,1664126
235,1,1,1,17,0,Médio,1382235
228,4,4,0,29,1,Médio,1589725
235,2,3,2,6,0,Popular,1171118
125,4,2,3,1,0,Nobre,1354986
222,2,2,3,5,0,Nobre,2014173
101,3,3,1,13,0,Popular,557325
212,3,4,1,18,0,Médio,1401074
58,4,1,0,16,0,Médio,430843
202,4,3,2,2,0,Popular,1093672
196,5,3,1,30,0,Popular,997729
239,4,4,1,3,0,Médio,1605534
181,4,3,1,11,0,Nobre,1720369
148,5,1,1,19,1,Popular,863677
204,5,3,2,37,0,Médio,1343596
107,3,1,2,11,0,Nobre,1059788
91,3,3,2,34,0,Médio,632107
149,4,3,2,34,0,Popular,747317
147,5,2,2,33,0,Popular,776451
86,2,1,1,17,1,Nobre,925206
114,2,3,3,38,0,Médio,752075
239,3,2,0,39,1,Médio,1553688
62,2,2,2,32,0,Médio,393036
228,4,1,2,4,0,Popular,1124704
248,2,3,0,1,1,Nobre,2362356
216,4,4,1,31,0,Nobre,1950090
208,4,1,3,30,0,Nobre,1830893
255,3,1,3,13,1,Nobre,2376445
93,5,1,1,0,0,Popular,557536
285,5,2,0,39,1,Médio,1828665
98,2,2,2,20,0,Médio,635752
238,2,1,1,7,0,Popular,1123110
264,3,2,3,31,0,Médio,1630537
48,5,4,2,26,0,Médio,485032
214,2,3,0,21,0,Médio,1279744
268,3,3,1,24,1,Médio,1739863
89,2,4,1,9,1,Nobre,1068507
237,4,2,3,2,0,Nobre,2218548
149,1,2,3,0,0,Nobre,1401195
132,4,2,1,13,0,Nobre,1238324
110,5,2,3,1,0,Popular,666791
99,5,1,3,6,0,Médio,781524
242,4,2,2,31,1,Popular,1246938
72,3,4,1,5,0,Popular,489848
131,1,4,0,7,0,Nobre,1225595
218,1,3,0,3,0,Popular,1032559
124,3,3,1,37,0,Popular,621845
241,4,2,1,36,1,Médio,1571839
152,5,3,0,18,0,Popular,804358
192,1,4,1,6,1,Médio,1348137
248,3,4,0,31,0,Médio,1506006
176,3,3,2,6,0,Popular,917735
242,3,4,2,16,0,Nobre,2199513
116,3,4,1,6,0,Popular,632032
164,5,3,2,0,1,Médio,1321522
275,3,1,3,6,0,Médio,1759401
130,1,2,1,5,0,Popular,635187
90,3,2,0,22,0,Nobre,809931
111,4,1,2,17,0,Popular,584511
97,3,4,0,7,0,Médio,736412
193,2,4,1,22,0,Médio,1224346
62,3,2,3,28,1,Médio,585880
161,4,1,2,5,0,Popular,850456
248,3,3,1,1,1,Popular,1317378
66,1,1,3,7,0,Médio,467852
160,1,1,0,13,0,Nobre,1336121
281,3,4,3,2,0,Médio,1880948
270,1,3,0,30,0,Nobre,2213879
254,5,2,2,32,0,Médio,1604145
90,5,3,2,27,0,Médio,685372
266,3,3,3,15,0,Médio,1726743
132,5,4,1,24,0,Popular,741115
89,4,1,3,12,1,Popular,620767
283,3,2,1,24,0,Popular,1313373
107,2,3,0,5,0,Nobre,1024428
262,1,3,0,13,0,Popular,1237027
267,4,2,1,39,0,Nobre,2206755
202,2,4,1,19,0,Popular,1037110
74,4,3,3,0,0,Popular,524068
72,4,1,0,1,1,Médio,667530
201,4,3,0,21,0,Nobre,1802237
178,1,4,2,26,0,Popular,892846
130,2,1,2,1,0,Médio,904964
164,2,2,3,13,0,Popular,835167
118,5,1,2,29,0,Nobre,1159979
151,2,3,1,32,0,Nobre,1270682
293,2,4,3,12,0,Médio,1852425
154,5,1,3,8,0,Médio,1113099
257,2,4,2,35,0,Popular,1219089
165,4,3,2,21,1,Popular,959805
85,3,2,3,3,0,Popular,551494
271,2,4,0,24,0,Médio,1690088
277,3,2,0,2,0,Popular,1354890
77,5,3,0,38,1,Popular,514008
123,1,1,0,35,0,Popular,515941
157,1,3,2,14,0,Popular,797146
285,5,2,2,24,0,Médio,1809906
282,5,4,0,0,0,Popular,1464317
175,3,1,1,6,1,Nobre,1720628
246,1,1,1,23,0,Nobre,2016882
114,2,1,0,2,0,Popular,579325
150,2,4,0,35,0,Médio,919660
131,1,2,2,16,0,Médio,803115
46,3,2,0,33,0,Nobre,427355
239,4,1,1,29,0,Nobre,2035583
207,2,3,1,17,0,Popular,1029543
88,4,4,2,15,1,Popular,591954
273,2,2,1,14,0,Médio,1683497
249,5,1,3,9,1,Popular,1343711
109,5,1,3,14,1,Popular,699414
118,5,3,0,25,0,Médio,815254
253,2,3,0,13,0,Popular,1221494
240,3,1,2,11,0,Popular,1156082
126,2,3,3,25,0,Popular,651403
103,3,4,1,1,0,Médio,811720
298,2,3,2,31,1,Nobre,2670860
261,5,3,1,33,0,Médio,1657585
67,1,2,3,6,1,Médio,594520
42,2,3,0,15,1,Popular,303982
245,3,2,1,4,1,Nobre,2366323
74,4,2,3,14,0,Médio,595165
237,5,4,2,31,0,Nobre,2200245
255,5,2,0,9,0,Popular,1264810
154,2,4,2,17,0,Médio,1010933
188,5,1,1,26,0,Popular,944497
97,1,3,3,22,0,Nobre,910561
134,5,4,2,27,0,Médio,994512
134,1,4,3,4,0,Popular,703550
76,5,2,0,33,0,Médio,517224
256,4,3,0,8,0,Nobre,2337522
149,2,3,0,6,0,Médio,990413
71,1,4,3,18,0,Médio,511645
236,2,3,2,16,0,Médio,1517563
245,5,2,3,16,0,Popular,1225023
212,1,2,2,10,0,Popular,1037529
193,3,1,0,21,0,Médio,1164255
157,2,4,1,3,1,Popular,909616
157,1,1,0,36,0,Médio,876355
63,1,1,2,25,1,Médio,471486
97,1,3,2,30,0,Nobre,826843
77,1,3,0,6,0,Médio,547099
188,3,1,0,31,1,Médio,1259718
289,3,2,3,37,0,Médio,1724633
159,2,4,2,5,0,Médio,1075716
55,1,4,0,37,0,Nobre,456957
145,5,3,1,14,0,Médio,1053598
179,2,2,3,17,1,Popular,938765
195,3,1,3,3,0,Popular,1017565
297,4,1,0,36,0,Popular,1350258
147,5,2,2,15,0,Médio,1033213
71,1,3,2,0,0,Popular,435328
206,5,1,2,21,1,Popular,1100101
58,5,4,1,7,0,Médio,615306
98,3,4,3,23,1,Popular,653983
134,1,2,0,4,0,Popular,664069
229,1,3,2,19,1,Popular,1162047
113,5,1,2,38,1,Médio,885174
81,2,3,1,9,0,Médio,555015
149,1,4,0,31,0,Médio,894004
82,3,4,0,31,0,Médio,554737
290,1,4,1,1,0,Popular,1405857
236,5,4,0,26,0,Médio,1559061
237,2,2,3,7,0,Popular,1180323
295,2,3,0,8,1,Médio,1994668
65,1,3,1,14,0,Popular,368136
233,1,4,0,33,0,Médio,1366408
98,2,2,0,23,0,Nobre,825223
283,3,1,0,11,0,Médio,1717611
93,3,1,2,32,0,Popular,469500
231,3,4,2,16,0,Nobre,2138648
89,5,4,3,23,1,Médio,866103
224,2,1,1,7,0,Médio,1396669
144,1,1,3,5,1,Popular,801821
262,2,3,0,18,0,Nobre,2257635
221,4,4,1,25,1,Médio,1536466
95,1,4,2,24,0,Médio,620643
245,2,4,1,25,0,Popular,1145143
201,1,4,0,28,0,Nobre,1684373
282,5,1,2,31,1,Popular,1436111
148,4,4,3,30,0,Popular,829388
128,4,1,2,36,0,Médio,831002
131,2,1,1,12,0,Nobre,1153329
159,4,1,0,16,0,Médio,1089066
77,5,1,3,8,1,Nobre,1024383
247,4,1,2,4,0,Médio,1620368
122,2,2,3,16,0,Nobre,1122611
243,1,2,1,33,0,Popular,1084080
217,1,4,0,11,0,Médio,1361275
79,2,2,3,36,0,Nobre,717554
81,3,1,3,12,0,Médio,583139
234,4,2,3,30,0,Popular,1125171
134,1,3,1,11,0,Médio,856726
207,4,4,3,34,0,Nobre,1891886
123,5,1,2,18,1,Popular,735712
136,4,4,1,27,0,Nobre,1311941
128,2,2,3,13,0,Nobre,1209236
291,4,1,0,22,0,Médio,1773315
150,2,2,2,36,1,Popular,795426
156,3,3,0,7,0,Nobre,1468920
187,5,3,0,19,0,Popular,995594
259,4,3,3,28,0,Médio,1681874
116,3,4,2,4,0,Popular,672657
299,3,3,3,38,1,Médio,1947099
292,1,1,0,30,0,Nobre,2304339
153,2,4,3,30,1,Médio,1122072
82,3,1,0,17,0,Nobre,784731
203,3,4,0,1,0,Popular,1041641
288,2,1,3,29,0,Médio,1703539
97,3,1,3,32,0,Médio,644426
104,5,2,2,27,0,Popular,599454
221,2,2,2,7,1,Médio,1543567
299,2,3,2,31,0,Médio,1825617
285,3,1,3,16,0,Médio,1735894
264,1,2,3,35,0,Popular,1208540
164,1,2,0,25,0,Popular,747886
77,1,4,3,18,0,Popular,421837
85,2,1,3,8,0,Médio,610399
77,3,3,0,19,0,Popular,403356
191,1,2,2,22,0,Médio,1148177
139,3,2,1,22,0,Popular,724276
164,5,2,1,32,0,Médio,1063985
163,5,4,1,17,0,Nobre,1636475
240,3,4,3,39,0,Popular,1136524
179,4,1,0,38,0,Médio,1078431
127,5,4,0,28,0,Médio,898488
151,2,1,3,7,0,Popular,776489
60,3,4,1,12,0,Popular,390784
103,1,2,1,11,0,Popular,501509
251,2,4,3,9,0,Médio,1667719
214,1,1,3,34,0,Médio,1241656
144,2,4,2,17,0,Médio,998464
114,3,1,0,26,0,Popular,533054
95,4,1,2,39,0,Popular,468448
186,4,1,3,22,1,Médio,1318779
291,3,3,2,34,1,Popular,1470693
154,5,3,2,29,0,Popular,849385
85,4,1,1,11,0,Popular,460782
205,3,1,2,8,0,Popular,1032144
174,3,4,3,1,0,Nobre,1750338
170,1,3,3,22,0,Nobre,1473776
293,5,1,2,21,0,Médio,1890214
202,4,3,2,19,1,Popular,1105528
161,5,1,2,21,0,Nobre,1472482
173,1,2,1,17,0,Popular,846472
153,2,4,1,25,1,Popular,822132
59,1,1,3,29,1,Nobre,609173
157,1,1,1,4,0,Médio,996269
169,4,1,0,16,1,Nobre,1649781
43,5,2,1,31,0,Popular,304577
109,3,2,3,28,0,Nobre,1018967
211,4,3,1,5,0,Popular,1159836
125,3,1,2,15,0,Popular,607394
192,1,4,1,29,0,Médio,1135628
152,5,2,2,33,0,Médio,1013965
132,5,3,2,19,0,Popular,765653
128,3,2,3,19,1,Popular,720052
243,3,2,3,12,0,Popular,1170346
179,3,3,3,10,0,Popular,943067
102,3,4,0,6,0,Popular,586043
185,4,2,2,39,1,Médio,1235448
77,4,1,2,37,0,Popular,394244
175,1,1,1,28,0,Médio,987695
43,2,1,2,12,0,Médio,327292
121,1,1,3,17,0,Popular,545563
129,1,3,1,5,0,Popular,654929
73,5,2,3,39,0,Médio,579654
297,4,1,2,38,0,Popular,1366380
109,1,4,1,0,0,Médio,812407
233,5,3,2,1,1,Nobre,2414470
44,1,2,1,19,1,Popular,310552
264,5,1,2,6,0,Médio,1773187
255,3,3,2,22,0,Médio,1624777
242,1,1,0,22,0,Popular,1074535
181,2,3,0,22,0,Popular,861405
85,5,2,1,5,0,Nobre,956101
100,4,4,2,15,0,Médio,772616
243,5,3,3,9,0,Nobre,2327090
282,4,1,2,7,0,Nobre,2473206
228,3,3,3,26,1,Popular,1195710
109,4,2,3,2,0,Popular,664362
145,1,2,3,27,0,Médio,901962
173,5,3,1,33,0,Nobre,1579163
104,1,3,1,1,0,Popular,567317
89,3,2,3,14,1,Popular,594112
240,3,4,3,38,0,Popular,1164419
242,4,1,2,9,1,Médio,1675134
45,3,4,2,26,0,Médio,411857
52,3,2,3,20,1,Médio,550194
90,4,1,1,26,0,Popular,424127
166,2,3,0,26,1,Popular,831603
211,1,3,3,15,0,Nobre,1833298
215,1,1,0,2,0,Popular,997061
286,5,3,3,31,1,Popular,1546543
106,2,4,0,23,0,Médio,685858
188,3,4,3,24,0,Nobre,1758136
133,2,2,1,33,1,Popular,705733
81,1,2,2,2,0,Médio,577017
220,5,2,3,13,0,Médio,1480960
55,5,4,1,35,1,Médio,596661
293,5,4,0,29,0,Popular,1435094
116,4,3,2,16,0,Popular,667744
238,5,1,3,29,1,Médio,1672910
253,1,4,1,19,0,Médio,1565188
138,1,3,0,33,0,Nobre,1142534
261,4,2,2,27,0,Médio,1631428
233,2,3,2,21,1,Nobre,2155635
95,2,2,0,9,1,Nobre,1016597
257,3,2,3,26,0,Nobre,2229860
265,2,4,0,12,1,Popular,1347971
196,4,1,1,32,0,Nobre,1671207
227,4,4,3,31,1,Médio,1607144
228,2,3,1,2,1,Médio,1584739
253,1,1,2,9,0,Nobre,2150590
43,2,1,1,14,0,Médio,299365
92,3,3,1,38,0,Popular,464003
40,1,3,3,25,0,Médio,283363
246,5,1,1,13,0,Médio,1600824
236,4,3,0,6,0,Nobre,2134936
108,4,4,1,4,1,Nobre,1330183
270,3,1,1,24,1,Médio,1758697
170,2,1,2,17,0,Médio,1055593
156,2,4,3,11,0,Médio,1079471
115,5,2,2,18,0,Nobre,1218799
110,4,3,3,18,1,Médio,942399
58,3,3,0,19,0,Médio,455814
278,4,1,2,3,0,Médio,1789876
52,4,4,1,9,0,Médio,516286
219,3,3,1,35,1,Popular,1134456
72,5,3,3,0,0,Médio,668190
267,3,2,3,17,1,Nobre,2477813
48,1,1,2,36,0,Médio,271498
211,3,3,3,35,0,Médio,1301468
157,3,2,0,32,0,Médio,1012478
207,3,4,3,1,0,Popular,1091419
223,1,1,1,15,1,Nobre,1996187
92,5,3,2,26,0,Médio,695409
194,4,3,1,9,1,Popular,1077248
298,5,2,0,18,0,Nobre,2601904
179,4,2,1,0,0,Popular,921727
203,4,4,1,31,1,Nobre,2000951
145,2,1,3,32,0,Nobre,1205953
150,5,2,3,13,1,Nobre,1666738
88,2,3,0,0,0,Nobre,873232
258,5,1,3,30,0,Nobre,2272341
252,2,4,1,26,0,Nobre,2164258
198,1,3,1,23,0,Médio,1201353
66,1,1,2,7,0,Popular,358488
213,2,4,2,38,0,Médio,1333826
48,3,3,1,4,1,Médio,571023
123,3,3,1,26,0,Médio,804669
51,3,2,0,32,0,Nobre,450362
152,4,3,0,3,0,Popular,821667
274,4,1,2,24,0,Médio,1705912
70,2,3,1,37,0,Popular,332341
175,1,2,3,17,0,Popular,828266
283,1,2,3,22,1,Médio,1772140
246,5,3,2,39,0,Nobre,2195558
172,1,3,0,16,0,Popular,824826
221,3,2,1,10,0,Médio,1401288
189,1,3,2,38,1,Nobre,1691287
179,5,2,2,30,0,Médio,1194457
210,1,4,1,22,1,Médio,1417109
260,4,3,2,9,1,Médio,1830893
135,2,3,3,32,1,Popular,767451
209,3,1,2,6,0,Popular,1056062
73,3,4,3,9,0,Médio,624930
51,2,1,1,26,1,Médio,449105
120,2,1,2,23,0,Nobre,1024899
106,3,4,2,22,0,Nobre,1082100
128,3,3,3,33,0,Médio,857433
213,5,4,2,22,0,Médio,1466028
79,4,3,0,33,0,Médio,612508
256,3,3,1,39,1,Popular,1311157
190,4,4,0,33,0,Popular,930414
203,1,2,1,9,0,Nobre,1746342
124,1,3,1,16,0,Médio,802525
237,1,1,0,6,0,Médio,1458153
172,3,2,2,28,0,Popular,843424
277,2,4,2,22,1,Popular,1426239
185,5,4,1,37,1,Popular,990626
82,3,1,2,12,0,Médio,582722
153,1,1,0,12,0,Popular,728417
156,4,1,1,8,1,Nobre,1607366
284,1,2,0,20,1,Nobre,2466629
238,4,3,1,34,0,Médio,1485970
84,5,4,3,37,0,Médio,706599
271,5,1,3,37,1,Popular,1386418
274,4,2,3,25,0,Popular,1344694
156,5,3,3,34,0,Popular,879639
99,3,1,2,26,0,Nobre,890270
144,1,3,1,7,0,Médio,961218
134,3,2,2,22,0,Médio,907708
55,5,3,0,25,0,Popular,366110
83,5,1,0,30,0,Médio,600795
286,4,3,0,29,0,Nobre,2456697
210,5,4,0,36,0,Nobre,1895898
61,5,4,2,2,0,Popular,488190
60,3,4,3,31,0,Médio,465166
188,5,1,0,6,1,Popular,1064359
263,5,1,2,4,0,Médio,1739184
286,2,4,0,3,1,Popular,1481340
175,3,2,0,25,1,Médio,1206726
272,2,1,2,27,0,Popular,1243250
49,5,4,0,16,0,Nobre,658851
53,4,2,0,33,0,Nobre,479904
199,4,3,0,15,0,Médio,1356590
275,1,1,3,4,0,Médio,1704873
208,4,3,3,35,0,Médio,1369112
279,3,2,1,1,0,Popular,1351644
56,3,1,1,5,0,Popular,360810
282,2,1,2,34,0,Popular,1279354
49,2,3,1,18,0,Popular,304270
196,2,2,1,6,0,Nobre,1733494
122,5,1,0,4,0,Popular,725356
271,1,1,0,10,0,Médio,1597585
241,3,4,2,15,0,Popular,1227224
46,4,4,2,21,1,Popular,392977
187,2,1,0,39,0,Médio,1041610
67,3,1,3,1,0,Médio,566011
101,4,4,2,27,1,Popular,680954
41,4,4,1,15,0,Médio,448886
260,4,4,0,21,0,Popular,1317392
76,4,4,3,19,0,Médio,675812
246,5,4,2,13,0,Médio,1680648
204,2,3,3,19,1,Popular,1092176
135,5,2,1,15,1,Médio,1054835
121,3,1,0,6,0,Médio,800434
199,1,2,0,24,0,Médio,1159199
211,3,1,0,17,1,Médio,1393553
288,3,3,1,34,0,Médio,1767895
132,5,3,3,6,0,Popular,800425
71,3,3,3,33,0,Médio,523507
67,2,3,0,0,0,Popular,403164
272,4,2,2,23,1,Popular,1434296
235,1,1,1,20,0,Médio,1378085
121,2,4,1,13,0,Popular,644954
291,5,3,2,14,1,Nobre,2797332
47,5,3,2,29,1,Médio,534214
208,5,2,1,23,1,Médio,1455662
251,1,4,3,12,1,Médio,1752835
134,5,1,3,15,0,Médio,930830
226,4,3,2,25,0,Médio,1467044
252,1,1,0,28,0,Médio,1468739
265,4,1,1,24,0,Médio,1655419
192,3,4,1,31,1,Nobre,1861050
259,3,1,1,6,0,Nobre,2269554
140,1,1,3,4,1,Médio,1010412
298,5,3,0,30,0,Médio,1914483
234,4,4,0,8,1,Popular,1289013
91,2,2,0,38,0,Popular,378210
236,4,1,1,20,0,Médio,1489483
286,2,2,3,9,0,Nobre,2512476
237,2,4,2,1,0,Médio,1539770
122,5,4,3,29,1,Popular,818535
64,2,3,2,2,0,Popular,369456
217,3,4,2,37,1,Popular,1165651
72,3,1,1,2,0,Nobre,736019
269,3,1,1,31,1,Nobre,2399550
169,2,2,1,30,0,Médio,996897
156,5,1,1,34,0,Médio,985198
242,5,1,0,6,0,Nobre,2215334
169,2,3,3,12,0,Nobre,1569281
53,5,2,3,4,0,Popular,414420
128,5,4,1,15,0,Médio,982519
121,4,3,2,33,0,Nobre,1123376
121,3,1,2,28,1,Popular,699871
210,2,4,3,33,0,Médio,1348377
297,4,4,2,18,1,Nobre,2825594
76,3,1,0,16,0,Nobre,732420
297,3,1,2,11,1,Popular,1502034
142,2,1,0,1,0,Popular,693968
284,1,3,3,21,0,Médio,1757892
232,2,4,3,7,0,Popular,1168459
192,5,2,3,39,0,Popular,974829
55,4,3,0,19,0,Popular,389859
224,3,4,3,35,0,Popular,1099232
88,5,4,1,35,0,Médio,678154
291,2,1,3,31,1,Popular,1414060
265,2,1,1,30,0,Médio,1555840
215,4,4,1,30,0,Nobre,1922815
252,3,1,0,34,0,Popular,1170469
287,5,3,2,37,0,Popular,1387393
268,4,1,1,27,0,Médio,1639567
197,3,3,0,29,0,Nobre,1688131
151,2,2,3,26,1,Popular,765572
170,3,4,1,38,1,Popular,892282
130,5,3,2,8,0,Médio,1000706
259,5,1,3,14,0,Nobre,2345724
110,5,4,2,0,0,Popular,718597
122,2,4,3,29,0,Nobre,1160446
289,2,2,2,30,0,Médio,1753922
185,3,3,3,19,0,Nobre,1702566
60,5,1,2,4,0,Médio,567882
213,3,1,3,10,0,Popular,1064929
294,4,4,3,38,0,Popular,1445748
254,2,1,3,17,1,Popular,1284491
47,3,1,2,2,0,Médio,400505
131,4,4,0,32,0,Médio,883389
127,5,1,1,13,0,Popular,662516
45,1,2,0,13,0,Médio,324972
184,5,2,1,28,0,Popular,930468
181,4,4,3,16,0,Nobre,1756098
213,5,2,1,20,0,Popular,1076969
147,3,4,2,4,0,Médio,1028500
142,4,1,1,22,0,Popular,757478
294,4,1,2,12,0,Médio,1844912
137,3,2,0,34,0,Nobre,1152684
70,3,4,2,5,0,Popular,509165
294,2,3,2,25,0,Médio,1793794
188,1,1,0,36,0,Médio,1077196
212,4,2,3,37,1,Médio,1478584
279,2,1,1,11,0,Popular,1297418
70,1,1,3,32,0,Nobre,560846
63,5,2,3,27,0,Nobre,749023
160,1,1,3,38,0,Médio,895408
103,4,1,2,37,0,Nobre,887985
282,1,2,3,15,0,Popular,1348675
183,1,3,2,12,0,Popular,909923
161,3,2,0,29,0,Popular,741977
181,3,4,2,31,1,Nobre,1800864
183,2,1,1,21,0,Popular,850575
226,2,4,3,19,0,Nobre,2038124
291,4,3,0,1,1,Médio,2005972
82,5,2,0,0,0,Médio,687388
82,2,4,2,37,0,Médio,518321
266,4,4,0,19,0,Popular,1324164
197,5,4,0,28,0,Popular,1022404
294,5,2,1,5,0,Popular,1461146
44,3,1,1,34,0,Médio,261575
48,2,4,3,29,0,Médio,408914
160,1,3,0,16,1,Popular,857739
192,2,1,2,37,0,Médio,1135724
211,4,3,2,14,0,Popular,1060321
230,1,2,0,39,0,Popular,1017834
265,1,4,3,2,0,Popular,1350626
171,5,1,3,21,0,Médio,1169115
68,4,1,0,33,0,Popular,348574
285,3,4,0,12,0,Nobre,2551052
263,1,3,0,14,1,Médio,1707382
226,4,4,0,20,0,Popular,1190744
198,2,2,0,35,0,Popular,916707
194,4,1,1,10,0,Nobre,1773302
247,2,2,3,20,0,Nobre,2154747
88,2,2,2,1,1,Nobre,1080987
91,1,1,1,32,0,Médio,518324
104,3,4,2,5,0,Médio,832627
169,2,3,0,10,0,Nobre,1522256
247,1,3,3,7,0,Nobre,2176807
271,5,3,0,39,0,Médio,1680913
157,5,1,2,18,0,Médio,1097905
247,5,3,2,11,1,Médio,1777989
126,4,4,2,17,1,Popular,800179
217,1,2,0,32,1,Popular,1036059
42,3,1,3,0,0,Popular,284208
57,5,1,3,8,0,Nobre,715786
57,4,2,1,19,0,Popular,342134
122,5,1,1,9,0,Médio,919592
192,2,1,2,32,1,Médio,1207551
45,1,1,1,32,0,Popular,193127
208,2,2,0,17,0,Médio,1284443
115,2,1,1,26,0,Nobre,932156
60,4,1,1,12,0,Nobre,666105
240,1,4,1,27,0,Nobre,2039175
193,2,4,3,14,0,Popular,1018612
151,4,1,2,29,1,Médio,1093548
138,1,2,1,34,0,Médio,769971
195,3,1,2,4,0,Nobre,1791100
289,3,1,2,38,0,Médio,1713305
44,1,3,3,23,0,Médio,336690
246,4,3,3,9,0,Médio,1659358
218,4,2,1,6,0,Popular,1112729
220,5,1,2,25,0,Médio,1424807
162,1,2,2,17,0,Popular,805674
192,2,4,3,2,0,Médio,1303083
118,5,1,1,36,0,Médio,768335
194,3,3,1,39,0,Médio,1185337
66,1,3,0,38,0,Nobre,482052
124,1,2,0,3,0,Popular,617521
102,5,4,3,13,0,Nobre,1177635
199,1,2,3,8,0,Médio,1273286
265,5,1,0,23,0,Médio,1648228
262,2,2,2,21,0,Popular,1256834
182,4,2,1,11,0,Popular,903753
66,2,3,3,13,0,Médio,553700
193,3,3,2,34,0,Popular,901654
129,3,1,1,12,1,Médio,988244
115,3,3,2,32,0,Popular,594471
62,4,3,2,35,0,Popular,367587
118,1,3,3,24,0,Médio,745915
56,4,4,1,13,0,Popular,409057
220,1,1,0,29,1,Médio,1399538
260,2,3,2,16,0,Médio,1665735
236,3,2,3,27,0,Médio,1497108
105,4,1,3,6,1,Nobre,1265614
209,2,3,1,22,0,Popular,1010390
247,4,2,2,21,0,Popular,1218558
172,5,3,0,4,0,Médio,1218061
108,2,1,2,32,0,Nobre,919974
104,1,4,0,0,0,Médio,744252
109,4,1,1,2,0,Médio,752467
82,2,4,2,10,0,Médio,639834
130,2,2,2,30,0,Médio,803579
169,4,1,0,26,0,Popular,798750
204,4,2,0,15,0,Popular,1000088
248,5,2,1,7,0,Popular,1235760
267,1,3,2,30,0,Nobre,2187638
211,5,4,3,18,0,Médio,1479826
114,5,1,0,31,0,Médio,740321
195,1,3,1,7,0,Popular,969524
195,4,3,2,1,0,Popular,1083665
57,4,2,3,28,0,Popular,366807
180,3,1,1,17,0,Nobre,1562344
252,3,3,3,13,0,Médio,1618650
222,4,1,3,7,1,Nobre,2189166
112,3,4,1,11,0,Médio,824042
70,5,1,1,39,1,Popular,411055
141,1,1,3,26,0,Popular,645777
153,3,2,0,32,0,Popular,684963
275,5,2,3,31,0,Médio,1796091
141,4,2,3,2,0,Nobre,1445880
88,2,1,2,30,0,Médio,546425
88,1,3,2,1,1,Popular,548922
219,5,2,0,34,1,Popular,1148630
154,4,3,1,18,0,Médio,1037896
156,1,4,1,23,0,Popular,779614
65,4,1,2,5,1,Nobre,896014
228,4,4,3,16,1,Popular,1238187
88,3,2,3,35,0,Médio,567238
83,1,2,2,8,0,Médio,568381
64,2,3,0,30,0,Médio,431620
55,5,4,2,39,0,Popular,394817
94,2,3,0,37,0,Popular,431521
45,4,3,2,21,0,Médio,459299
201,3,3,1,29,0,Popular,934271
284,4,2,0,30,0,Médio,1742834
249,4,1,2,18,1,Nobre,2338929
163,4,3,1,38,0,Popular,785195
164,3,1,3,7,0,Popular,853092
289,3,3,0,38,0,Médio,1753665
104,5,4,2,26,0,Popular,608527
272,2,1,2,25,1,Médio,1762188
145,5,1,2,9,1,Popular,866412
229,2,1,0,37,0,Médio,1291094
100,3,1,2,34,0,Nobre,831852
219,1,3,3,38,0,Médio,1323591
40,2,3,3,25,0,Nobre,453808
282,3,2,2,39,0,Popular,1269292
40,3,3,1,26,0,Nobre,440779
223,4,4,0,17,1,Popular,1197626
180,2,4,3,22,0,Nobre,1653573
98,4,1,0,16,0,Médio,679009
297,1,1,2,37,1,Popular,1353423
66,2,3,0,19,1,Médio,567089
50,4,3,0,12,0,Popular,342556
263,1,1,3,35,0,Popular,1140696
225,5,1,1,20,0,Médio,1483561
120,2,2,3,14,0,Médio,840399
41,4,4,1,25,0,Popular,265015
237,4,2,1,26,1,Popular,1272137
65,2,1,2,2,0,Popular,398066
116,4,2,0,26,0,Popular,596509
236,5,4,1,29,1,Nobre,2312735
74,5,1,3,30,0,Médio,535216
124,1,1,3,14,1,Popular,697637
44,2,3,1,22,0,Popular,236784
64,2,4,1,1,0,Popular,416438
124,4,3,2,32,0,Popular,633942
228,2,4,3,1,0,Médio,1563877
111,1,1,3,13,0,Nobre,1005750
66,2,3,3,39,0,Nobre,631812
260,4,2,1,18,0,Nobre,2322689
195,2,3,0,22,0,Popular,945249
104,4,4,0,17,0,Popular,601830
265,4,3,1,3,0,Popular,1324757
151,1,2,1,8,1,Popular,850109
267,4,4,3,38,0,Médio,1672466
75,3,4,3,37,0,Popular,429747
107,2,3,1,22,0,Popular,506794
272,3,3,1,8,1,Popular,1417342
266,1,3,0,35,0,Nobre,2158221
157,5,2,1,30,0,Nobre,1472259
285,2,3,1,37,0,Popular,1309520
223,3,2,1,12,1,Nobre,2118100
111,2,4,1,2,0,Popular,635653
241,5,1,0,26,0,Nobre,2110006
203,5,3,0,7,0,Popular,1039458
63,5,1,1,25,0,Nobre,704540
141,3,4,1,3,0,Médio,1030045
81,5,4,2,35,0,Popular,505533
45,2,4,0,27,0,Popular,296788
256,2,3,0,18,0,Popular,1183069
93,2,4,0,29,0,Popular,453255
259,4,4,3,23,0,Nobre,2355228
276,5,1,1,3,0,Popular,1409392
251,3,4,0,23,0,Médio,1569423
168,4,4,0,23,1,Médio,1274334
139,1,3,0,21,1,Nobre,1306959
166,3,2,0,12,0,Médio,1072166
78,4,1,2,13,0,Nobre,839494
144,1,4,1,6,1,Nobre,1461603
222,2,3,3,15,1,Médio,1546123
139,4,3,3,2,0,Popular,811859
253,4,2,1,15,1,Médio,1677701
213,1,1,1,4,1,Nobre,1962904
139,5,4,3,28,0,Médio,1013684
66,5,4,0,2,1,Nobre,1059844
199,5,1,2,29,0,Popular,963403
266,4,4,3,6,0,Popular,1397882
80,1,2,2,21,0,Médio,504829
295,1,1,0,19,0,Popular,1309219
169,1,3,3,34,0,Médio,1032512
173,2,3,0,37,0,Médio,1027906
103,3,2,3,5,0,Médio,767518
49,4,3,2,26,0,Nobre,599219
263,4,4,2,9,0,Popular,1367572
94,5,1,3,8,1,Popular,681006
142,1,4,3,15,0,Popular,740941
127,3,1,3,0,0,Médio,941857
193,5,1,3,18,0,Médio,1320793
58,1,4,3,16,0,Popular,344615
105,2,1,2,28,0,Médio,652191
102,4,2,3,13,0,Popular,622451
279,2,3,2,8,0,Popular,1343347
259,4,3,2,21,0,Médio,1667589
132,1,3,1,35,0,Popular,612589
276,3,4,3,24,0,Médio,1801813
265,2,1,0,18,0,Nobre,2164209
233,2,4,0,32,0,Médio,1404859
105,3,4,2,19,1,Médio,895307
98,3,4,2,25,0,Nobre,994562
222,5,1,0,35,1,Popular,1107797
118,2,2,3,6,0,Médio,802468
122,5,2,0,20,0,Nobre,1179192
273,2,3,3,27,1,Popular,1374138
217,1,3,2,38,0,Popular,998474
288,4,1,2,7,0,Médio,1833653
242,5,2,3,20,0,Popular,1250339
128,4,4,0,6,0,Popular,729987
116,5,4,1,8,0,Médio,931952
122,1,1,0,5,0,Popular,550755
184,2,4,1,38,1,Médio,1237722
205,5,1,0,22,0,Popular,982519
289,5,4,2,17,0,Nobre,2683491
142,4,3,2,6,0,Popular,794829
244,4,1,2,39,1,Nobre,2191367
47,2,2,3,14,0,Popular,291199
194,5,1,2,9,1,Médio,1430293
192,1,4,3,8,0,Médio,1236905
172,3,4,3,7,0,Médio,1196224
127,2,2,1,1,1,Nobre,1372690
85,2,3,3,14,1,Médio,771045
228,1,3,3,9,1,Popular,1190551
174,3,4,3,6,0,Médio,1214421
80,5,2,2,17,0,Médio,666147
291,5,3,0,17,1,Médio,1991071
194,4,3,0,6,0,Popular,1001843
103,4,1,1,16,0,Popular,533549
158,3,2,1,0,1,Popular,915516
232,4,4,1,35,0,Popular,1181409
187,2,1,2,22,0,Médio,1148602
282,1,3,1,17,0,Médio,1730342
233,5,1,1,38,0,Nobre,2006899
164,4,4,2,5,1,Popular,1027331
297,5,4,2,29,0,Nobre,2676014
204,4,2,0,24,0,Popular,980050
65,5,4,3,27,0,Popular,467585
267,3,1,3,10,0,Médio,1668181
130,5,2,1,2,0,Popular,731839
237,3,4,0,21,1,Popular,1230121
88,3,3,1,30,0,Popular,483098
57,2,1,0,12,0,Nobre,579000
87,3,2,3,37,0,Nobre,781289
100,4,1,0,11,0,Médio,728905
127,5,3,0,27,1,Médio,1000715
117,2,1,3,17,0,Médio,764993
242,5,1,0,25,0,Médio,1542201
93,3,1,3,24,0,Médio,595755
253,4,4,3,32,0,Popular,1222865
144,5,3,2,35,0,Popular,759971
145,3,2,0,31,0,Popular,719173
40,3,1,1,5,0,Popular,264702
112,4,3,0,22,1,Popular,674677
107,3,2,0,5,1,Nobre,1147801
45,4,4,2,2,1,Nobre,871126
192,4,2,2,8,1,Popular,1106310
49,3,3,2,18,0,Popular,319351
268,4,2,2,1,0,Popular,1347953
59,2,1,1,23,0,Nobre,500596
73,1,3,2,2,1,Médio,644192
258,3,1,3,20,0,Nobre,2251384
266,1,4,3,17,0,Médio,1682925
123,3,2,2,38,0,Popular,556140
64,2,3,0,24,1,Nobre,741004
115,4,3,3,24,0,Nobre,1181015
43,2,1,3,28,0,Popular,249139
198,5,4,0,0,0,Popular,1065851
291,2,2,0,37,0,Médio,1695980
136,1,2,1,22,1,Popular,691904
164,3,4,1,24,1,Popular,910303
85,4,3,1,2,0,Popular,541442
177,4,3,1,23,0,Popular,891561
138,1,2,3,0,1,Médio,1053664
250,4,3,1,8,0,Popular,1279820
269,1,3,3,6,0,Nobre,2335475
228,4,2,3,12,0,Médio,1523474
294,4,4,1,4,0,Popular,1482994
273,2,2,1,30,0,Médio,1637154
134,1,3,1,5,0,Médio,873290
240,5,1,3,31,0,Popular,1200372
198,4,2,0,24,0,Médio,1267106
251,1,3,1,29,0,Médio,1488695
54,1,4,2,15,0,Popular,332798
263,1,2,1,15,0,Médio,1590225
131,2,2,3,28,0,Médio,849330
159,3,2,2,20,0,Médio,999587
223,4,2,0,29,0,Popular,1059039
46,5,2,1,23,1,Médio,523792
192,1,2,3,5,0,Médio,1193828
221,3,3,3,37,0,Popular,1033269
75,5,2,3,3,1,Popular,627839
173,4,2,0,35,0,Popular,860341
172,2,4,2,10,0,Médio,1174508
239,4,4,2,15,0,Médio,1570516
71,5,1,2,17,0,Médio,574869
166,1,2,2,10,1,Nobre,1587196
128,5,4,1,36,0,Médio,918423
134,2,3,0,10,1,Popular,763317
160,5,1,2,27,0,Popular,831146
149,3,2,3,0,1,Popular,897750
269,2,4,2,15,0,Nobre,2354106
83,3,3,3,18,0,Médio,659296
108,4,2,2,36,0,Nobre,998783
51,2,4,3,19,0,Popular,327997
226,3,3,2,20,0,Popular,1085017
129,5,3,2,23,0,Médio,959590
88,4,2,1,38,0,Popular,466054
252,3,3,2,1,0,Médio,1646843
53,2,2,3,23,0,Popular,310699
201,4,3,1,21,0,Popular,997859
84,3,3,3,10,0,Nobre,907238
265,4,3,2,12,0,Popular,1357189
292,1,4,2,32,0,Nobre,2450186
123,3,2,1,26,0,Popular,643659
129,5,2,0,7,0,Médio,965762
162,4,4,1,29,0,Médio,1071822
44,1,3,2,4,0,Médio,387110
76,4,1,2,8,0,Nobre,848724
242,1,1,1,5,1,Médio,1585572
291,3,4,0,14,0,Popular,1434241
258,3,3,3,38,0,Médio,1626263
252,2,1,0,19,0,Médio,1497189
277,4,4,0,9,1,Médio,1910962
294,4,1,2,2,1,Médio,1988805
206,5,4,2,19,1,Médio,1534406
171,3,3,1,19,0,Popular,848077
283,5,4,0,19,0,Médio,1874779
189,3,4,0,39,0,Médio,1201622
260,2,2,3,31,0,Popular,1209354
45,3,2,1,7,0,Médio,421685
224,4,4,2,1,0,Popular,1180387
44,5,3,0,28,0,Nobre,582945
101,5,3,2,3,0,Nobre,1175770
247,5,4,0,38,0,Médio,1592733
169,2,4,1,10,0,Médio,1182117
100,4,2,1,35,0,Nobre,898953
246,5,2,3,11,0,Médio,1661631
207,3,4,3,38,0,Médio,1338614
210,5,2,2,24,0,Nobre,1904864
269,2,2,0,29,0,Médio,1592775
81,5,3,0,15,0,Médio,637995
141,1,2,1,1,1,Médio,1010433
224,5,3,1,8,0,Nobre,2087684
268,1,3,3,24,0,Médio,1657197
163,4,2,1,38,0,Nobre,1426297
145,3,4,3,33,0,Médio,1013087
191,4,3,3,34,0,Médio,1267163
283,4,3,3,19,0,Nobre,2548412
47,3,2,1,32,1,Popular,342980
47,3,1,2,27,1,Médio,434583
83,5,4,0,36,0,Popular,491370
247,3,2,3,38,0,Popular,1165276
94,2,3,1,5,0,Médio,697761
246,2,1,0,17,0,Médio,1509346
185,5,4,0,34,1,Médio,1349497
178,3,3,0,25,0,Médio,1126148
64,4,2,0,10,0,Popular,416460
280,5,2,1,18,0,Popular,1379236
229,2,3,2,39,0,Popular,1034224
174,1,2,3,24,0,Popular,807444
40,4,4,1,39,0,Médio,354646
47,4,3,2,20,0,Nobre,607671
210,4,3,3,3,1,Popular,1235774
270,4,4,0,39,0,Médio,1665479
263,3,2,2,15,0,Popular,1263929
253,5,1,1,35,0,Médio,1598279
264,1,4,2,35,1,Popular,1293810
136,3,2,1,39,0,Médio,809414
104,2,1,2,13,0,Nobre,959657
94,5,1,3,19,0,Médio,720556
74,3,4,1,37,1,Médio,647359
42,5,3,2,38,0,Médio,399029
253,4,1,2,24,0,Popular,1210946
229,3,2,3,18,1,Médio,1583208
40,2,3,1,16,0,Popular,256257
245,3,1,3,27,0,Médio,1503480
181,2,1,2,39,1,Nobre,1585468
186,3,3,1,37,0,Médio,1150310
160,3,4,2,28,0,Médio,1042083
184,4,4,1,29,0,Nobre,1712254
102,5,1,2,8,1,Médio,882760
210,3,2,1,39,1,Médio,1380998
70,1,1,0,18,0,Popular,283229
130,1,2,0,12,0,Médio,788652
84,1,1,2,17,0,Médio,507349
168,2,3,1,6,0,Popular,865056
66,1,3,3,8,0,Popular,347122
72,5,1,2,6,1,Médio,728305
69,2,1,1,15,0,Popular,359388
210,2,4,0,34,0,Nobre,1783563
140,5,3,3,0,1,Médio,1218667
282,5,4,3,5,1,Popular,1581141
98,3,3,3,15,0,Médio,743096
272,5,2,1,17,0,Popular,1333614
158,5,2,0,28,0,Médio,1021142
195,1,4,0,14,0,Médio,1221598
113,4,2,0,26,0,Nobre,1066491
191,4,3,3,12,0,Médio,1330724
283,2,3,3,15,0,Nobre,2481136
76,1,1,2,18,0,Popular,346996
182,4,1,0,25,0,Popular,870372
261,3,4,3,32,0,Popular,1279920
44,5,1,0,9,1,Popular,398352
240,5,1,1,33,0,Médio,1514527
137,2,1,3,11,0,Popular,684950
167,2,2,0,13,0,Popular,813902
177,3,1,1,3,0,Médio,1134240
230,2,2,2,39,0,Médio,1316157
214,4,4,1,18,0,Médio,1423867
234,5,1,0,36,0,Médio,1449687
174,1,1,2,6,0,Médio,1062579
86,1,1,1,26,1,Médio,583895
116,3,2,0,13,0,Nobre,1065566
228,3,4,3,13,0,Médio,1571742
167,1,2,0,24,1,Popular,866191
49,1,3,0,18,0,Médio,303057
146,1,2,3,39,0,Popular,653047
92,4,2,3,38,0,Médio,632405
110,1,1,1,9,1,Nobre,1078016
66,3,4,2,8,0,Popular,438626
65,3,3,3,22,0,Nobre,719958
201,1,4,3,10,0,Nobre,1820459
218,2,4,0,30,1,Médio,1430292
215,2,2,0,22,0,Popular,1012456
76,2,4,3,3,0,Popular,476679
251,5,3,3,37,0,Popular,1263355
114,5,1,0,20,1,Popular,689460
271,1,2,3,1,0,Médio,1684203
296,5,2,1,5,0,Nobre,2692790
45,2,4,3,32,0,Médio,367683
41,5,1,0,29,0,Popular,295439
230,1,4,1,34,1,Popular,1122934
91,5,4,2,18,0,Popular,617876
276,1,2,2,29,0,Nobre,2191641
295,5,2,3,26,0,Popular,1457352
96,4,1,3,22,0,Médio,687505
176,2,1,1,29,0,Médio,1034001
226,4,2,1,13,1,Nobre,2182402
97,3,2,3,29,0,Médio,686584
197,3,4,3,13,1,Nobre,2018638
284,3,3,2,4,0,Popular,1449508
112,2,1,0,11,0,Nobre,1017388
236,1,3,3,14,0,Popular,1165182
249,5,2,0,25,0,Popular,1227298
242,3,1,0,10,0,Nobre,2078078
294,2,1,0,36,0,Nobre,2348077
112,4,3,3,27,1,Médio,900837
226,1,3,2,29,0,Nobre,1912245
125,1,2,2,7,1,Médio,899330
259,5,2,2,39,0,Popular,1258413
296,1,1,2,37,0,Popular,1304899
193,1,2,3,27,1,Médio,1249399
173,4,4,2,22,0,Popular,949515
237,2,2,1,34,0,Popular,1073825
123,5,4,0,28,0,Popular,662194
266,5,3,3,36,0,Médio,1691975
110,4,2,0,36,0,Médio,675086
99,2,3,0,11,0,Nobre,966131
142,2,4,2,25,1,Popular,801622
260,2,3,3,13,0,Médio,1678499
246,5,4,1,38,1,Popular,1292732
172,3,2,1,39,0,Nobre,1461434
68,2,2,3,1,0,Médio,549243
193,1,2,1,3,0,Médio,1237815
107,3,3,1,24,0,Popular,592272
184,3,3,1,14,0,Médio,1217792
53,2,1,0,6,0,Médio,374986
163,2,4,0,19,0,Médio,1068662
164,2,4,3,28,0,Nobre,1480877
211,4,3,0,5,0,Médio,1415832
45,1,4,0,2,0,Popular,289566
60,3,2,2,10,1,Popular,469046
230,3,2,1,1,0,Nobre,2081838
242,1,2,1,17,1,Médio,1532009
291,4,3,3,13,0,Médio,1915608
46,1,1,3,21,0,Médio,329595
45,2,2,3,38,1,Popular,293299
297,3,4,1,10,0,Médio,1907390
272,4,1,1,37,1,Popular,1353371
128,1,2,2,2,1,Médio,962003
199,3,3,0,5,0,Médio,1340369
156,1,4,2,33,1,Nobre,1465447
227,3,1,2,3,0,Popular,1132690
199,1,4,1,25,0,Popular,917413
206,5,4,1,27,1,Nobre,2089495
274,5,4,0,24,0,Médio,1766215
159,2,2,2,31,0,Médio,1020060
219,2,3,1,16,1,Popular,1157330
73,4,2,1,1,0,Popular,473689
298,3,3,2,17,0,Popular,1486763
201,2,4,3,7,1,Popular,1115759
107,1,2,0,2,0,Popular,495291
258,2,3,1,30,0,Médio,1559475
103,3,2,3,31,0,Popular,545357
157,5,1,2,21,0,Médio,1095987
274,5,1,1,31,0,Popular,1295893
155,1,2,2,17,0,Médio,959622
120,3,2,0,24,1,Médio,845927
76,5,1,0,18,1,Popular,539405
263,1,1,3,26,0,Popular,1216521
289,2,1,2,16,0,Nobre,2429201
55,3,2,3,14,0,Nobre,632486
290,5,3,3,1,0,Médio,1962722
291,2,2,1,26,0,Médio,1750903
259,3,4,0,23,0,Nobre,2299489
270,2,3,3,28,0,Popular,1235116
208,4,1,3,34,0,Nobre,1779387
70,5,2,3,24,0,Popular,456567
199,1,3,2,35,0,Médio,1152912
61,5,3,0,14,0,Nobre,784100
150,1,2,2,34,1,Médio,979978
175,1,2,3,35,0,Nobre,1431849
164,5,4,1,35,0,Médio,1110430
235,1,2,1,19,0,Popular,1058122
227,3,2,0,30,0,Nobre,1940060
86,5,2,2,32,0,Médio,632471
173,5,1,2,36,0,Popular,846804
164,4,2,3,26,0,Popular,825020
110,1,4,3,19,0,Popular,538638
120,3,1,2,27,1,Médio,866741
94,2,3,0,39,1,Popular,490371
203,2,4,1,35,0,Nobre,1720211
241,1,3,1,15,0,Médio,1495086
137,2,3,1,32,0,Popular,631241
48,1,1,2,17,0,Nobre,436929
194,3,2,0,13,1,Popular,1034776
98,4,2,3,36,0,Popular,496006
134,5,3,0,12,0,Médio,955090
289,2,3,0,23,0,Popular,1319242
189,2,1,0,5,1,Médio,1275918
290,3,3,1,27,1,Médio,1890224
89,4,3,1,27,0,Médio,661143
289,4,2,3,38,0,Nobre,2491622
266,5,1,0,25,0,Médio,1656306
236,1,3,1,28,0,Médio,1355759
124,4,1,2,11,0,Nobre,1183725
91,4,3,3,26,0,Médio,668306
182,4,1,1,7,0,Nobre,1643158
132,1,2,3,30,0,Médio,811798
226,5,1,2,22,0,Popular,1115884
254,3,3,0,17,0,Médio,1574868
167,1,1,1,32,0,Nobre,1287369
67,3,2,1,16,1,Médio,628122
262,4,3,0,33,0,Popular,1255222
148,2,2,1,35,0,Nobre,1245921
249,4,3,3,2,0,Nobre,2324268
237,2,2,1,8,0,Médio,1479698
80,4,3,1,1,0,Médio,696450
168,5,1,2,21,0,Popular,871446
66,1,4,2,1,0,Popular,416535
195,3,3,3,16,0,Nobre,1800244
236,4,2,1,3,1,Popular,1283984
166,2,4,0,12,0,Médio,1105193
208,2,1,3,9,0,Popular,1049615
221,2,2,0,37,1,Médio,1381508
131,3,4,0,11,0,Médio,901365
286,4,1,1,21,0,Nobre,2440328
246,3,2,2,22,0,Popular,1187487
137,5,1,0,16,0,Nobre,1262571
247,4,1,0,13,0,Popular,1167370
184,4,4,0,32,0,Popular,892773
185,4,2,0,27,0,Médio,1149056
148,5,1,2,13,0,Popular,805071
68,4,2,1,2,0,Médio,568183
98,4,4,3,4,0,Médio,855181
130,4,4,2,35,0,Popular,708003
172,4,2,1,37,0,Popular,777868
264,4,3,2,8,0,Popular,1350464
61,4,2,3,34,1,Nobre,819021
65,5,3,0,21,0,Popular,404060
87,2,3,1,32,0,Nobre,738439
220,4,2,0,11,0,Popular,1076005
273,5,3,3,25,1,Popular,1439558
169,1,1,2,31,0,Popular,763337
228,3,4,3,1,0,Médio,1566562
73,1,4,2,29,0,Médio,500566
40,1,1,0,22,1,Popular,252880
93,2,3,1,5,0,Médio,668364
56,4,4,0,22,0,Popular,383802
122,1,2,0,37,1,Nobre,1088481
213,2,4,2,27,1,Médio,1445544
99,2,1,3,1,0,Popular,536303
110,4,4,2,35,0,Médio,793648
133,3,1,3,32,0,Popular,657145
105,2,1,3,29,0,Popular,511153
127,1,2,3,15,1,Médio,924648
243,2,2,2,19,0,Nobre,2096107
231,4,3,2,37,1,Médio,1539379
233,2,3,1,24,0,Médio,1435767
289,3,3,1,32,0,Médio,1791302
227,1,4,3,29,0,Popular,1052006
291,3,2,1,4,0,Médio,1848830
42,1,1,0,0,0,Médio,302072
168,3,2,0,37,0,Médio,1007608
83,1,1,1,39,0,Médio,467777
293,4,4,3,20,0,Popular,1495870
142,3,1,3,21,0,Nobre,1307144
180,4,3,1,33,0,Nobre,1627354
100,1,4,0,27,0,Popular,484178
139,3,2,3,8,0,Nobre,1348928
249,2,4,0,16,0,Popular,1223444
100,2,4,0,18,0,Popular,521733
184,5,2,1,18,0,Médio,1228529
250,3,2,2,33,1,Nobre,2296377
125,5,1,2,28,0,Médio,870678
221,2,2,0,24,0,Popular,1068546
118,3,3,2,18,1,Popular,717978
126,3,4,0,38,1,Popular,675925
260,1,3,3,25,0,Médio,1603751
185,4,3,3,35,0,Médio,1214088
282,4,2,3,1,0,Popular,1477690
164,1,1,2,15,0,Médio,1002745
188,2,4,1,1,0,Nobre,1781845
92,3,3,2,3,0,Nobre,1018473
67,3,2,2,20,0,Médio,487533
299,2,2,3,19,0,Popular,1429053
175,5,4,2,2,0,Médio,1305000
194,1,4,3,3,0,Médio,1302728
217,4,2,2,30,0,Popular,1049178
269,2,2,2,21,0,Médio,1668995
57,1,4,0,21,0,Popular,312984
267,3,2,3,4,0,Médio,1723432
191,5,3,1,38,0,Médio,1249408
132,3,4,0,19,1,Popular,778391
291,4,1,3,5,0,Popular,1403956
275,1,3,1,7,0,Médio,1709978
69,4,1,0,20,0,Popular,342062
290,1,4,1,22,0,Médio,1761954
178,5,2,3,31,0,Médio,1241124
104,1,4,2,30,0,Nobre,949022
43,4,3,1,33,0,Popular,262304
223,1,3,0,3,0,Popular,1091353
133,4,3,0,39,0,Popular,691680
49,3,3,2,11,1,Nobre,802598
289,4,2,2,2,0,Nobre,2625906
216,3,3,1,34,0,Popular,1022340
67,2,4,0,33,0,Popular,326170
216,3,3,3,17,1,Popular,1206859
192,5,2,0,19,0,Médio,1245441
195,3,3,1,20,0,Nobre,1755476
76,1,4,3,16,1,Nobre,906420
59,3,1,0,3,0,Médio,472010
112,5,3,0,4,1,Nobre,1336358
295,1,2,2,3,0,Popular,1403326
108,3,3,0,13,0,Popular,580216
59,5,2,2,25,0,Nobre,652458
288,1,4,0,29,0,Popular,1299431
112,5,2,0,17,1,Popular,704905
54,5,3,0,22,0,Médio,475238
199,1,3,0,27,0,Médio,1222288
248,2,4,2,8,1,Popular,1321899
271,5,1,0,3,0,Nobre,2429955
209,1,4,1,35,0,Popular,923241
96,4,1,0,9,0,Popular,516318
147,5,4,0,1,1,Nobre,1688288
230,1,3,1,36,0,Médio,1352302
217,2,4,3,3,0,Médio,1441960
293,3,2,2,22,0,Popular,1379719
98,1,3,1,8,1,Médio,776900
184,3,3,3,13,0,Médio,1232238
87,2,3,2,34,0,Popular,408473
107,2,2,2,13,0,Nobre,1001849
158,1,4,3,1,0,Médio,1133209
168,1,4,0,30,1,Nobre,1531778
143,2,4,3,24,0,Popular,723165
100,1,3,2,23,0,Médio,633416
117,4,3,0,22,0,Médio,820819
197,5,1,0,37,0,Médio,1235977
283,4,1,3,30,0,Popular,1355020
171,1,2,2,17,1,Nobre,1611270
260,4,3,2,25,0,Médio,1683921
81,3,4,3,37,0,Médio,616856
242,2,2,2,32,0,Médio,1437185
227,4,4,0,3,0,Médio,1516126
298,1,3,1,8,0,Popular,1414670
221,4,3,2,22,0,Nobre,2001172
47,3,3,1,9,0,Médio,416664
214,5,3,3,5,0,Nobre,2104085
229,1,2,2,4,1,Popular,1241775
125,1,2,2,6,0,Médio,851397
272,2,2,3,2,0,Popular,1346468
126,3,1,1,11,0,Médio,830236
213,1,4,2,22,1,Popular,1130986
271,3,3,3,31,0,Médio,1674701
232,3,3,2,11,0,Popular,1206806
259,5,2,1,14,0,Nobre,2325823
240,3,1,3,12,0,Nobre,2126711
284,4,1,1,19,0,Médio,1777955
75,2,4,0,24,0,Médio,534372
288,4,4,3,38,0,Nobre,2527773
269,2,3,1,39,0,Nobre,2208193
219,2,4,1,10,0,Médio,1404364
181,5,1,3,5,1,Nobre,1912559
78,1,1,2,32,1,Popular,398914
248,4,3,1,18,0,Popular,1272138
226,4,1,2,8,0,Popular,1127095
198,4,3,0,10,0,Médio,1372009
280,3,1,3,25,0,Médio,1695571
48,5,2,3,15,0,Popular,352772
138,1,2,3,20,0,Popular,699394
273,3,4,2,29,0,Médio,1733341
276,4,1,3,39,1,Popular,1345972
77,3,2,1,26,0,Popular,425575
127,2,3,0,18,0,Popular,623226
47,5,3,3,24,0,Popular,383864
274,2,1,0,29,0,Nobre,2195453
275,2,4,1,3,0,Médio,1758302
238,1,4,0,9,0,Médio,1482535
142,3,2,3,19,1,Popular,782552
70,5,1,0,5,0,Nobre,771665
120,4,4,3,30,0,Popular,703254
48,2,3,3,4,0,Médio,479991
106,1,3,3,38,0,Médio,639884
260,1,2,0,38,0,Popular,1129479
40,5,1,0,33,0,Popular,252950
98,1,3,2,37,0,Popular,491660
165,3,2,0,16,1,Médio,1189602
240,2,1,0,21,0,Popular,1097149
295,5,3,3,16,0,Médio,1988759
64,3,3,2,6,0,Médio,567367
225,4,4,1,16,0,Popular,1131048
259,4,3,0,9,1,Popular,1366193
155,1,2,3,35,1,Nobre,1433943
279,5,1,2,23,0,Popular,1366939
293,5,2,3,12,0,Popular,1480809
173,4,2,3,26,0,Médio,1190497
229,3,3,0,19,0,Médio,1432424
77,1,3,3,4,0,Médio,596022
142,4,4,3,18,0,Médio,1022785
216,2,4,3,21,0,Médio,1405119
233,1,3,2,22,0,Médio,1440172
276,5,3,2,24,0,Médio,1780332
281,2,4,2,16,1,Médio,1893199
265,4,2,1,7,0,Popular,1339606
75,1,2,3,14,0,Popular,375201
250,5,1,1,13,1,Nobre,2365637
116,1,4,3,33,0,Popular,587462
281,3,1,2,38,0,Médio,1667908
124,2,3,3,7,0,Médio,868848
121,5,4,2,6,0,Popular,758235
150,4,1,2,7,0,Nobre,1429742
294,4,2,2,31,0,Médio,1806870
237,5,4,0,1,1,Popular,1342482
159,2,4,1,19,0,Popular,793114
107,4,2,2,7,0,Nobre,1083320
41,1,4,1,29,1,Popular,294134
83,2,1,3,18,0,Médio,568891
139,5,3,1,14,0,Popular,786211
273,3,3,2,25,0,Médio,1742129
76,2,2,0,35,0,Popular,316344
138,1,3,3,29,0,Popular,652681
295,4,4,1,21,1,Médio,1988516
180,5,4,3,18,1,Nobre,1937065
296,4,4,1,1,0,Médio,1960048
52,3,1,0,15,0,Médio,376873
240,5,1,1,28,0,Popular,1183309
139,4,4,3,26,0,Popular,748025
179,4,3,3,20,0,Popular,968757
173,4,2,0,7,0,Nobre,1602414
126,4,4,3,9,0,Nobre,1380825
179,5,2,3,39,0,Nobre,1604373
98,1,2,3,28,0,Médio,589066
246,5,3,2,25,0,Nobre,2244716
42,3,1,1,9,1,Médio,435936
42,3,4,2,39,0,Médio,351691
59,3,4,3,18,1,Popular,492106
156,4,4,0,27,1,Nobre,1622979
176,5,2,0,29,0,Nobre,1535100
254,2,2,3,20,0,Médio,1571297
114,4,3,0,20,0,Popular,630986
249,2,2,3,19,0,Médio,1541968
115,4,4,3,39,0,Médio,849832
299,4,4,3,11,0,Médio,1973730
118,1,4,1,3,0,Médio,795866
93,4,4,2,15,1,Médio,860201
260,4,2,0,17,0,Médio,1620796
298,5,1,3,29,0,Médio,1869668
297,1,2,0,15,0,Médio,1762786
102,5,1,1,4,0,Médio,789420
226,5,1,1,37,0,Popular,1065774
60,5,4,3,19,0,Popular,448696
99,2,1,1,25,0,Nobre,823722
125,3,3,2,3,0,Popular,682815
189,3,3,2,19,0,Popular,956490
170,3,1,3,19,0,Popular,795336
231,1,4,0,32,0,Médio,1358675
98,1,1,0,28,0,Popular,400907
260,2,2,1,8,0,Nobre,2209548
195,5,2,2,11,0,Médio,1374589
161,2,2,1,15,1,Médio,1097414
113,3,1,0,33,0,Nobre,941763
92,4,3,1,25,0,Popular,520224
264,2,4,0,13,0,Médio,1698180
156,2,1,0,38,0,Popular,685951
205,2,1,2,10,0,Nobre,1774420
205,1,1,3,37,0,Médio,1156166
99,3,4,1,35,0,Popular,541865
68,2,3,1,30,0,Nobre,624962
171,3,2,3,5,1,Popular,957430
291,4,3,3,5,0,Popular,1487951
55,3,1,2,4,0,Popular,332532
102,4,4,3,34,0,Popular,593082
293,3,3,2,8,0,Popular,1475294
95,1,2,3,5,0,Popular,528042
75,1,2,2,28,0,Médio,465869
246,2,2,0,29,1,Popular,1218639
266,4,2,0,9,0,Nobre,2381567
141,3,4,2,38,0,Popular,676781
149,2,1,1,25,0,Médio,877481
182,3,2,2,4,0,Médio,1230145
261,2,2,1,36,0,Médio,1553833
60,2,4,0,32,0,Médio,416654
116,2,2,3,21,0,Médio,782871
101,5,2,0,9,1,Médio,894612
235,2,4,0,23,0,Popular,1132073
144,5,1,2,34,0,Nobre,1325146
199,5,1,2,27,1,Nobre,1957021
71,2,1,2,34,0,Popular,378257
85,3,3,1,11,0,Popular,510927
48,4,3,0,38,0,Popular,266569
150,1,3,3,0,0,Médio,1028445
244,3,4,3,1,0,Popular,1298524
244,4,2,3,14,1,Popular,1287593
53,2,2,2,8,0,Médio,448673
73,3,2,1,17,0,Médio,531146
218,4,4,2,32,0,Médio,1438661
189,1,4,0,29,1,Médio,1221524
96,4,3,2,7,0,Médio,743209
294,1,4,3,16,0,Popular,1404598
195,2,2,2,22,0,Médio,1214357
62,2,1,1,8,1,Popular,446408
262,3,1,0,12,0,Popular,1273344
202,4,4,0,24,0,Nobre,1809198
152,4,2,2,9,0,Médio,1054516
71,1,1,2,15,1,Popular,427327
158,5,3,1,1,0,Popular,896219
89,5,2,1,15,0,Popular,533758
224,2,2,1,10,1,Popular,1134674
210,1,2,3,1,0,Médio,1354183
165,4,4,0,4,0,Nobre,1609034
84,5,2,0,8,0,Popular,521415
261,3,4,2,38,0,Popular,1231057
285,2,3,0,15,0,Médio,1759366
173,1,1,1,24,0,Médio,1032853
111,2,4,0,8,0,Popular,625994
246,4,2,1,10,0,Popular,1215795
44,2,3,1,2,0,Popular,307644
73,2,4,3,38,0,Médio,484433
291,2,1,0,35,0,Médio,1687890
182,1,1,0,10,1,Popular,919280
72,2,1,0,30,1,Nobre,700466
167,5,2,3,29,1,Popular,950334
170,5,4,1,30,0,Popular,934562
293,3,4,3,30,0,Popular,1427769
104,2,2,1,13,0,Popular,515849
287,4,3,3,32,0,Popular,1394268
71,2,1,2,34,1,Médio,515030
224,5,1,1,9,0,Popular,1162256
217,1,4,3,4,0,Médio,1442153
68,3,4,3,13,1,Popular,520261
64,1,3,3,0,0,Nobre,725388
132,2,2,0,18,0,Nobre,1115054
250,3,2,3,11,0,Médio,1646737
201,1,4,3,19,0,Popular,971998
66,5,3,1,33,0,Médio,527648
53,4,4,3,32,0,Popular,382898
108,2,3,1,31,0,Nobre,938139
261,1,3,3,4,1,Popular,1367081
189,2,1,2,2,1,Popular,1007480
241,2,4,1,17,0,Popular,1168070
81,3,2,0,10,0,Médio,617604
272,2,1,3,3,0,Nobre,2342885
122,2,3,0,10,0,Nobre,1144992
170,2,3,3,23,0,Nobre,1527368
82,4,4,0,1,0,Nobre,952699
98,2,1,1,34,0,Médio,539681
289,5,3,2,15,0,Médio,1875968
281,1,3,2,31,0,Nobre,2309825
166,3,2,0,21,0,Médio,1050417
255,2,3,1,19,0,Popular,1227536
129,5,4,1,10,0,Popular,765401
162,2,2,0,37,0,Nobre,1259643
160,5,2,1,3,1,Médio,1262305
220,5,1,1,16,0,Médio,1421324
69,1,2,0,5,0,Médio,471624
252,4,4,3,12,0,Médio,1745879
129,1,2,3,9,1,Nobre,1336204
173,5,3,1,14,1,Popular,1004634
90,4,2,1,1,0,Médio,757937
254,1,2,3,17,1,Popular,1311611
40,3,4,3,10,0,Médio,460313
110,5,2,2,8,0,Nobre,1134780
293,1,2,1,5,0,Médio,1775798
104,1,3,2,18,1,Médio,749963
155,5,4,1,2,0,Médio,1177613
93,4,1,0,15,0,Popular,534928
134,5,1,3,24,0,Médio,937980
120,4,4,0,10,0,Popular,694945
218,5,1,0,29,0,Médio,1350437
256,5,3,1,25,0,Médio,1645428
88,1,3,1,5,0,Popular,436859
191,1,3,1,21,0,Popular,898869
81,1,2,0,24,0,Médio,499950
154,1,4,3,21,0,Nobre,1418320
132,3,1,3,23,0,Médio,866240
73,4,4,2,3,0,Popular,491892
129,5,1,3,25,0,Popular,653157
84,1,4,1,8,0,Popular,481640
194,2,1,0,33,0,Médio,1140872
298,2,3,3,8,0,Médio,1886606
247,5,1,2,10,0,Nobre,2306702
163,3,2,2,37,0,Nobre,1358613
196,4,1,0,31,0,Popular,936633
213,4,3,0,9,1,Nobre,2092788
169,2,4,2,4,0,Médio,1168279
178,2,2,1,9,0,Médio,1135950
298,1,2,1,5,0,Popular,1427706
277,2,2,1,3,0,Nobre,2419915
116,4,2,1,4,0,Médio,880921
169,2,4,3,2,0,Médio,1161297
186,4,2,1,29,0,Médio,1191334
187,1,3,3,38,0,Popular,893804
189,5,4,3,8,0,Popular,1047625
72,3,3,2,5,0,Médio,612708
78,3,2,3,8,1,Nobre,1037920
238,3,2,1,35,0,Médio,1485947
246,4,2,0,18,0,Médio,1527017
256,5,1,2,35,0,Médio,1593924
112,4,3,2,10,0,Popular,642490
139,3,3,1,3,0,Médio,974404
67,2,3,0,27,0,Médio,466445
121,2,1,0,22,1,Popular,640663
289,2,2,3,35,0,Médio,1730582
203,5,4,0,29,0,Popular,1024250
103,3,3,0,38,0,Popular,543582
291,5,3,0,35,1,Médio,1959419
68,1,1,3,35,0,Nobre,541168
228,2,2,1,0,0,Popular,1116786
64,4,2,3,20,0,Médio,540454
55,3,1,0,33,0,Popular,258666
102,4,1,2,1,1,Nobre,1216889
67,1,3,1,10,0,Popular,347585
50,5,3,1,38,0,Médio,406798
245,5,3,2,16,0,Médio,1643403
195,5,4,3,28,0,Médio,1363845
281,3,2,3,39,0,Popular,1335782
105,2,1,0,20,1,Médio,739324
215,4,2,2,37,0,Popular,1038139
84,4,4,2,1,0,Popular,536478
147,5,2,1,27,0,Médio,1008803
261,5,2,3,16,0,Nobre,2405437
132,2,1,1,35,0,Popular,607613
214,4,1,0,38,0,Médio,1257370
95,2,4,1,5,0,Nobre,1003615
162,2,1,0,19,0,Médio,983792
281,5,3,3,28,1,Popular,1451858
141,3,3,2,0,1,Popular,898540
148,4,4,2,9,0,Nobre,1552870
270,3,3,1,17,0,Médio,1730805
149,5,3,0,7,1,Médio,1160899
109,1,2,1,0,0,Nobre,1033667
101,3,3,0,15,1,Médio,791988
44,5,1,3,0,0,Popular,395016
290,2,4,3,36,1,Popular,1438885
106,5,3,3,29,0,Popular,614614
100,4,3,1,8,0,Popular,589454
299,4,1,2,16,0,Médio,1859341
227,4,1,2,12,0,Popular,1103210
118,2,4,1,3,0,Nobre,1205133
111,3,2,0,12,0,Popular,568821
85,2,1,3,11,1,Médio,702347
270,3,3,3,2,1,Popular,1456731
265,4,4,2,20,1,Popular,1387368
92,1,2,1,24,1,Popular,492497
184,1,4,0,2,0,Nobre,1648392
236,1,4,2,18,0,Nobre,2082729
114,4,2,3,1,0,Nobre,1242553
200,1,1,3,2,0,Médio,1270213
184,2,4,3,11,0,Popular,944222
233,1,2,3,36,0,Médio,1398158
186,4,2,1,21,0,Médio,1205451
247,3,3,0,29,0,Médio,1533068
198,4,2,3,9,1,Médio,1450069
97,3,3,3,9,0,Nobre,1049900
274,2,2,2,7,0,Médio,1705314
161,2,3,3,29,0,Médio,1058538
129,4,4,2,28,0,Médio,906759
181,4,4,0,6,0,Médio,1272122
285,2,3,1,9,1,Médio,1852562
144,1,2,2,30,0,Médio,869873
296,2,4,3,35,1,Nobre,2696409
149,4,4,2,3,0,Médio,1092989
79,4,3,2,0,0,Popular,561613
145,3,4,1,29,0,Popular,748440
150,4,4,3,17,0,Popular,852605
102,3,4,0,7,0,Médio,750752
218,5,2,2,36,1,Nobre,2080917
220,1,3,1,35,0,Popular,1032475
161,2,1,0,38,0,Nobre,1270433
48,2,3,0,11,0,Médio,376124
144,1,2,0,27,0,Médio,834533
214,5,1,2,28,0,Médio,1366997
156,4,1,1,37,0,Nobre,1335545
138,3,4,1,35,0,Médio,904150
271,2,2,1,30,1,Popular,1283596
282,5,2,3,4,1,Popular,1498094
145,3,1,0,4,0,Popular,676667
183,3,2,2,35,1,Nobre,1700059
136,5,1,3,6,0,Médio,1027132
258,3,2,0,31,0,Nobre,2176291
126,2,1,2,0,0,Médio,846197
224,3,3,2,31,1,Médio,1531646
267,3,1,2,14,0,Popular,1283722
281,2,2,3,21,0,Médio,1732013
243,2,3,0,39,0,Médio,1403790
44,5,2,1,35,0,Médio,367513
263,1,4,1,35,1,Médio,1670406
143,3,4,1,37,0,Popular,710357
238,5,1,2,6,0,Médio,1623787
66,2,2,2,11,1,Médio,598059
189,2,4,1,31,0,Nobre,1593597
298,4,1,1,6,0,Nobre,2605987
149,1,3,0,30,0,Nobre,1206842
136,3,3,1,8,0,Médio,964623
129,1,3,1,24,0,Médio,799785
116,1,1,0,37,0,Médio,610540
146,5,4,2,22,0,Popular,852597
71,4,4,3,38,0,Médio,557451
69,3,2,1,5,0,Médio,544738
246,3,4,3,14,1,Médio,1732815
233,1,3,0,3,0,Popular,1114300
166,3,4,3,3,0,Médio,1211280
123,3,1,0,17,1,Médio,916617
63,2,2,3,13,0,Nobre,670817
69,5,2,3,11,0,Popular,443423
59,4,4,0,16,0,Médio,535624
204,1,2,3,22,0,Médio,1212456
159,3,3,2,20,0,Popular,819013
284,4,4,3,25,0,Médio,1863378
129,4,1,3,1,0,Popular,708693
63,4,2,2,9,0,Médio,546012
52,5,3,2,19,1,Nobre,820784
186,5,1,0,33,0,Popular,914553
183,5,2,1,0,1,Popular,1043321
299,1,3,3,2,0,Médio,1902583
143,4,3,0,13,0,Nobre,1358114
144,2,1,2,34,0,Nobre,1170154
155,4,2,2,19,0,Nobre,1449421
253,1,2,2,16,0,Médio,1537334
281,5,1,3,31,1,Nobre,2622715
251,3,4,2,37,0,Médio,1539794
155,1,4,2,22,1,Popular,887908
170,4,3,0,21,1,Médio,1233265
279,3,2,3,39,0,Popular,1318592
134,2,1,1,30,1,Nobre,1279075
222,3,1,3,20,0,Nobre,1953498
179,2,3,1,19,0,Popular,880351
53,2,3,0,36,0,Médio,314569
249,3,3,3,33,0,Médio,1583017
83,4,4,0,3,0,Médio,689534
274,5,2,0,24,0,Médio,1738975
294,3,4,2,4,0,Médio,1940121
163,4,4,0,16,0,Popular,885426
118,1,4,2,22,0,Popular,640941
174,5,4,2,37,1,Nobre,1821607
187,1,4,1,38,0,Nobre,1559820
60,4,3,0,11,0,Médio,518356
283,2,3,0,11,0,Popular,1338115
164,1,1,0,1,0,Popular,763993
97,3,2,2,11,1,Médio,829132
142,5,1,0,3,0,Popular,797851
180,4,4,2,14,0,Médio,1272584
296,1,3,0,28,0,Popular,1326748
237,4,4,2,32,0,Médio,1506043
214,1,1,3,21,0,Médio,1294358
296,3,4,2,35,0,Nobre,2526098
193,5,2,0,1,0,Nobre,1812087
138,5,2,0,19,1,Popular,848796
253,2,1,0,21,0,Médio,1458415
146,5,2,1,7,0,Popular,806752
217,4,2,3,15,0,Popular,1101753
189,4,3,3,33,0,Médio,1247985
121,2,4,3,9,0,Médio,864727
61,4,3,0,39,0,Nobre,589671
279,3,4,3,18,0,Popular,1377937
193,4,2,2,10,0,Médio,1353997
283,2,4,2,30,0,Nobre,2418802
290,4,2,2,7,0,Popular,1446034
246,3,3,1,31,0,Popular,1180130
218,2,1,2,6,1,Médio,1491231
142,1,3,1,23,0,Médio,858909
235,5,1,2,11,1,Popular,1267928
211,3,4,3,19,0,Popular,1099354
225,5,4,1,16,0,Popular,1179717
154,2,4,0,2,1,Popular,874613
60,5,4,1,38,0,Médio,512110
84,5,2,2,18,0,Médio,667603
74,1,2,1,6,0,Popular,382358
189,5,2,1,28,0,Popular,947250
135,1,4,2,36,1,Médio,923075
109,5,3,2,14,0,Popular,664365
41,3,1,3,27,0,Popular,222492
188,1,3,3,2,0,Popular,981473
152,1,3,3,35,1,Nobre,1404941
183,2,4,0,5,0,Popular,936753
276,4,3,3,0,0,Popular,1456469
133,2,3,2,12,0,Popular,691098
158,4,4,0,9,0,Popular,854460
276,1,3,0,15,0,Popular,1265792
268,3,1,2,20,0,Médio,1619806
207,3,2,1,3,0,Popular,1039038
273,1,4,3,3,0,Médio,1748586
90,2,3,2,17,0,Popular,508584
112,2,3,1,16,0,Médio,775676
180,2,4,2,21,1,Médio,1263920
154,2,1,1,15,0,Popular,721390
145,1,4,0,20,0,Médio,887364
257,3,1,2,19,0,Nobre,2180900
189,3,4,2,8,0,Médio,1325416
172,1,1,1,34,0,Popular,741845
255,5,3,1,25,0,Médio,1673789
275,2,3,0,35,0,Popular,1290953
59,4,4,0,1,1,Nobre,929252
270,4,2,0,35,0,Popular,1247939
291,1,1,2,29,0,Nobre,2338924
269,2,1,1,31,0,Popular,1200489
235,4,3,0,6,1,Médio,1670252
272,2,1,1,24,0,Médio,1603661
55,3,2,2,22,0,Popular,300916
150,4,4,2,37,0,Médio,1038158
185,1,1,1,2,0,Médio,1167882
180,2,1,3,32,0,Nobre,1475343
295,2,1,1,20,0,Popular,1328591
69,3,3,1,22,0,Popular,404634
297,3,4,2,35,0,Médio,1829915
245,2,1,1,36,0,Nobre,1977110
208,5,3,1,14,0,Popular,1067167
278,2,2,1,26,0,Médio,1663070
218,3,2,1,14,1,Médio,1480721
109,5,1,2,13,0,Nobre,1143331
270,5,2,2,10,1,Médio,1866574
223,5,1,0,37,1,Popular,1146825
254,4,1,3,8,0,Nobre,2295815
227,1,3,1,21,0,Nobre,1887008
237,4,2,1,34,0,Nobre,1995241
272,1,2,3,39,0,Médio,1603848
232,3,1,0,6,0,Popular,1125405
289,1,3,0,37,0,Médio,1700744
141,5,1,3,28,0,Médio,945976
175,5,3,2,8,1,Médio,1361544
153,3,3,3,30,1,Médio,1082693
142,2,2,2,31,0,Popular,643789
108,3,3,2,37,0,Médio,697356
295,5,1,0,14,0,Popular,1445476
208,4,2,1,24,0,Popular,1048256
93,4,3,3,0,0,Popular,637154
202,5,1,1,2,0,Médio,1402337
69,2,1,3,31,0,Popular,324217
208,1,3,3,1,1,Popular,1132383
147,2,3,1,32,0,Médio,888399
79,3,2,3,3,0,Médio,634779
155,3,3,0,0,0,Médio,1078858
191,5,1,3,6,0,Nobre,1831779
139,1,1,0,39,0,Médio,746335
299,5,2,1,27,0,Médio,1892389
119,1,2,1,20,0,Popular,572539
95,4,3,0,1,0,Nobre,1048271
176,1,4,2,25,0,Nobre,1521241
128,4,2,1,10,1,Popular,771537
271,3,4,3,9,0,Nobre,2483566
154,4,2,1,12,0,Nobre,1441816
67,4,4,2,21,0,Popular,458290
279,4,2,3,1,0,Popular,1370172
98,3,1,1,20,0,Nobre,935820
246,5,2,1,37,1,Nobre,2262324
153,1,1,0,18,1,Popular,781313
206,5,3,1,5,0,Popular,1130742
278,5,2,1,24,0,Médio,1746524
259,4,1,1,35,1,Nobre,2327548
107,1,1,2,35,0,Popular,490142
142,5,3,2,7,0,Nobre,1518020
235,1,2,1,3,0,Médio,1466870
128,2,3,3,26,0,Nobre,1142758
139,5,3,1,28,0,Médio,961648
224,4,1,3,20,0,Médio,1420306
174,2,1,0,20,0,Médio,1021226
283,3,3,1,37,0,Médio,1713004
146,4,4,2,26,1,Médio,1140801
175,4,4,2,3,0,Médio,1272609
108,4,2,1,6,1,Médio,884243
54,2,1,2,2,0,Médio,434958
56,2,1,0,5,0,Popular,290911
44,2,1,2,26,0,Médio,302559
249,3,2,1,24,0,Médio,1577118
226,3,1,1,10,0,Médio,1413906
280,4,3,1,0,0,Médio,1852963
246,1,4,2,25,1,Médio,1622677
102,4,1,2,34,0,Médio,669821
85,2,1,1,8,0,Popular,487579
161,2,2,1,20,0,Médio,1028906
198,3,2,1,16,0,Médio,1263088
152,4,2,0,31,0,Médio,958259
110,3,3,0,38,0,Médio,690909
118,4,1,2,24,1,Médio,946042
240,2,2,0,22,1,Popular,1164824
269,2,2,1,2,0,Médio,1716334
185,5,1,0,5,0,Nobre,1704242
43,4,1,3,37,0,Médio,312250
61,4,1,2,16,0,Nobre,670011
189,2,2,3,19,0,Médio,1217461
120,3,1,0,1,1,Médio,934107
189,3,4,1,7,0,Médio,1261542
259,3,4,0,13,0,Médio,1664215
130,3,3,1,36,0,Médio,813001
120,5,4,3,36,0,Popular,675302
113,1,1,0,35,0,Médio,620155
132,2,2,3,6,0,Popular,680830
160,2,4,3,7,0,Popular,834041
113,2,1,1,30,0,Popular,479394
271,1,2,2,24,0,Médio,1640911
163,3,1,2,2,0,Nobre,1514436
228,5,3,3,20,0,Médio,1538591
95,3,3,2,7,0,Popular,570624
276,5,2,1,4,0,Médio,1825350
118,3,4,1,7,0,Popular,668859
119,4,1,3,3,0,Nobre,1228127
247,4,2,0,32,0,Médio,1507860
253,3,1,3,32,0,Popular,1180108
54,1,2,2,7,0,Popular,350572
269,3,4,0,3,0,Médio,1748202
255,3,3,1,26,0,Popular,1207621
120,3,2,0,33,0,Nobre,1020860
224,3,4,1,21,0,Popular,1101857
275,3,4,2,36,0,Nobre,2343361
118,2,3,3,17,0,Popular,649837
120,1,3,2,7,0,Popular,635190
226,1,3,3,15,0,Médio,1413026
295,2,1,2,22,1,Médio,1852194
156,3,1,3,39,1,Médio,1039278
210,5,2,1,22,0,Popular,1045307
264,5,4,1,20,0,Nobre,2406563
57,3,4,1,27,0,Popular,371066
298,3,2,0,23,0,Popular,1391001
66,1,4,1,22,0,Nobre,624468
112,2,1,1,3,0,Médio,724158
145,2,2,1,12,0,Nobre,1303226
228,2,2,0,13,0,Médio,1400826
197,5,4,2,33,1,Médio,1440896
220,1,2,1,9,0,Popular,1022892
292,4,2,3,23,0,Popular,1468090
169,1,3,1,32,0,Popular,782527
134,4,4,3,34,0,Nobre,1307142
184,2,4,2,11,0,Nobre,1715622
162,1,2,3,2,0,Popular,844389
95,4,3,1,22,0,Popular,541003
209,3,3,1,25,0,Popular,1011059
82,3,3,0,11,0,Popular,466458
107,2,4,3,34,0,Médio,707568
130,5,3,1,13,0,Nobre,1363007
190,2,1,1,16,1,Nobre,1782830
139,1,4,0,34,0,Médio,840562
269,5,3,0,0,0,Médio,1785639
135,1,4,1,23,0,Popular,647324
126,1,1,1,27,0,Médio,736492
211,1,3,1,26,0,Médio,1258314
97,3,4,3,39,1,Médio,764502
128,2,1,3,14,0,Nobre,1179215
151,5,3,1,33,0,Nobre,1424311
107,2,3,3,36,0,Nobre,983946
209,3,3,1,37,0,Médio,1274995
167,4,3,0,13,1,Médio,1229724
53,5,1,1,10,0,Popular,362927
185,3,4,0,34,0,Médio,1192329
179,4,2,1,5,0,Médio,1201722
186,4,1,2,36,1,Popular,988649
46,3,3,1,22,0,Popular,323017
242,3,4,0,31,0,Nobre,2059506
289,5,3,0,15,0,Popular,1445967
129,3,2,3,28,0,Popular,684029
283,5,3,0,20,1,Popular,1455005
227,3,3,1,4,0,Popular,1170686
266,4,4,2,6,0,Popular,1400523
186,5,2,1,38,0,Popular,895913
56,5,2,2,39,1,Popular,430314
171,2,3,1,15,0,Médio,1140838
284,2,3,3,36,0,Nobre,2373830
93,1,1,2,27,0,Popular,409058
235,3,1,1,20,0,Popular,1122272
221,4,3,1,6,0,Nobre,2050188
130,5,2,0,5,0,Médio,946358
279,3,3,2,35,1,Nobre,2503820
205,5,4,3,25,0,Médio,1423495
258,3,1,0,27,1,Popular,1253309
175,4,2,2,5,0,Médio,1191289
85,2,2,2,28,0,Popular,391377
139,1,4,3,3,0,Médio,951351
47,4,2,3,36,0,Nobre,493756
77,5,2,1,23,1,Popular,564188
43,3,2,2,15,1,Popular,376179
44,1,2,1,10,0,Médio,299652
224,3,1,1,32,0,Médio,1348656
154,4,2,3,19,0,Nobre,1490537
283,1,1,1,2,1,Médio,1846022
95,5,4,2,6,0,Popular,622942
62,1,1,3,34,0,Nobre,477714
52,2,2,0,33,1,Popular,313517
223,3,2,1,18,0,Nobre,1970508
256,1,1,1,29,0,Médio,1449201
140,4,3,0,39,0,Médio,874222
260,2,3,3,30,0,Popular,1242282
137,2,2,0,4,0,Médio,907761
102,1,1,2,12,0,Médio,657849
66,1,2,2,33,0,Popular,300709
209,2,3,3,30,0,Médio,1283953
108,3,3,3,28,0,Médio,741289
265,3,4,2,35,0,Popular,1258559
117,4,4,1,30,0,Popular,638088
76,2,4,3,14,0,Popular,459639
82,2,1,3,27,0,Médio,520156
71,3,4,1,38,0,Médio,472552
270,3,3,3,7,0,Popular,1330980
297,5,2,1,34,0,Nobre,2560045
265,5,2,3,6,0,Popular,1374096
190,2,4,0,33,0,Popular,908262
101,3,3,2,13,1,Popular,662146
299,4,1,0,34,1,Popular,1457607
160,3,2,1,27,0,Nobre,1388482
213,2,2,1,1,0,Popular,1063969
67,4,3,2,6,0,Médio,609944
96,3,2,1,0,0,Médio,715994
189,2,3,2,2,0,Médio,1196483
162,2,4,1,38,0,Popular,775691
57,3,4,0,11,0,Nobre,652640
54,3,1,1,7,0,Nobre,573465
129,5,4,3,19,0,Nobre,1397664
165,1,2,3,29,0,Médio,986924
179,1,4,0,18,0,Nobre,1533408
186,2,2,3,34,0,Médio,1146471
214,3,3,1,0,0,Médio,1423979
212,1,3,0,0,0,Popular,1041514
167,2,3,0,22,0,Popular,794966
47,4,2,2,19,0,Nobre,581651
287,5,1,2,16,0,Popular,1433248
83,5,1,3,31,1,Médio,736969
133,3,1,2,18,0,Médio,871917
54,1,3,3,38,0,Popular,258906
66,3,2,1,11,1,Médio,633947
282,1,3,3,22,0,Médio,1758260
248,2,3,2,10,1,Médio,1651863
228,2,4,0,33,0,Popular,1054792
137,4,4,1,26,0,Médio,970263
195,3,2,3,35,0,Popular,939625
158,5,1,0,3,0,Médio,1051653
229,3,3,0,39,0,Médio,1346846
46,3,4,2,5,0,Médio,498172
270,1,3,0,27,1,Popular,1286849
140,2,4,2,34,0,Popular,691053
60,4,1,3,32,0,Popular,329517
132,4,4,3,5,0,Popular,809278
170,4,2,3,13,0,Médio,1190689
214,4,4,0,31,1,Médio,1471929
121,1,2,0,31,0,Popular,554906
205,3,4,2,24,0,Popular,1030839
151,1,2,0,18,0,Médio,927630
169,3,1,3,28,0,Médio,1051874
271,2,1,1,0,0,Popular,1314965
178,2,2,3,28,0,Médio,1084308
111,4,2,0,10,0,Médio,794243
139,1,2,0,16,0,Médio,852346
295,1,4,0,13,1,Médio,1924670
142,3,2,2,38,0,Popular,682002
186,4,4,3,7,0,Popular,1023205
272,2,2,0,10,0,Popular,1299502
247,1,4,1,7,0,Médio,1556698
205,2,4,3,23,0,Nobre,1839404
200,2,2,3,21,0,Popular,965578
182,5,4,3,4,0,Médio,1347764
187,2,1,2,27,1,Popular,919724
297,3,2,0,34,0,Popular,1359846
164,4,1,0,23,0,Médio,1076302
253,2,3,0,25,0,Popular,1188465
113,4,4,0,10,1,Nobre,1298198
122,4,2,2,17,0,Popular,675655
224,5,3,3,16,0,Popular,1172148
76,5,1,3,21,0,Médio,604132
125,2,1,0,9,1,Popular,686042
73,2,1,3,31,0,Médio,468973
218,1,2,1,10,0,Popular,1020417
254,3,1,3,35,1,Popular,1264468
67,3,1,2,27,0,Médio,434169
258,1,3,2,15,0,Médio,1594692
152,5,2,1,32,0,Médio,1008383
298,5,1,3,9,0,Médio,1936648
296,2,2,1,12,0,Médio,1815484
206,4,4,1,10,0,Médio,1390453
55,1,4,2,35,0,Médio,346624
155,1,1,0,10,0,Popular,704279
178,5,3,3,27,0,Médio,1215091
196,2,3,0,19,1,Nobre,1813694
101,5,2,0,6,0,Popular,615741
188,4,1,3,6,0,Popular,997921
250,3,1,0,7,0,Médio,1584504
260,2,1,2,36,1,Médio,1663668
50,4,1,0,17,0,Nobre,556799
233,1,2,0,19,0,Médio,1409444
116,1,1,1,39,1,Nobre,1008863
253,1,4,0,28,0,Nobre,2087572
271,3,3,2,15,0,Popular,1320337
148,1,3,1,21,0,Médio,868852
159,2,2,1,27,0,Popular,752869
225,3,2,3,39,0,Médio,1366274
50,1,1,3,0,1,Popular,410728
105,1,4,3,6,0,Médio,787848
44,2,1,0,16,1,Médio,405917
221,1,4,2,0,0,Médio,1466002
60,3,4,1,24,0,Nobre,641337
178,4,3,3,16,1,Popular,1022764
195,4,3,3,20,0,Médio,1331048
60,4,3,3,9,0,Popular,455915
172,1,3,2,15,0,Popular,823472
43,5,4,1,25,0,Médio,466879
107,3,3,1,20,0,Popular,599209
59,4,1,3,1,0,Popular,472747
61,5,4,0,28,0,Nobre,734920
84,1,1,2,13,0,Médio,575114
154,5,3,1,23,0,Médio,1068952
68,2,4,2,26,1,Popular,511638
211,4,1,2,12,0,Médio,1389998
246,5,1,0,35,0,Popular,1176607
194,3,2,0,23,0,Médio,1212250
107,4,4,1,31,0,Médio,795916
169,2,2,2,33,0,Popular,761218
109,4,2,0,37,0,Médio,704695
145,5,3,0,21,0,Popular,786653
224,1,2,0,35,0,Médio,1253449
128,4,1,0,37,0,Popular,586259
277,3,1,1,25,1,Médio,1778926
240,2,3,3,29,0,Médio,1500164
68,1,4,1,27,1,Popular,412848
133,4,4,0,20,0,Popular,744034
127,2,2,2,20,0,Médio,811256
66,3,4,3,25,1,Popular,522049
66,2,2,3,23,0,Médio,471779
82,2,2,2,22,0,Popular,426878
217,5,4,3,34,0,Médio,1486532
183,4,1,0,26,0,Popular,873568
118,1,3,2,20,1,Nobre,1169243
109,2,1,1,5,0,Nobre,978406
254,5,3,2,12,1,Médio,1823834
209,4,3,0,35,1,Nobre,1934271
152,5,1,3,9,0,Popular,807916
229,3,4,2,37,0,Médio,1414700
232,3,4,3,1,0,Popular,1240060
79,2,3,0,17,0,Nobre,765504
268,4,3,1,5,0,Popular,1366646
157,2,2,2,23,0,Popular,792400
54,3,4,2,37,0,Médio,421684
200,4,4,1,37,0,Médio,1292563
186,3,3,0,23,0,Nobre,1616572
285,2,4,0,9,0,Popular,1379871
177,3,4,0,16,0,Médio,1203833
148,4,3,3,37,0,Popular,741863
260,1,4,1,15,1,Médio,1739318
155,4,2,1,13,0,Popular,802922
46,4,1,3,9,0,Popular,348894
162,3,1,1,1,0,Médio,1083049
122,4,2,0,6,0,Nobre,1207120
280,5,3,2,7,0,Popular,1474650
213,2,4,2,39,0,Médio,1295685
194,2,4,2,24,0,Nobre,1708329
204,2,3,3,6,0,Médio,1370342
137,5,4,3,33,1,Nobre,1487659
206,3,1,0,9,0,Nobre,1814996
123,2,1,3,3,0,Médio,835581
128,3,1,1,4,0,Popular,679737
214,2,4,0,17,0,Médio,1336960
209,3,3,1,16,0,Popular,1066483
237,3,2,3,10,0,Nobre,2114152
78,2,3,3,3,0,Popular,513860
42,5,1,1,29,0,Popular,267032
61,5,3,1,29,0,Médio,501822
260,1,3,0,5,0,Médio,1638864
91,5,2,1,19,0,Médio,696904
195,2,1,3,9,0,Popular,946282
249,4,4,3,39,0,Popular,1251167
234,1,4,0,36,1,Popular,1131600
77,2,1,2,8,0,Médio,541501
291,1,1,2,10,1,Popular,1436203
83,5,4,1,12,0,Médio,730491
61,4,3,2,10,0,Popular,420140
69,5,4,3,29,1,Popular,554211
229,5,1,3,33,1,Popular,1193751
257,2,4,0,31,0,Médio,1555035
99,2,2,0,1,1,Popular,568970
296,2,3,3,32,1,Popular,1514663
83,1,3,2,37,0,Médio,491675
169,2,3,3,7,0,Nobre,1588125
286,5,4,1,16,0,Nobre,2615723
123,2,2,1,22,0,Médio,756520
238,5,3,2,3,0,Médio,1625647
254,4,2,3,13,0,Popular,1301166
167,1,2,2,3,0,Médio,1059248
106,3,1,1,14,1,Médio,839368
119,2,4,3,28,0,Popular,649154
223,4,3,2,38,0,Médio,1393404
157,5,3,2,6,0,Popular,842206
42,2,4,0,31,0,Popular,199797
214,5,4,1,17,0,Médio,1448387
123,3,4,3,33,0,Médio,840904
57,1,3,2,28,0,Popular,306707
184,5,3,0,2,0,Nobre,1788677
282,5,2,0,3,1,Médio,1964031
163,4,4,0,25,0,Popular,843139
297,4,3,3,20,0,Nobre,2658863
257,4,3,0,16,1,Nobre,2447393
249,4,1,2,22,0,Popular,1208231
72,5,4,3,22,0,Popular,513983
68,2,3,0,30,1,Popular,425608
151,1,3,3,11,0,Popular,762443
288,3,4,3,13,0,Popular,1460154
115,2,1,3,10,0,Nobre,1088576
194,5,1,2,4,0,Popular,1042734
97,3,2,3,28,0,Nobre,905022
49,2,4,0,11,1,Médio,477108
218,3,1,2,30,0,Popular,1018912
279,2,2,0,26,0,Popular,1256060
292,3,4,3,35,0,Médio,1821132
186,4,1,0,22,1,Popular,994021
233,2,1,0,30,1,Médio,1422435
298,2,4,2,8,0,Médio,1914531
131,3,2,3,6,0,Médio,934658
278,4,4,1,7,0,Popular,1426174
52,1,1,1,36,0,Nobre,391566
61,3,1,1,2,0,Popular,352755
120,1,1,2,1,0,Popular,617951
42,5,1,1,3,0,Popular,323410
143,2,1,2,21,0,Médio,876446
201,3,2,2,25,1,Popular,1049187
115,1,1,2,21,0,Popular,497542
261,1,3,3,6,0,Médio,1648021
133,4,2,3,39,0,Nobre,1171564
228,5,1,3,24,0,Médio,1500013
117,1,4,3,7,0,Médio,844379
196,3,3,1,36,0,Nobre,1673465
180,3,3,3,1,0,Popular,970747
76,4,4,1,16,0,Nobre,861452
132,1,2,1,37,1,Popular,651312
87,3,1,0,26,0,Nobre,803305
266,2,2,0,5,0,Médio,1603681
168,3,1,1,31,0,Nobre,1393476
47,4,1,1,37,0,Médio,302168
267,1,2,1,29,0,Médio,1598559
236,4,3,1,26,0,Médio,1474053
191,4,3,1,5,0,Popular,1008422
48,5,4,2,18,0,Popular,392675
179,5,4,3,8,0,Popular,992276
171,1,4,1,21,0,Popular,813167
94,4,1,3,1,0,Popular,582183
249,5,3,3,5,1,Médio,1858683
77,4,3,1,36,0,Popular,403737
118,3,2,2,29,0,Popular,576376
256,2,2,2,23,0,Popular,1206660
290,1,4,3,36,0,Popular,1339638
136,3,2,3,21,0,Nobre,1274689
59,1,3,1,17,1,Médio,552091
190,3,1,1,6,0,Nobre,1700150
206,4,3,3,7,0,Médio,1417368
171,3,1,2,32,1,Médio,1168622
65,4,3,1,32,0,Popular,360141
90,4,2,2,16,1,Médio,820569
130,2,3,2,23,0,Médio,844797
45,4,2,0,2,0,Médio,450412
276,3,2,0,23,0,Popular,1295519
155,3,3,2,34,0,Nobre,1397867
134,2,4,2,13,1,Nobre,1432959
40,3,3,2,26,0,Popular,268458
46,4,3,1,19,0,Médio,420613
287,3,3,3,1,0,Nobre,2647461
128,3,1,0,28,0,Nobre,1059202
215,4,2,3,2,1,Popular,1206931
204,3,1,3,17,0,Popular,1064762
241,2,3,3,2,1,Médio,1715374
189,4,1,0,32,0,Nobre,1620810
78,1,1,0,31,0,Nobre,576123
260,1,2,2,0,1,Popular,1332527
190,3,1,3,3,1,Popular,1068821
89,1,3,0,24,0,Médio,524853
196,5,1,1,32,0,Médio,1236467
211,3,1,3,11,0,Nobre,1900721
245,5,1,2,18,0,Nobre,2226796
40,4,4,2,16,0,Popular,377079
53,4,3,2,39,0,Médio,390134
94,5,2,1,8,0,Popular,584736
180,1,1,3,4,1,Popular,979758
296,2,3,0,27,0,Popular,1354149
108,2,2,0,33,0,Médio,626856
143,1,3,3,23,1,Médio,1021624
104,3,3,0,31,1,Popular,595513
225,2,4,3,10,1,Nobre,2213897
48,2,4,2,11,0,Médio,449287
276,3,2,1,20,0,Médio,1720427
56,5,4,3,22,0,Médio,525281
214,5,2,1,19,1,Popular,1199737
247,2,4,2,24,0,Popular,1186576
55,4,2,2,30,0,Médio,434594
74,1,2,3,37,0,Médio,434375
93,1,1,2,24,1,Médio,645304
163,2,4,2,1,0,Nobre,1575199
283,5,3,3,13,0,Popular,1424208
71,3,1,1,23,0,Popular,348468
167,5,2,1,20,0,Nobre,1576933
52,4,2,0,3,1,Popular,447780
268,5,3,1,39,0,Médio,1687701
207,4,3,2,17,0,Popular,1092383
138,2,1,0,8,0,Popular,684049
296,2,2,0,25,0,Médio,1764179
263,4,4,1,20,0,Popular,1329030
224,3,3,0,31,0,Popular,1062469
226,4,3,2,9,0,Médio,1511996
224,5,1,2,21,0,Médio,1439064
275,3,4,0,26,1,Médio,1837833
69,3,3,3,11,0,Nobre,785562
188,5,4,1,4,0,Nobre,1911984
182,3,1,2,1,0,Popular,964187
283,4,1,0,28,1,Nobre,2499794
218,3,1,0,22,0,Popular,1018308
102,4,2,3,17,1,Popular,688946
64,4,1,3,24,1,Nobre,821105
120,5,2,1,13,0,Popular,666165
212,4,1,0,14,0,Popular,1030607
66,1,4,0,27,0,Médio,415302
140,5,4,3,28,0,Popular,770671
177,4,4,1,22,0,Nobre,1654888
113,2,1,2,15,0,Popular,572134
49,3,3,2,2,0,Popular,378309
296,4,2,0,8,1,Médio,1984183
53,2,3,0,34,0,Médio,319325
151,1,4,3,10,0,Popular,799718
214,2,1,0,8,0,Nobre,1786345
196,4,4,0,19,0,Popular,1012395
256,3,1,2,7,0,Popular,1246776
91,1,1,1,32,0,Médio,527065
280,4,1,3,35,0,Popular,1389661
91,2,2,1,12,0,Médio,632915
240,5,1,3,11,0,Médio,1542707
222,2,3,1,38,1,Médio,1421322
212,1,4,2,3,0,Nobre,1912261
287,2,2,1,5,0,Médio,1758668
178,5,1,2,39,0,Popular,887504
208,1,2,2,7,0,Médio,1285536
43,5,1,0,18,0,Médio,389497
280,4,2,1,33,1,Nobre,2490642
180,2,4,1,1,1,Popular,1049077
243,1,3,1,32,0,Médio,1431267
224,1,3,0,13,1,Popular,1136934
213,1,2,1,2,0,Popular,1018730
81,1,1,2,25,0,Médio,496287
59,1,1,1,21,0,Médio,348579
254,5,3,1,25,0,Popular,1280673
287,2,1,3,25,1,Popular,1450167
279,2,2,3,1,1,Médio,1913849
106,1,1,3,2,1,Médio,826998
138,4,3,1,32,1,Popular,800593
72,1,2,0,32,0,Popular,349377
44,3,3,0,26,0,Médio,388963
217,5,3,1,14,0,Popular,1131934
257,1,4,1,32,1,Nobre,2303370
211,3,2,3,39,0,Popular,981434
286,5,4,2,21,0,Médio,1932158
160,2,4,1,4,0,Nobre,1533621
193,1,1,3,28,1,Popular,991363
275,5,1,2,29,1,Médio,1863902
294,1,3,2,21,1,Médio,1886777
247,2,1,0,33,0,Médio,1385453
186,4,2,0,22,0,Popular,938217
163,5,3,1,34,0,Popular,847024
274,1,2,0,17,0,Popular,1258601
275,1,1,1,28,1,Médio,1701465
179,4,3,3,10,0,Nobre,1747489
203,5,1,1,22,0,Médio,1309364
120,1,1,1,14,0,Popular,584321
60,5,2,0,28,1,Popular,477515
90,3,4,2,13,0,Médio,679873
209,4,1,3,27,0,Médio,1355792
160,5,4,0,20,0,Nobre,1571028
285,5,2,1,24,0,Médio,1815828
140,1,1,0,35,0,Popular,589403
291,3,4,1,22,1,Popular,1512482
241,4,1,2,36,1,Médio,1579353
214,3,2,0,18,0,Médio,1361495
54,2,3,3,29,0,Médio,429154
186,2,4,3,4,0,Médio,1286705
119,5,4,0,8,1,Popular,775356
131,1,3,1,34,1,Nobre,1187323
124,4,2,1,39,0,Nobre,1109540
51,2,2,0,26,1,Popular,331046
143,3,1,0,32,1,Médio,982228
50,2,1,1,22,0,Nobre,402697
172,2,1,0,19,0,Nobre,1432186
175,4,3,1,14,0,Popular,909283
100,5,2,1,22,0,Popular,548271
60,4,1,3,8,0,Popular,396697
62,3,1,3,23,0,Médio,453520
87,4,1,2,16,0,Nobre,905251
271,1,3,0,13,0,Médio,1649472
206,5,1,1,38,0,Popular,970245
206,4,1,2,36,0,Médio,1238131
245,5,4,2,18,0,Popular,1283003
140,1,3,1,26,0,Nobre,1190605
212,1,3,3,33,1,Médio,1390501
197,4,1,1,28,0,Médio,1233369
242,5,3,2,23,0,Médio,1634126
187,1,4,2,35,0,Popular,862618
142,1,2,3,20,0,Médio,916330
71,2,3,2,35,1,Médio,534742
49,4,1,1,31,0,Popular,250654
71,2,3,0,24,0,Médio,488766
46,5,4,0,9,0,Popular,381262
168,3,4,2,13,0,Nobre,1605390
293,4,3,0,21,0,Popular,1410608
170,5,2,0,13,0,Médio,1179912
120,5,2,2,2,0,Nobre,1296203
237,5,1,1,39,0,Popular,1147157
83,4,2,2,3,0,Médio,695288
244,3,3,1,25,1,Médio,1645857
62,2,4,2,38,0,Popular,320262
177,1,4,0,11,0,Popular,869199
97,4,2,1,30,0,Nobre,904748
245,5,3,2,19,0,Médio,1641733
214,5,1,3,12,0,Médio,1418841
66,2,3,3,38,0,Popular,357887
299,5,1,2,2,0,Popular,1484950
178,3,2,3,20,0,Médio,1151747
57,4,1,0,5,0,Médio,480092
229,5,3,3,30,1,Médio,1657820
165,1,1,3,6,0,Médio,1043404
244,4,4,2,20,0,Popular,1265649
68,4,2,2,29,0,Popular,399976
254,4,2,0,3,0,Médio,1672791
147,3,1,2,21,0,Médio,922557
156,3,2,0,2,0,Nobre,1431120
117,3,3,3,11,0,Médio,875346
46,5,2,2,22,0,Popular,303723
108,1,3,3,21,0,Nobre,971075
297,5,4,3,15,0,Popular,1573513
59,1,1,2,24,0,Popular,284051
186,4,2,2,4,0,Nobre,1785195
57,3,1,1,11,0,Nobre,605181
266,1,3,2,9,1,Médio,1732393
196,4,4,0,2,0,Popular,1087544
267,1,4,0,14,0,Nobre,2269399
141,1,2,1,10,0,Médio,856062
286,4,1,0,19,0,Nobre,2445901
212,4,2,0,18,0,Nobre,1898245
260,5,1,0,20,1,Médio,1744482
222,4,4,3,6,0,Médio,1558894
75,3,4,2,29,0,Popular,441802
209,1,2,0,8,0,Popular,1000973
57,3,2,1,34,1,Popular,347836
273,4,3,0,16,0,Médio,1745510
254,1,4,0,22,0,Médio,1539778
229,5,4,3,33,0,Nobre,2159157
217,3,2,3,3,0,Médio,1494659
177,4,2,1,0,0,Médio,1233914
295,2,2,0,14,0,Popular,1377282
67,2,1,2,0,0,Popular,401900
299,2,1,3,23,1,Médio,1900004
260,3,4,0,2,0,Médio,1704656
63,1,3,2,34,0,Nobre,510894
216,2,4,2,32,1,Popular,1124493
234,2,2,3,17,0,Nobre,2037484
171,3,3,2,15,0,Médio,1147651
73,4,2,2,35,1,Nobre,877047
246,4,3,0,34,0,Médio,1533918
74,1,3,1,2,1,Médio,613753
45,4,1,0,3,0,Popular,294813
210,2,1,3,35,1,Popular,1048596
292,5,4,3,15,0,Nobre,2702484
108,5,3,2,18,0,Nobre,1183572
153,3,1,0,32,0,Popular,695949
116,4,2,2,35,0,Nobre,1080564
214,3,4,0,39,0,Médio,1333175
206,2,1,1,14,1,Nobre,1930058
206,2,3,1,19,0,Médio,1297719
154,5,4,0,7,0,Nobre,1551432
44,2,3,0,29,0,Nobre,432752
224,1,1,0,5,0,Popular,1055543
283,5,2,3,23,1,Popular,1510701
282,4,3,3,22,0,Médio,1839536
124,4,1,2,33,1,Popular,720650
225,4,4,0,29,0,Popular,1116272
184,4,4,3,11,0,Popular,1005587
82,5,1,2,7,0,Popular,491067
148,4,1,3,22,0,Popular,763522
251,4,4,0,37,1,Popular,1280294
169,5,2,0,36,0,Médio,1090352
129,5,1,3,37,0,Nobre,1233527
266,5,3,2,35,0,Médio,1683739
259,1,4,3,39,0,Médio,1572535
137,1,2,0,25,0,Popular,583818
103,4,1,3,33,1,Médio,776010
249,5,3,2,38,0,Nobre,2198646
107,2,1,3,32,0,Médio,642111
59,3,4,3,8,0,Médio,546418
204,5,3,1,11,0,Popular,1080289
286,1,2,0,14,0,Médio,1681279
256,4,4,2,20,0,Popular,1289150
197,2,4,1,17,0,Médio,1318281
245,2,2,3,15,0,Popular,1213468
271,2,2,0,21,0,Popular,1251543
294,2,2,1,17,0,Popular,1369350
246,5,3,0,31,0,Médio,1553387
259,5,3,1,19,0,Popular,1283021
198,3,4,1,34,0,Popular,956837
163,3,4,3,38,0,Popular,807821
82,3,1,0,20,0,Médio,563807
103,1,3,1,5,0,Nobre,933042
297,1,1,2,23,0,Nobre,2442641
290,5,2,0,29,1,Médio,1891836
140,3,2,3,9,0,Médio,995791
45,4,1,1,31,0,Popular,252946
152,2,3,1,18,0,Nobre,1362936
293,4,1,2,31,0,Médio,1780451
219,2,2,1,0,1,Popular,1204096
123,3,1,3,9,0,Popular,670522
115,5,2,2,39,0,Médio,779030
45,2,2,1,26,0,Nobre,453419
121,1,2,2,27,0,Nobre,1019810
65,2,3,1,24,0,Médio,441042
58,4,2,0,21,0,Popular,385643
176,3,3,2,3,0,Médio,1205084
93,5,1,2,25,1,Médio,797010
110,1,2,1,32,0,Popular,468958
276,1,1,1,9,0,Nobre,2288257
50,2,3,1,19,0,Médio,392742
163,3,3,3,10,1,Médio,1235642
280,1,3,2,22,0,Médio,1722250
121,5,3,0,19,0,Médio,884697
132,3,2,3,21,1,Nobre,1413437
271,4,4,0,6,1,Médio,1899234
163,2,1,0,23,0,Médio,974335
271,2,2,2,32,0,Popular,1244674
222,4,3,3,6,0,Popular,1163330
124,1,4,2,12,0,Popular,593277
201,5,1,2,22,1,Médio,1420339
160,5,4,3,39,1,Popular,911627
77,2,2,1,6,0,Popular,443548
177,5,1,1,2,0,Popular,935941
219,4,3,1,14,0,Médio,1487378
42,1,4,0,16,0,Popular,246332
66,4,3,1,26,0,Médio,510575
182,5,3,2,14,0,Médio,1288333
46,1,1,0,35,0,Médio,218816
123,4,3,2,6,0,Nobre,1277061
41,5,2,0,12,0,Médio,406995
107,5,1,3,10,0,Médio,781988
210,2,2,1,28,0,Popular,987886
234,4,4,3,11,0,Médio,1600924
137,2,2,2,30,1,Nobre,1334282
297,3,3,1,4,0,Nobre,2636013
58,2,4,2,39,0,Médio,400748
97,5,1,0,2,0,Médio,725285
245,4,4,0,19,1,Popular,1314743
110,1,1,1,32,0,Médio,635232
298,4,1,2,5,0,Popular,1466687
74,4,2,3,15,0,Médio,590872
131,5,2,0,22,0,Popular,683151
193,2,2,2,32,1,Médio,1254090
41,1,2,0,17,0,Popular,177901
48,2,2,3,33,0,Médio,324838
292,2,4,1,6,0,Popular,1443227
218,1,3,3,2,0,Médio,1365244
129,5,4,3,7,0,Médio,1057714
276,5,4,3,34,0,Popular,1408172
119,2,2,0,14,1,Popular,631075
156,5,3,2,6,0,Médio,1143097
101,2,1,1,14,1,Médio,715981
94,3,2,3,9,0,Médio,697484
193,5,2,2,4,0,Médio,1397696
69,5,4,3,21,0,Popular,500319
294,2,4,2,9,0,Médio,1899193
271,4,1,1,5,0,Médio,1743774
258,1,3,3,18,1,Popular,1306743
218,3,2,3,14,0,Popular,1094520
133,1,2,1,37,0,Popular,598890
268,3,2,3,14,0,Nobre,2403640
77,1,4,3,30,1,Popular,483598
265,4,4,1,2,1,Nobre,2598413
61,3,4,0,7,0,Popular,382150
255,1,4,1,13,0,Popular,1206501
160,5,3,2,33,1,Médio,1214217
125,1,4,1,17,0,Popular,631204
233,2,2,3,37,0,Médio,1364952
180,1,4,2,37,1,Médio,1214543
241,5,1,1,0,0,Médio,1594748
128,4,2,3,1,0,Médio,956043
240,3,1,3,15,0,Médio,1545554
193,4,3,2,14,0,Médio,1300455
227,3,1,1,25,0,Médio,1393499
183,2,3,0,0,1,Popular,989467
258,4,3,1,18,0,Médio,1662689
113,2,4,1,5,0,Médio,825248
125,1,3,0,39,0,Popular,544716
144,2,2,0,26,0,Popular,658845
286,3,4,1,22,1,Médio,1956459
64,1,4,1,18,1,Médio,549397
241,5,2,3,8,0,Nobre,2240351
166,1,3,3,7,0,Popular,854363
173,5,3,1,5,0,Médio,1248907
111,2,1,1,1,1,Nobre,1155935
218,4,4,0,32,1,Nobre,2118570
273,2,1,3,25,1,Popular,1352550
216,4,4,0,17,0,Nobre,1994974
235,1,1,2,19,0,Popular,1079215
110,3,1,0,36,0,Médio,642663
224,4,2,1,33,0,Nobre,1961673
187,3,3,1,39,0,Nobre,1586723
40,5,4,2,21,0,Médio,465750
278,3,1,2,1,1,Médio,1864860
289,3,4,0,14,0,Popular,1460376
84,1,2,2,37,1,Nobre,796861
254,4,3,2,7,0,Popular,1293150
296,2,3,2,21,1,Nobre,2689177
78,4,3,2,0,0,Popular,528463
154,2,1,3,26,0,Popular,733388
157,3,3,2,7,0,Médio,1092252
160,5,2,1,29,0,Médio,1063915
182,2,3,2,19,1,Nobre,1754776
202,2,2,2,10,0,Médio,1252579
267,1,2,2,22,0,Médio,1596200
90,1,3,0,3,0,Nobre,849157
205,1,1,3,31,0,Popular,940292
246,5,2,1,39,0,Nobre,2132900
289,4,2,0,19,0,Popular,1393730
257,3,2,0,31,0,Popular,1162320
183,3,2,2,34,0,Médio,1116645
127,5,4,3,31,0,Popular,731841
69,4,3,1,35,0,Popular,401080
158,3,2,2,10,0,Popular,829397
136,2,3,0,25,0,Médio,882419
81,5,4,0,1,1,Popular,637922
241,1,4,0,33,0,Nobre,1983997
106,1,4,0,38,1,Nobre,1008361
248,2,3,0,35,0,Popular,1131900
121,4,1,2,15,0,Popular,628264
47,2,1,1,0,0,Popular,300266
283,5,3,2,18,0,Médio,1874300
75,1,3,3,28,0,Popular,359955
294,3,4,0,8,0,Médio,1864710
180,1,3,2,38,0,Popular,807308
239,3,4,0,1,0,Popular,1239526
289,2,2,3,10,0,Médio,1806135
234,4,4,2,12,1,Popular,1286083
182,4,2,2,22,0,Médio,1175917
154,1,4,1,1,1,Nobre,1580528
196,1,2,1,37,0,Médio,1108362
88,4,1,1,21,0,Nobre,831191
55,3,2,0,12,0,Popular,321728
86,4,2,3,3,0,Popular,562710
145,1,4,1,6,0,Médio,979027
165,3,3,1,22,0,Popular,789229
290,3,2,3,11,0,Popular,1407302
157,5,3,0,7,0,Médio,1131294
118,2,3,1,24,1,Médio,878238
290,2,4,1,36,0,Médio,1747452
256,1,2,3,0,1,Médio,1715240
264,2,2,2,26,0,Popular,1240730
125,3,3,2,28,1,Médio,961223
175,2,2,0,34,0,Médio,991790
142,3,1,1,24,0,Nobre,1246021
250,5,2,0,23,0,Popular,1245932
134,2,4,3,28,1,Médio,975683
267,3,1,1,3,0,Popular,1251048
88,3,1,1,38,1,Médio,620453
45,5,4,1,19,0,Popular,397706
241,3,4,0,30,0,Popular,1140177
287,3,2,0,36,0,Médio,1696526
100,2,3,2,29,0,Popular,487276
167,1,1,1,6,0,Médio,1032761
50,2,3,3,7,1,Médio,535409
290,3,2,2,27,0,Médio,1799733
213,3,3,0,12,0,Nobre,1905294
73,1,3,0,8,0,Médio,510207
258,4,3,2,35,1,Médio,1725690
129,1,1,2,2,0,Popular,621664
238,1,4,2,9,0,Médio,1529312
215,1,1,3,4,1,Médio,1471684
84,4,1,1,10,1,Popular,578695
98,3,3,0,36,1,Médio,728887
154,2,2,2,33,0,Médio,946754
113,5,4,1,5,0,Nobre,1298504
49,3,3,2,36,1,Médio,453662
44,2,2,2,18,0,Médio,344363
121,2,1,3,24,0,Médio,772912
168,3,4,3,18,1,Nobre,1735309
237,3,2,0,23,1,Nobre,2130978
214,1,1,3,17,0,Médio,1290726
147,4,3,2,8,0,Popular,796870
42,4,4,3,3,1,Médio,604038
147,2,3,0,32,1,Popular,785516
155,3,1,0,15,0,Médio,959375
190,3,4,3,15,0,Popular,1025276
243,5,1,1,8,0,Médio,1591657
149,2,4,1,19,0,Popular,779354
119,1,3,2,34,0,Médio,746945
84,2,4,3,36,0,Popular,463865
106,3,2,3,2,0,Médio,782912
55,4,2,3,30,0,Médio,429923
131,4,1,2,4,0,Médio,898482
184,2,4,2,32,0,Popular,899361
126,5,1,0,2,0,Popular,725657
193,5,3,3,9,0,Médio,1376695
131,4,1,3,1,0,Popular,742654
222,3,4,2,5,0,Médio,1469088
200,4,4,2,27,0,Médio,1354051
113,5,4,0,24,1,Popular,704891
284,2,3,2,38,1,Popular,1370782
289,1,1,1,8,1,Médio,1833955
102,2,4,0,19,0,Nobre,1003719
258,1,1,3,5,0,Popular,1228874
147,4,1,0,30,0,Nobre,1249267
245,1,1,1,11,0,Nobre,2019698
218,2,2,0,10,0,Médio,1373725
125,5,1,0,38,0,Nobre,1108401
262,1,2,1,17,0,Popular,1176119
287,3,4,1,1,0,Nobre,2618376
207,2,4,0,0,1,Médio,1482892
162,4,1,1,12,0,Popular,774698
124,2,3,0,25,0,Popular,546833
127,5,1,0,22,1,Médio,955914
274,2,2,0,4,0,Popular,1337175
260,1,3,0,35,0,Popular,1139055
113,2,2,1,33,1,Médio,780052
183,3,1,1,24,0,Médio,1148892
91,5,4,1,33,1,Popular,606107
108,1,1,0,9,0,Nobre,926855
188,4,1,0,32,1,Médio,1233685
238,5,3,3,21,0,Popular,1235793
123,5,4,0,22,1,Popular,783855
89,1,4,3,39,0,Médio,581710
267,2,4,1,31,0,Médio,1627490
88,5,4,2,32,0,Popular,528835
164,5,4,1,9,0,Médio,1182197
231,3,2,2,9,0,Popular,1180592
138,3,4,0,38,1,Nobre,1377078
42,5,4,2,15,0,Popular,372654
157,5,2,1,4,0,Nobre,1570565
296,5,2,3,0,0,Médio,1957462
54,1,1,0,22,1,Popular,295511
265,2,1,2,21,1,Popular,1327081
250,2,1,1,14,0,Médio,1536259
185,4,2,3,1,0,Nobre,1812821
101,4,2,2,28,0,Popular,538417
245,2,2,0,1,0,Médio,1545796
292,5,1,0,10,1,Médio,1977445
89,5,2,3,3,0,Popular,586451
259,3,1,0,32,0,Popular,1138783
276,4,2,2,6,0,Nobre,2468737
97,1,3,3,29,0,Médio,637675
61,2,1,0,9,0,Popular,351825
64,2,3,1,25,1,Nobre,769656
140,4,4,1,0,0,Popular,786263
120,1,1,0,4,1,Nobre,1189426
112,2,4,2,31,0,Popular,572983
272,4,2,3,1,1,Popular,1485726
274,1,3,3,23,0,Popular,1303272
230,1,3,1,18,0,Popular,1084316
254,5,4,3,27,0,Popular,1285867
161,3,4,0,12,0,Popular,860801
148,1,1,3,1,0,Popular,702559
219,1,1,1,17,0,Médio,1315542
217,2,1,0,14,0,Médio,1322628
84,3,2,2,18,0,Popular,487028
113,5,2,1,1,0,Médio,900437
297,1,1,1,22,1,Popular,1485511
112,1,1,1,31,0,Médio,589958
256,5,2,1,8,0,Nobre,2312786
254,1,2,3,34,0,Médio,1532906
67,5,2,2,19,1,Nobre,960866
145,5,3,3,31,1,Médio,1151696
257,4,1,2,37,0,Popular,1194403
237,1,3,3,9,1,Médio,1619518
129,5,2,3,19,0,Popular,722559
205,5,1,1,1,0,Médio,1403336
212,1,4,0,32,0,Nobre,1725534
288,1,1,3,23,0,Nobre,2352010
177,3,4,0,8,1,Nobre,1805823
159,4,3,3,3,0,Popular,906740
157,5,2,3,6,0,Nobre,1611190
230,5,1,3,35,0,Popular,1147518
109,2,1,0,11,0,Médio,710842
154,1,2,2,9,0,Popular,750329
220,1,4,0,1,0,Popular,1086411
268,1,4,3,37,0,Popular,1207083
140,2,3,0,35,0,Popular,645933
135,5,3,1,2,0,Popular,791507
241,4,2,2,39,0,Popular,1141273
155,4,3,2,11,0,Popular,820184
250,2,4,0,28,0,Médio,1485435
154,3,4,2,13,1,Popular,934572
231,4,4,3,31,0,Popular,1214674
170,5,4,1,14,0,Nobre,1677409
117,3,4,2,34,0,Popular,598984
298,3,1,2,11,0,Médio,1863700
162,5,4,0,17,0,Nobre,1562740
71,1,3,3,18,0,Médio,508046
196,3,3,0,27,0,Médio,1239520
115,4,3,2,17,0,Popular,648621
201,2,3,3,15,1,Popular,1072824
157,5,4,3,10,0,Popular,932229
152,3,4,2,34,1,Nobre,1509603
236,3,1,2,32,1,Popular,1148128
125,5,1,1,10,0,Médio,903888
224,2,1,1,2,0,Médio,1401878
75,4,2,1,12,0,Popular,459863
113,4,1,3,29,0,Nobre,1067463
269,5,2,3,17,1,Popular,1456621
193,5,1,2,27,0,Popular,997404
166,1,4,0,17,0,Nobre,1492455
291,3,3,2,19,0,Médio,1838752
210,1,1,3,29,0,Médio,1246929
120,1,2,3,38,0,Nobre,982164
293,5,1,1,33,0,Médio,1794109
123,3,1,3,2,0,Popular,675053
236,1,4,2,3,0,Médio,1485528
269,3,3,3,35,0,Nobre,2320541
188,3,1,1,8,0,Médio,1229937
54,4,1,2,3,0,Popular,362124
169,3,4,3,34,0,Nobre,1555586
268,4,1,0,39,0,Popular,1211072
219,5,3,1,30,0,Médio,1438509
186,1,2,2,31,0,Médio,1093112
174,2,4,2,19,0,Nobre,1577957
140,2,4,0,37,0,Médio,860260
192,2,3,3,22,0,Nobre,1700669
266,4,3,0,4,0,Médio,1749668
122,5,3,3,27,0,Médio,908676
113,3,3,2,35,1,Popular,630683
227,2,3,0,39,0,Popular,1000604
102,5,2,2,21,1,Popular,649430
171,3,1,0,32,0,Médio,1010930
197,1,2,0,22,1,Popular,994264
220,2,1,3,11,0,Popular,1075176
274,1,2,2,39,1,Médio,1681116
111,5,2,3,1,1,Nobre,1400249
176,4,3,0,14,0,Médio,1193653
245,3,3,3,12,0,Nobre,2256492
282,5,2,0,25,0,Médio,1795657
101,2,3,1,17,0,Popular,533690
144,1,1,1,3,0,Médio,937428
170,2,1,0,15,1,Nobre,1568130
231,3,4,2,2,0,Nobre,2154891
208,3,1,1,10,0,Popular,1029609
84,3,2,1,7,1,Nobre,1009302
99,2,3,3,38,0,Médio,667611
68,4,1,0,25,1,Médio,588286
296,1,4,3,13,0,Popular,1429832
59,5,4,3,19,0,Nobre,781059
41,2,2,0,29,1,Popular,283747
51,5,3,0,22,0,Médio,479143
280,1,4,3,25,0,Médio,1718540
235,4,4,1,7,0,Médio,1581027
112,2,4,0,38,1,Médio,791902
124,1,3,2,13,1,Nobre,1288267
234,5,3,0,2,1,Médio,1667480
149,3,4,1,38,0,Nobre,1374963
125,1,1,3,33,1,Médio,842062
258,1,4,2,3,0,Popular,1303139
285,2,2,0,0,0,Médio,1786221
135,3,4,1,35,0,Popular,676949
69,5,2,0,0,0,Popular,449661
40,5,3,0,2,0,Médio,452562
270,5,4,1,31,0,Popular,1337910
255,4,2,3,35,0,Popular,1232013
272,1,3,2,11,0,Médio,1668691
176,3,4,3,10,1,Médio,1309363
211,4,1,1,13,0,Nobre,1874519
286,4,4,3,19,0,Popular,1492010
292,4,2,2,2,0,Nobre,2617836
53,3,2,1,28,1,Popular,388246
260,1,1,0,12,0,Médio,1535813
143,2,2,0,33,0,Popular,665746
127,5,1,2,24,0,Médio,914864
248,5,1,1,34,0,Médio,1514364
259,2,3,1,28,0,Nobre,2124805
261,2,3,2,21,0,Médio,1587043
108,1,4,2,21,1,Popular,642110
276,3,1,0,13,1,Médio,1786440
255,4,1,0,32,0,Médio,1519794
97,1,1,0,3,1,Popular,500545
111,2,1,3,20,0,Popular,552303
42,1,1,1,18,0,Popular,193797
263,2,3,2,36,0,Nobre,2213500
140,3,2,2,4,0,Popular,753424
174,2,2,1,13,0,Médio,1112954
262,1,4,0,9,0,Nobre,2252520
138,3,3,2,26,0,Popular,729625
156,2,3,2,4,0,Médio,1051186
116,4,3,3,12,1,Médio,1011568
84,5,3,3,18,1,Popular,643105
87,3,2,0,37,0,Popular,418151
219,5,4,3,10,0,Popular,1191654
103,2,2,3,4,0,Popular,594154
56,2,1,3,18,1,Médio,541661
169,5,3,2,22,1,Nobre,1783882
224,3,2,3,10,0,Popular,1109078
135,3,1,1,3,0,Nobre,1317978
128,4,2,1,37,1,Médio,928835
183,2,1,0,12,0,Popular,863754
275,5,1,3,22,0,Popular,1379118
89,4,4,2,7,0,Médio,758575
154,5,1,0,37,0,Popular,751756
53,4,4,0,15,0,Nobre,706648
150,4,4,0,21,0,Médio,1027029
261,4,1,1,8,0,Nobre,2310074
286,3,2,2,25,0,Médio,1816096
197,2,1,3,21,0,Nobre,1680451
254,3,3,0,32,0,Nobre,2151069
242,3,1,0,31,0,Médio,1457524
199,1,3,2,22,1,Nobre,1798841
233,3,3,3,36,0,Nobre,2015372
105,3,3,2,25,0,Popular,607497
71,5,3,3,23,0,Médio,604355
187,2,2,3,13,1,Popular,984694
232,4,2,3,30,1,Médio,1582685
298,4,3,3,0,1,Nobre,2928676
188,5,3,2,25,0,Popular,971483
87,1,3,1,9,0,Popular,479573
56,3,1,0,37,1,Médio,413554
208,1,2,2,36,0,Popular,931022
128,3,3,3,30,0,Popular,682168
59,3,2,2,9,0,Nobre,684100
252,2,4,3,8,0,Popular,1221382
86,1,1,1,7,0,Popular,415191
48,1,3,0,10,0,Médio,315147
282,2,2,3,34,1,Popular,1370176
270,4,3,1,18,1,Popular,1419784
281,3,2,1,4,0,Popular,1381638
149,4,4,0,36,0,Popular,752037
170,5,2,3,25,0,Médio,1152078
222,4,4,3,38,0,Popular,1112232
243,1,1,0,26,0,Nobre,1912180
136,3,3,0,3,1,Médio,1057085
236,2,1,3,6,1,Médio,1605458
125,3,4,1,5,1,Médio,999405
80,3,4,2,39,0,Médio,599168
177,2,2,3,28,0,Popular,858323
48,3,1,0,26,0,Médio,337715
200,3,2,1,1,1,Médio,1456992
233,3,4,1,4,0,Médio,1488029
222,3,2,0,31,0,Médio,1334337
83,1,4,2,19,0,Médio,581065
74,3,1,3,17,0,Popular,425707
245,3,3,3,8,0,Popular,1231438
241,2,3,1,1,0,Médio,1543224
110,4,2,1,24,0,Médio,758239
242,3,3,3,27,0,Popular,1167661
125,5,2,3,5,0,Médio,950457
263,2,1,2,7,0,Médio,1625043
255,4,3,3,3,0,Médio,1739939
136,2,3,0,9,0,Popular,702852
111,3,2,2,0,0,Popular,621526
215,5,2,0,21,0,Médio,1393885
109,4,4,0,2,0,Nobre,1153222
72,4,2,3,32,0,Popular,389965
248,2,2,1,37,0,Popular,1123661
74,2,1,2,21,0,Popular,395628
56,3,2,2,7,1,Popular,420271
215,1,2,3,14,0,Médio,1348296
225,3,4,3,29,1,Médio,1546649
138,2,1,0,37,0,Nobre,1086126
209,2,1,2,2,0,Médio,1339177
176,1,2,1,1,0,Nobre,1520736
287,1,1,2,16,0,Nobre,2376364
60,5,3,0,28,0,Médio,502160
69,1,4,2,3,0,Popular,455363
77,5,2,2,19,1,Popular,565175
73,4,2,0,25,0,Nobre,744181
224,2,1,3,33,0,Popular,1028779
198,3,2,0,1,0,Popular,1007749
245,1,4,1,21,0,Popular,1161932
58,2,3,1,5,0,Médio,463356
184,5,1,0,38,0,Popular,850769
233,2,4,2,6,0,Popular,1176999
42,5,2,1,21,0,Médio,402475
176,2,4,2,37,0,Médio,1105775
295,5,3,1,4,1,Popular,1578141
125,2,1,1,32,1,Popular,609070
247,4,3,0,18,1,Popular,1282195
240,2,2,2,17,0,Nobre,2045661
195,4,4,1,17,0,Popular,989928
247,1,1,0,34,0,Popular,1094946
262,5,2,3,31,0,Popular,1312006
284,4,1,3,37,0,Nobre,2406678
72,5,3,0,4,0,Popular,473111
177,2,1,0,34,0,Médio,1025200
183,4,1,2,27,0,Nobre,1600051
183,3,3,3,10,0,Médio,1250105
284,3,4,1,6,0,Popular,1394812
93,5,3,0,30,1,Médio,789447
112,3,4,1,0,1,Médio,989652
142,4,1,1,32,0,Médio,875209
295,1,3,2,26,1,Médio,1873116
116,5,2,3,2,0,Nobre,1263977
287,1,1,0,25,0,Nobre,2297185
108,4,1,0,39,0,Popular,521554
107,5,2,0,25,0,Popular,579604
288,3,4,2,0,0,Médio,1917511
181,1,2,0,5,0,Popular,863935
115,2,4,1,35,1,Popular,619721
295,2,1,2,5,1,Popular,1472502
79,1,3,3,6,1,Médio,755766
264,5,3,1,18,0,Nobre,2352314
180,1,2,0,18,0,Médio,1076047
257,5,1,1,20,1,Popular,1322895
149,3,4,3,16,0,Nobre,1439920
234,5,2,0,23,1,Popular,1229060
137,5,1,2,34,0,Popular,716809
104,3,4,2,0,1,Nobre,1296139
147,2,2,0,36,0,Popular,652734
161,5,1,0,18,1,Popular,928933
289,5,3,3,31,0,Médio,1815576
285,4,4,1,20,0,Médio,1863643
211,2,3,1,35,0,Médio,1263033
237,1,2,2,36,0,Médio,1414290
55,1,4,3,8,0,Popular,363000
159,3,2,3,30,0,Médio,1026000
172,2,1,2,30,0,Popular,810686
99,4,4,1,22,0,Popular,606528
154,4,2,3,14,1,Nobre,1637689
189,3,1,0,25,0,Médio,1091806
268,1,1,0,34,1,Popular,1269338
166,3,2,2,14,0,Popular,932977
205,5,2,0,11,1,Popular,1112939
94,3,4,0,20,0,Médio,643671
72,4,2,2,11,0,Popular,408109
76,2,4,0,6,0,Popular,443673
283,2,3,0,13,1,Nobre,2578876
119,2,3,3,24,0,Médio,811911
291,1,4,0,31,0,Nobre,2373721
190,3,2,2,32,0,Popular,898436
144,1,2,2,31,1,Popular,735193
43,1,4,0,15,0,Nobre,471129
176,2,2,2,1,0,Médio,1182858
116,1,3,0,30,0,Médio,694433
74,1,3,3,20,0,Popular,401658
84,3,4,3,14,1,Popular,577234
130,4,1,1,34,0,Médio,805791
285,4,4,2,21,0,Nobre,2540577
125,3,2,0,1,0,Médio,860278
236,2,3,0,39,0,Popular,1090824
166,3,2,2,18,0,Popular,857232
104,4,3,2,26,1,Médio,818890
102,3,3,2,11,0,Médio,738687
260,1,2,3,37,0,Médio,1507887
62,2,1,2,2,0,Médio,471765
254,1,2,1,36,0,Popular,1111113
52,5,3,2,38,0,Médio,454231
274,1,4,2,0,0,Médio,1747780
196,2,4,2,6,0,Nobre,1801534
232,3,1,1,31,1,Popular,1145470
248,4,2,0,6,1,Popular,1314272
47,3,2,1,30,0,Popular,224894
118,1,3,3,22,0,Nobre,1076948
193,3,1,1,21,0,Nobre,1648974
107,1,3,3,22,0,Médio,708503
286,5,2,1,10,0,Popular,1429677
161,2,4,2,37,0,Médio,1007535
95,3,1,2,2,0,Médio,722075
165,2,4,3,28,0,Popular,834935
294,5,1,1,18,0,Nobre,2604529
215,4,2,0,4,0,Popular,1138181
61,5,1,1,9,0,Popular,411723
299,5,4,2,23,0,Popular,1503261
191,5,1,1,16,1,Médio,1357123
286,4,2,3,19,0,Popular,1404136
73,3,3,2,34,1,Nobre,844941
135,2,3,1,21,0,Nobre,1223667
77,2,4,2,20,0,Nobre,810100
155,4,4,1,36,1,Nobre,1536193
252,1,1,1,22,0,Popular,1155012
297,5,3,3,15,0,Médio,1961343
199,1,1,1,38,0,Médio,1106449
195,5,1,3,3,1,Nobre,2056785
70,2,3,0,33,0,Nobre,614338
269,4,1,3,7,0,Popular,1328392
200,4,1,1,19,0,Popular,981867
73,1,1,2,17,0,Popular,387455
285,5,3,3,16,0,Nobre,2631272
74,2,2,0,35,1,Nobre,738297
125,1,4,3,12,0,Nobre,1202328
262,2,4,1,15,0,Médio,1634297
90,4,3,2,1,0,Nobre,1026515
48,1,4,1,5,1,Nobre,729730
129,3,4,0,2,0,Médio,931763
75,2,1,2,10,0,Popular,395298
215,4,4,3,3,0,Nobre,2125931
279,1,2,3,35,0,Nobre,2234569
266,3,4,1,18,0,Médio,1699991
256,5,1,0,31,0,Popular,1269079
253,4,3,1,22,0,Médio,1621049
145,3,1,1,22,1,Médio,1036054
110,3,1,3,18,0,Nobre,1050871
269,5,4,1,21,0,Médio,1752375
242,1,2,0,21,0,Médio,1408220
116,4,1,3,24,0,Nobre,1086835
122,3,2,0,37,0,Nobre,1045401
258,1,2,1,19,1,Popular,1276136
67,2,3,0,31,0,Nobre,582695
129,4,2,0,11,0,Nobre,1238508
44,5,2,0,5,0,Nobre,656199
51,3,1,0,21,0,Médio,353277
195,5,2,1,8,0,Popular,1012625
40,3,1,3,1,0,Médio,430037
149,4,3,1,9,0,Nobre,1486892
236,3,3,3,37,0,Médio,1505791
203,4,4,3,20,0,Médio,1360161
219,4,3,1,19,0,Popular,1108146
188,1,1,2,19,0,Médio,1156590
154,2,1,2,3,1,Popular,887467
121,2,1,3,5,0,Popular,635836
184,3,4,3,36,0,Nobre,1674511
138,5,4,2,13,1,Popular,866449
243,2,3,3,28,0,Popular,1140375
275,1,1,0,35,0,Médio,1537122
269,4,2,0,26,0,Popular,1285099
234,5,3,2,9,1,Nobre,2347545
228,2,3,1,18,0,Popular,1099169
83,5,2,2,2,0,Popular,534388
136,5,4,2,19,0,Médio,1017193
244,2,3,1,2,0,Médio,1573979
106,4,4,1,35,0,Nobre,1025530
135,2,4,1,21,1,Popular,767220
163,3,1,0,5,0,Popular,816415
147,4,1,3,18,1,Popular,847984
82,5,1,0,21,1,Médio,721405
167,1,3,0,30,0,Nobre,1398586
228,2,3,1,19,1,Médio,1509450
59,1,4,3,20,1,Médio,573647
281,3,4,1,15,0,Médio,1794674
209,3,4,0,28,1,Médio,1444676
290,3,2,0,37,0,Nobre,2356553
102,1,3,3,10,0,Popular,545806
264,2,2,0,12,1,Médio,1712391
113,4,4,0,9,1,Médio,967272
274,3,3,3,28,0,Médio,1697078
275,2,1,3,27,0,Médio,1642430
87,2,1,3,3,0,Médio,627663
172,4,4,3,28,0,Nobre,1663496
153,5,4,1,23,0,Popular,853985
41,1,3,0,25,0,Popular,209385
50,4,2,2,25,0,Nobre,559193
265,1,3,3,2,0,Médio,1690544
50,3,3,1,28,0,Popular,273982
192,4,4,2,21,0,Médio,1282571
256,2,4,1,32,0,Nobre,2153832
244,5,1,2,0,0,Médio,1670057
99,4,2,1,17,0,Popular,546009
283,2,2,2,39,0,Médio,1672085
147,3,1,3,21,0,Popular,728311
58,1,4,0,3,0,Médio,426797
208,3,3,2,15,1,Médio,1476143
222,2,3,3,38,0,Popular,1009222
261,1,3,1,5,0,Médio,1651656
201,4,1,0,14,1,Popular,1134569
197,3,2,0,39,0,Popular,884189
164,5,3,1,30,0,Popular,842531
69,5,4,0,25,0,Popular,448183
296,1,4,3,32,0,Nobre,2480707
45,5,3,2,4,0,Médio,502108
144,1,2,1,18,0,Popular,679494
101,5,4,2,38,1,Médio,887455
262,1,2,2,34,0,Popular,1196374
169,4,2,2,4,1,Médio,1261817
276,1,1,1,2,1,Nobre,2423782
156,4,1,1,9,0,Médio,1027729
121,3,1,1,10,1,Médio,932094
285,3,3,0,2,0,Médio,1816446
230,5,1,2,24,0,Popular,1133763
78,3,3,0,29,0,Popular,389139
273,2,3,3,23,0,Nobre,2364350
245,2,1,1,14,0,Médio,1469094
253,2,4,1,17,0,Popular,1222598
58,4,3,0,14,1,Médio,602960
130,3,4,1,9,0,Nobre,1339844
68,1,3,1,8,0,Médio,491764
269,1,4,3,10,0,Médio,1758393
239,5,4,0,0,1,Popular,1366110
205,3,1,2,9,0,Nobre,1834831
127,2,3,2,8,0,Popular,697764
287,2,3,2,31,1,Popular,1414457
99,3,4,3,3,0,Popular,658493
94,2,3,2,27,0,Nobre,878079
207,5,2,0,33,0,Popular,1016486
143,5,4,0,10,0,Médio,1074360
219,3,2,2,28,0,Popular,1045146
202,3,3,1,25,0,Médio,1268861
73,2,2,1,25,0,Médio,457872
252,2,1,1,18,1,Popular,1285463
293,2,3,0,0,0,Nobre,2544170
46,5,4,3,23,0,Médio,508139
202,4,1,0,10,0,Médio,1311422
227,4,4,3,26,0,Popular,1180245
212,1,4,2,24,1,Popular,1097408
240,1,2,2,24,0,Médio,1394533
74,2,2,1,15,1,Popular,455930
178,4,1,3,21,0,Médio,1174848
271,3,2,3,18,0,Popular,1302702
66,1,2,0,19,0,Popular,339447
101,3,3,3,37,0,Popular,528891
41,5,4,0,33,0,Médio,396908
112,1,3,1,11,0,Popular,580667
225,5,2,1,13,1,Médio,1586404
107,3,3,1,30,0,Popular,570529
182,2,3,0,31,1,Popular,940979
192,1,1,2,20,1,Médio,1234257
263,1,2,2,12,0,Médio,1589934
202,3,1,3,39,0,Nobre,1706541
256,5,3,1,11,0,Popular,1348674
183,1,1,2,13,0,Popular,867733
194,1,2,1,26,0,Médio,1159010
257,4,4,2,33,0,Médio,1657083
228,1,1,0,10,0,Médio,1328500
178,3,2,3,28,0,Médio,1121326
240,1,2,1,21,1,Nobre,2133213
230,1,4,3,1,0,Popular,1138013
180,3,1,0,6,1,Médio,1281898
142,1,2,1,20,0,Médio,870163
267,2,2,3,29,0,Médio,1604867
202,4,1,2,4,0,Popular,1024423
59,4,1,2,9,0,Nobre,687866
228,5,3,2,19,0,Nobre,2133822
49,3,3,3,12,0,Popular,345910
109,5,4,1,25,0,Popular,646019
228,2,1,0,20,0,Popular,1042249
215,1,1,1,29,0,Popular,928207
246,1,3,3,24,1,Popular,1257290
66,1,1,2,3,0,Nobre,654161
294,1,4,2,1,0,Médio,1890183
189,5,4,1,2,1,Nobre,2039712
220,3,3,0,5,1,Médio,1530325
144,1,4,1,10,0,Popular,748392
188,3,3,0,3,0,Popular,989109
263,3,1,2,32,0,Popular,1235290
225,4,4,1,31,0,Médio,1415839
216,2,1,1,26,0,Nobre,1768716
219,4,1,1,13,0,Nobre,1918109
207,4,1,3,26,0,Popular,1025055
57,4,1,1,36,0,Médio,388083
161,3,4,2,11,0,Nobre,1563171
88,1,2,2,33,0,Popular,409510
140,2,2,3,38,0,Popular,598356
226,5,2,2,7,0,Nobre,2113116
275,2,2,2,30,0,Médio,1652237
52,2,1,2,37,1,Médio,386078
145,1,3,3,5,0,Popular,787915
162,5,1,3,5,1,Popular,984923
213,5,2,1,17,0,Nobre,1942243
156,2,2,2,21,1,Médio,1095353
112,5,1,0,12,0,Médio,793669
137,1,1,2,27,0,Nobre,1120592
150,4,3,1,15,0,Médio,1043398
43,4,3,1,37,0,Popular,255271
140,3,1,0,11,0,Popular,691279
80,2,1,1,23,0,Popular,371302
44,5,2,0,28,0,Popular,286612
237,3,3,0,35,0,Popular,1101479
143,1,3,1,18,0,Nobre,1247455
254,2,2,3,36,0,Popular,1171108
108,1,1,3,19,0,Médio,657162
185,4,3,2,21,1,Popular,1023538
187,5,3,2,20,0,Médio,1328550
44,5,1,1,5,0,Nobre,612307
155,1,3,3,33,0,Médio,929486
110,5,1,2,35,0,Médio,748891
113,1,3,2,16,0,Médio,747964
46,1,1,3,38,1,Popular,274974
163,1,1,3,4,1,Popular,867639
84,4,4,0,8,1,Popular,596653
126,4,4,1,0,0,Médio,970315
207,5,2,0,14,0,Popular,1064189
275,4,2,0,23,1,Popular,1405106
130,1,3,0,5,0,Médio,848364
243,5,2,1,23,0,Médio,1573471
215,4,1,3,34,0,Popular,1058302
106,2,4,1,16,0,Médio,756821
274,3,3,2,38,0,Médio,1698774
188,1,4,1,37,1,Popular,945232
77,4,1,0,8,0,Nobre,763472
219,4,3,0,20,0,Médio,1431700
53,4,4,1,35,0,Nobre,591092
251,1,1,1,24,1,Médio,1569713
205,2,2,0,6,0,Popular,990566
47,2,4,2,36,1,Médio,413916
49,5,4,1,24,0,Médio,491295
245,2,1,1,35,0,Médio,1421631
286,1,3,3,37,0,Popular,1298178
131,1,2,2,30,0,Popular,614774
141,1,3,1,36,0,Nobre,1104223
160,1,4,0,3,0,Médio,1069394
151,3,1,1,3,0,Nobre,1381002
278,1,4,3,21,0,Médio,1714329
191,2,4,0,2,0,Nobre,1756189
165,3,2,0,17,0,Médio,1033652
210,1,3,1,39,0,Popular,970205
85,5,3,1,27,0,Médio,664499
258,4,4,0,30,0,Popular,1229198
223,2,4,0,4,1,Nobre,2152637
257,2,4,0,37,1,Popular,1275445
239,1,4,2,31,0,Médio,1458700
128,1,3,2,27,0,Nobre,1074199
299,5,4,3,9,0,Popular,1534505
294,2,3,3,8,0,Médio,1866661
279,3,4,2,29,1,Nobre,2573370
98,5,2,2,27,0,Médio,715532
100,5,3,0,35,1,Médio,800531
231,4,3,2,19,0,Popular,1178643
136,4,1,2,12,0,Médio,949396
262,3,3,1,9,0,Médio,1673431
100,5,2,1,27,0,Médio,713950
186,4,1,3,19,0,Médio,1238786
208,3,2,2,7,0,Popular,1025092
286,2,4,0,29,0,Médio,1755620
263,1,3,0,30,1,Popular,1265501
115,2,1,1,24,0,Médio,682226
76,2,4,0,36,0,Popular,365655
62,1,2,2,13,0,Nobre,612629
172,3,2,0,13,1,Popular,953877
134,1,4,3,16,0,Popular,673581
261,2,2,2,1,1,Nobre,2432710
191,5,4,3,27,0,Popular,1035778
299,1,4,2,0,0,Popular,1447075
187,1,4,2,7,0,Médio,1218458
223,2,2,3,35,1,Médio,1446004
75,2,2,3,25,0,Nobre,761742
234,4,3,3,28,0,Popular,1151390
142,2,2,1,32,0,Médio,831999
127,3,2,2,39,1,Médio,896485
140,1,1,1,4,0,Médio,890504
211,1,2,1,36,0,Médio,1219563
234,3,4,3,35,0,Nobre,2074445
176,5,1,2,30,0,Médio,1163364
242,2,2,3,5,0,Popular,1203485
212,5,2,0,31,0,Popular,998000
59,3,3,3,35,0,Médio,434036
105,1,3,3,20,0,Médio,715399
181,1,1,1,12,0,Nobre,1505791
98,5,4,1,24,0,Médio,760564
88,1,2,2,26,1,Popular,522050
71,5,3,3,9,0,Popular,481077
284,3,2,3,0,0,Médio,1841202
213,4,3,3,14,0,Nobre,2018186
148,2,3,2,13,0,Médio,1000662
91,1,4,3,36,1,Nobre,960727
223,5,4,1,23,0,Popular,1174862
210,4,4,2,38,0,Popular,1027527
190,5,4,0,31,0,Médio,1260683
268,5,2,3,36,0,Médio,1696286
79,5,4,1,19,0,Popular,502077
164,1,2,1,21,0,Médio,973894
169,3,3,1,20,0,Popular,869542
268,2,1,0,28,0,Médio,1587893
195,5,1,0,21,0,Médio,1264147
74,1,3,0,32,0,Nobre,612364
100,5,3,2,7,0,Médio,842730
75,1,4,0,32,0,Nobre,616899
154,3,4,2,24,0,Médio,1062676
224,1,2,1,23,1,Popular,1082077
111,3,3,0,39,1,Popular,624779
201,2,1,0,17,0,Médio,1202118
181,2,1,2,8,1,Popular,976662
52,5,1,3,19,0,Médio,478291
276,1,2,2,16,0,Popular,1305512
248,5,2,0,23,0,Nobre,2226320
250,3,3,1,0,1,Popular,1351346
126,2,1,1,27,0,Popular,535993
293,2,3,3,6,0,Médio,1858449
196,4,2,1,2,0,Popular,1024940
227,1,1,0,38,1,Nobre,1871204
288,3,2,0,26,0,Médio,1743411
188,3,2,1,7,0,Médio,1253273
222,3,2,0,22,0,Popular,1053528
246,5,4,0,12,0,Nobre,2331873
252,4,2,0,7,0,Nobre,2229617
44,5,1,0,11,0,Médio,393519
253,1,3,1,29,0,Médio,1521738
226,4,1,2,4,0,Médio,1520399
179,5,2,2,33,1,Popular,972189
106,5,4,2,12,0,Popular,665263
212,5,4,2,4,0,Popular,1156492
232,5,2,3,1,0,Popular,1220738
75,4,3,0,15,1,Popular,520598
200,4,2,2,35,0,Médio,1253088
298,5,3,1,29,0,Nobre,2609592
94,1,3,1,6,0,Médio,641220
182,5,1,2,38,0,Médio,1152283
239,2,4,1,26,0,Popular,1170184
58,5,4,0,21,1,Popular,490309
112,5,1,2,10,1,Popular,732662
119,1,2,0,23,0,Popular,542427
273,3,1,3,24,0,Popular,1278666
176,3,1,1,1,0,Popular,864319
49,2,1,1,27,0,Médio,315627
108,2,3,1,18,0,Nobre,953439
205,5,1,2,34,1,Nobre,1932955
244,1,2,0,24,0,Popular,1076277
208,3,1,0,23,0,Popular,979523
48,2,2,3,10,0,Nobre,556547
285,5,2,2,24,0,Médio,1795591
280,5,3,0,9,0,Popular,1425809
111,1,3,3,31,0,Médio,702411
139,4,1,3,26,0,Nobre,1261577
279,5,2,3,29,0,Médio,1784634
114,3,1,2,33,0,Popular,579371
206,1,2,1,36,0,Popular,919329
228,1,3,2,22,0,Popular,1083020
215,1,4,0,33,0,Médio,1274076
216,1,1,1,29,0,Médio,1234100
87,3,1,0,19,0,Nobre,785343
277,1,4,3,0,0,Popular,1389396
168,5,2,0,13,0,Nobre,1608948
292,3,3,1,10,0,Médio,1851328
294,4,4,3,8,0,Médio,1937356
297,1,4,0,2,0,Popular,1438125
228,1,1,1,15,1,Popular,1130415
69,4,4,1,31,0,Nobre,745104
267,5,4,2,10,0,Médio,1805295
188,4,1,3,36,0,Popular,881931
70,2,2,1,29,0,Popular,348535
291,1,2,0,34,0,Nobre,2306680
208,5,4,1,11,0,Popular,1111942
45,4,1,2,21,0,Popular,281641
182,1,2,3,7,0,Nobre,1637421
266,1,2,1,20,0,Médio,1586972
198,2,3,3,19,0,Popular,965463
171,2,3,1,36,0,Médio,1029640
225,1,1,3,14,0,Popular,1061648
46,1,3,2,17,1,Popular,340494
172,1,2,0,21,0,Popular,768680
77,1,1,3,12,0,Nobre,693202
129,4,3,1,6,0,Nobre,1323899
271,2,4,2,32,0,Popular,1284408
138,3,4,3,29,0,Nobre,1313538
178,3,1,3,11,1,Popular,1018770
176,4,1,0,6,0,Médio,1174169
100,3,2,0,30,0,Popular,496906
242,1,3,3,8,0,Popular,1200609
283,1,2,3,31,0,Popular,1280383
52,4,1,2,23,0,Popular,308239
299,2,2,2,2,1,Nobre,2775546
42,2,2,1,28,0,Médio,249818
202,3,3,1,19,0,Nobre,1821102
47,3,2,2,0,1,Médio,558570
283,2,1,3,28,0,Popular,1316960
251,4,2,2,11,0,Médio,1594373
248,5,1,0,5,0,Médio,1608276
187,5,4,2,14,0,Popular,1053397
251,4,2,1,6,0,Médio,1626808
70,2,1,0,39,1,Popular,361286
245,1,4,2,36,0,Popular,1112699
238,2,4,2,9,0,Popular,1188682
222,4,3,2,12,0,Médio,1477693
131,1,1,1,11,0,Médio,801889
53,2,3,1,18,0,Médio,413039
79,4,1,2,6,0,Médio,636648
238,5,1,2,36,0,Popular,1165387
173,4,1,1,10,0,Médio,1126208
290,1,3,3,7,0,Popular,1406426
159,1,3,0,1,0,Médio,1031322
266,4,4,1,33,0,Médio,1675878
76,5,1,3,36,1,Popular,500744
184,2,2,3,29,0,Médio,1145158
76,3,2,3,27,0,Popular,401448
169,1,3,1,29,0,Popular,776172
150,4,4,3,5,0,Médio,1109274
279,4,1,0,6,0,Popular,1319807
137,2,1,3,35,0,Popular,628023
240,3,4,1,17,0,Popular,1231072
203,5,1,2,20,0,Médio,1338187
177,2,4,3,2,0,Popular,960817
232,5,2,2,6,0,Médio,1593880
220,3,2,0,36,0,Nobre,1796539
296,1,2,1,25,0,Médio,1730948
57,3,4,3,25,0,Médio,478780
101,3,3,0,18,0,Nobre,963754
261,2,4,0,25,0,Popular,1206889
254,1,4,3,29,0,Médio,1543873
188,5,3,2,17,0,Médio,1293873
287,3,3,2,22,0,Popular,1387307
221,5,4,2,4,0,Popular,1206225
119,3,2,3,35,0,Médio,759363
290,3,2,0,39,1,Médio,1831964
201,2,3,3,36,0,Popular,933980
76,3,3,3,3,0,Popular,510526
194,5,2,1,33,1,Nobre,1892259
92,2,3,0,35,0,Popular,413173
129,1,1,2,8,0,Nobre,1142150
285,5,4,1,19,0,Médio,1898620
243,2,4,3,29,0,Médio,1530788
167,5,1,1,27,1,Nobre,1667117
279,4,2,2,33,0,Médio,1719708
211,1,4,3,23,0,Médio,1343218
105,1,4,1,14,0,Médio,701354
71,3,3,1,6,0,Médio,592216
69,3,2,3,30,0,Médio,541074
54,1,3,3,19,1,Popular,396309
281,4,4,0,26,0,Médio,1792387
129,3,4,2,4,0,Médio,958497
51,1,2,1,2,0,Nobre,531574
239,5,4,3,23,0,Médio,1616648
188,1,4,2,18,0,Nobre,1682460
243,5,1,0,34,0,Popular,1167578
131,2,3,2,5,0,Popular,742102
138,5,1,3,25,0,Médio,961412
285,1,4,2,5,0,Médio,1793372
231,5,1,2,10,0,Popular,1214845
133,1,4,3,12,0,Popular,695309
176,4,4,3,32,0,Médio,1179298
174,1,3,2,2,0,Médio,1157065
292,1,4,0,4,0,Médio,1822180
61,2,1,0,11,0,Popular,297959
150,1,4,3,37,0,Médio,922796
167,5,3,3,35,0,Nobre,1566090
233,2,3,0,0,0,Nobre,2109909
166,2,4,0,24,0,Médio,1063292
288,1,4,3,13,1,Popular,1462211
210,4,1,3,28,0,Popular,1033241
180,1,1,2,29,0,Popular,811350
90,2,4,1,13,0,Popular,499169
65,4,3,1,12,1,Popular,513273
90,3,3,0,27,0,Nobre,840543
297,4,2,3,11,0,Popular,1473649
207,2,2,0,9,0,Médio,1301365
66,3,2,0,0,1,Médio,600138
145,4,1,3,14,1,Médio,1095510
221,1,3,3,30,1,Nobre,2004022
277,2,1,0,25,0,Popular,1267722
110,4,4,0,27,0,Médio,780856
218,1,1,3,9,0,Médio,1344264
44,3,2,2,27,0,Médio,336053
239,1,4,1,22,0,Nobre,2025531
236,3,1,2,10,0,Médio,1507005
275,3,4,3,0,0,Popular,1428682
59,4,1,1,34,1,Popular,388696
55,4,1,0,8,0,Médio,411539
70,3,3,1,37,0,Nobre,644548
263,3,2,2,12,1,Popular,1370923
269,3,1,3,9,1,Nobre,2533797
195,5,2,1,1,0,Médio,1346548
211,2,1,3,15,0,Popular,1003884
250,4,3,3,36,0,Popular,1242317
138,2,1,0,38,0,Popular,616766
68,3,3,3,38,1,Médio,611255
238,3,1,1,1,0,Popular,1184360
44,1,3,0,27,0,Nobre,367593
209,3,3,2,23,0,Popular,995611
55,2,2,1,0,1,Popular,424675
272,1,1,2,8,1,Médio,1753513
268,4,2,0,14,0,Médio,1687187
127,5,3,3,6,0,Médio,989219
154,4,4,2,31,0,Nobre,1454512
161,1,4,2,30,0,Médio,973958
94,4,2,3,27,1,Nobre,1087500
52,3,4,3,27,0,Popular,363360
241,5,4,2,29,0,Popular,1226528
284,1,1,3,22,0,Popular,1284616
224,4,4,0,34,0,Médio,1447011
61,5,3,0,21,0,Nobre,745423
213,1,1,1,26,0,Médio,1190196
210,3,2,3,23,0,Médio,1371993
221,3,2,0,0,1,Nobre,2188192
196,3,1,3,18,0,Nobre,1732105
80,2,2,3,30,0,Popular,423993
67,3,2,2,28,0,Médio,450709
152,5,4,1,15,1,Nobre,1674008
122,1,1,0,2,0,Médio,753579
251,3,4,0,18,0,Médio,1596880
69,1,1,0,29,0,Popular,270536
213,4,4,1,23,0,Nobre,1930038
76,1,3,0,24,0,Popular,377815
251,2,4,0,18,0,Popular,1237584
211,5,1,3,19,0,Popular,1057181
296,3,3,2,11,0,Popular,1479291
166,1,2,0,37,1,Médio,1052869
176,2,1,2,22,0,Popular,808691
267,4,2,1,30,0,Nobre,2331623
292,1,3,1,21,0,Médio,1715866
192,5,1,0,31,0,Médio,1250330
121,4,4,2,11,1,Médio,991225
81,5,3,1,37,0,Médio,611658
162,1,1,0,28,1,Nobre,1397971
109,5,4,2,7,0,Médio,917775
222,3,1,3,7,0,Nobre,1984121
214,3,3,3,30,0,Nobre,1909320
214,4,4,2,22,0,Popular,1108474
261,5,1,3,9,0,Médio,1696560
133,2,2,3,13,0,Popular,717762
229,3,3,1,19,0,Popular,1130031
137,2,4,1,39,0,Médio,864555
69,1,3,0,31,0,Popular,348625
188,4,2,2,4,1,Popular,1073986
70,1,1,0,6,1,Popular,394625
181,2,2,2,26,0,Popular,823228
170,3,4,1,38,1,Médio,1172157
56,3,4,3,34,0,Médio,463308
42,4,2,1,21,1,Médio,453852
87,1,1,0,18,1,Médio,610776
232,2,1,2,32,0,Popular,1034592
123,3,3,2,27,0,Popular,637036
278,3,3,1,26,0,Popular,1353943
257,1,2,0,27,0,Popular,1168073
289,3,2,3,16,1,Popular,1519479
131,5,4,1,2,0,Médio,1028047
175,1,3,1,33,0,Popular,790867
240,2,2,3,13,0,Nobre,2120058
214,3,4,1,12,1,Médio,1547027
60,2,2,0,17,0,Popular,318865
148,3,4,3,3,0,Nobre,1526283
116,5,3,2,15,0,Nobre,1229779
129,1,4,0,36,0,Popular,588080
243,1,2,0,33,0,Médio,1416247
298,3,1,1,17,0,Popular,1392585
299,4,1,1,20,1,Popular,1498940
167,4,1,0,7,0,Popular,862495
260,4,2,2,27,1,Nobre,2390881
234,3,4,1,39,1,Popular,1193157
42,4,3,3,4,1,Médio,553604
224,5,1,1,9,0,Médio,1492184
145,1,4,3,27,0,Médio,938287
75,5,1,3,33,0,Popular,423171
278,2,2,2,23,0,Médio,1682438
129,2,4,1,14,1,Popular,773966
57,5,3,1,29,0,Médio,481822
169,3,4,1,11,0,Médio,1163235
256,5,2,0,29,0,Popular,1210384
224,5,3,3,8,0,Popular,1214916
216,2,3,1,30,1,Nobre,1962512
93,1,2,1,10,0,Médio,610244
135,3,2,3,12,0,Médio,933010
217,5,4,3,12,0,Popular,1168957
53,1,2,1,29,0,Popular,226265
214,1,4,3,27,0,Médio,1358747
202,4,4,2,30,1,Popular,1109387
258,1,4,0,20,0,Popular,1182055
197,2,1,0,35,0,Médio,1115567
249,1,4,0,33,1,Médio,1593206
114,4,1,3,35,0,Médio,757438
134,1,4,2,16,0,Popular,697173
66,5,3,3,26,0,Popular,444725
206,4,2,0,0,1,Médio,1457911
142,5,3,1,33,0,Popular,722979
105,3,2,1,4,0,Popular,590068
82,2,3,3,9,0,Popular,486443
156,4,2,0,35,0,Popular,731038
158,5,3,2,18,0,Popular,845491
201,3,4,2,25,0,Médio,1304386
288,5,1,2,8,0,Popular,1448159
66,3,2,2,31,1,Popular,453867
57,4,4,3,2,0,Nobre,824068
247,1,3,3,20,1,Médio,1583646
103,1,3,0,36,0,Popular,450699
285,1,4,1,4,0,Nobre,2464175
178,2,3,0,7,0,Médio,1128994
248,1,2,2,9,0,Popular,1200828
49,4,3,3,28,0,Nobre,620724
210,5,1,2,37,1,Médio,1406040
133,2,1,2,14,0,Nobre,1135248
138,4,2,0,30,0,Popular,684954
274,4,2,1,38,0,Médio,1679517
115,1,3,3,2,1,Médio,950126
191,1,2,1,37,1,Nobre,1679225
57,2,1,2,33,0,Médio,340550
149,3,2,0,32,1,Popular,783884
146,4,1,2,10,0,Popular,801798
95,3,4,3,15,0,Médio,719389
246,5,4,1,33,0,Nobre,2193905
175,5,4,0,31,0,Médio,1186870
76,2,4,2,34,1,Nobre,859539
72,4,2,0,2,0,Nobre,826079
148,2,1,1,21,0,Médio,911965
83,4,4,0,6,1,Médio,813486
226,2,4,0,13,0,Médio,1445274
41,3,1,1,1,1,Médio,465238
83,4,3,0,0,0,Médio,642855
168,4,1,2,24,0,Popular,845113
171,5,2,0,37,0,Médio,1080563
63,5,1,3,14,0,Popular,423281
46,3,1,3,20,0,Médio,390751
241,1,3,0,8,0,Médio,1476490
297,1,3,0,37,0,Nobre,2412211
243,1,1,2,0,0,Médio,1493132
292,4,4,1,35,0,Médio,1823102
235,3,4,2,23,0,Popular,1181500
248,3,4,2,3,0,Nobre,2303064
159,3,3,1,16,0,Médio,1077853
172,3,3,0,14,0,Médio,1141192
191,5,2,2,17,1,Popular,1097044
157,1,2,2,39,1,Médio,1007784
49,3,2,1,30,0,Médio,397804
178,5,2,1,0,0,Popular,968863
115,2,1,1,24,1,Médio,780538
41,1,3,3,2,0,Popular,296184
237,1,1,2,12,0,Popular,1112656
149,5,4,2,11,0,Médio,1092678
149,3,3,2,10,0,Médio,1052022
81,4,1,2,39,0,Médio,537001
93,2,1,1,31,0,Médio,544835
262,4,2,3,25,1,Nobre,2473035
210,3,4,0,5,0,Médio,1469387
223,4,3,0,15,0,Médio,1436673
50,3,4,2,14,0,Médio,450882
105,5,1,1,11,0,Popular,598835
117,3,2,0,14,1,Popular,665233
212,1,1,1,6,0,Popular,956398
212,4,3,0,17,0,Médio,1397059
246,5,2,0,28,0,Popular,1208102
289,5,1,3,25,0,Popular,1385711
295,5,3,3,8,0,Médio,1974650
195,2,3,0,36,1,Popular,983870
146,1,4,2,26,1,Nobre,1422411
123,4,4,0,4,0,Médio,924763
241,5,4,1,16,0,Popular,1275793
143,5,1,2,8,0,Médio,1023337
214,1,3,1,32,0,Médio,1264815
203,3,3,1,7,1,Nobre,2067641
89,4,2,2,14,0,Popular,505812
269,2,2,3,0,0,Médio,1724221
156,2,2,3,16,1,Nobre,1557758
103,5,1,0,28,0,Popular,542320
146,5,4,3,37,1,Popular,886755
297,1,2,2,28,0,Nobre,2444340
85,2,1,2,17,0,Popular,414772
247,3,1,2,24,0,Médio,1512920
98,1,4,0,31,0,Médio,609660
122,2,4,1,4,1,Médio,975981
97,2,1,0,4,0,Médio,669421
179,4,1,2,39,0,Nobre,1541562
229,2,1,1,29,0,Popular,1056949
132,5,2,1,34,0,Popular,699231
164,5,3,1,20,0,Popular,870007
202,3,4,0,15,0,Médio,1335279
183,2,2,1,39,1,Médio,1185210
136,5,1,3,15,0,Popular,755230
260,5,1,3,24,1,Nobre,2427734
72,2,4,1,39,0,Médio,435324
190,5,2,0,12,1,Popular,1079251
272,3,2,2,18,0,Nobre,2354381
73,3,2,0,6,0,Popular,435924
273,2,2,2,33,0,Nobre,2243305
60,1,3,3,35,0,Popular,313091
98,5,2,1,26,0,Popular,545223
269,3,1,0,27,0,Médio,1604527
78,1,4,0,28,0,Popular,392399
211,1,4,1,30,1,Médio,1428133
117,4,4,0,27,0,Nobre,1178061
86,3,2,1,22,0,Popular,482516
272,4,2,3,21,0,Médio,1735951
212,4,2,3,28,0,Popular,1087910
229,2,1,2,10,0,Popular,1136594
112,3,2,2,13,0,Médio,794296
187,3,2,1,34,0,Popular,848104
154,2,3,1,19,0,Nobre,1368806
190,4,4,2,30,0,Médio,1279023
223,2,3,2,2,1,Médio,1552192
69,4,4,1,26,0,Médio,559068
43,5,2,1,8,0,Popular,311769
100,2,3,0,3,0,Médio,692339
191,5,4,0,20,0,Nobre,1785992
204,5,2,1,7,1,Popular,1135210
94,3,2,2,21,0,Nobre,868937
172,5,1,3,31,0,Nobre,1583342
271,3,1,3,5,1,Nobre,2545306
211,1,2,2,36,0,Médio,1197303
55,2,1,1,37,0,Popular,240240
81,1,3,3,20,0,Médio,546363
135,4,2,2,11,0,Médio,976065
147,5,3,3,17,0,Nobre,1458874
66,4,3,3,34,0,Popular,405842
115,4,4,3,33,0,Médio,834865
45,1,2,0,14,0,Médio,321647
91,4,3,1,19,0,Médio,671686
162,3,3,2,30,0,Popular,816001
290,3,2,1,8,0,Nobre,2543800
101,1,3,1,38,0,Nobre,811173
275,3,1,2,2,0,Médio,1743759
194,3,2,1,25,0,Popular,931068
229,5,4,0,0,0,Médio,1590119
132,2,3,2,27,0,Médio,831565
246,4,4,2,27,0,Popular,1225034
57,2,3,3,2,0,Médio,505319
144,5,1,0,29,0,Médio,924260
183,1,2,2,1,0,Popular,892589
170,1,4,1,5,0,Médio,1135827
55,2,3,2,18,1,Popular,406644
258,5,1,3,27,0,Médio,1665617
84,2,2,3,31,0,Popular,422279
115,5,3,3,30,1,Médio,971814
104,5,3,0,37,0,Nobre,1005813
292,5,4,2,17,0,Médio,1955483
256,2,2,0,27,1,Popular,1276248
74,3,2,0,10,0,Médio,522459
117,4,2,3,14,0,Popular,674142
94,1,3,0,20,0,Popular,458741
169,3,4,3,5,0,Popular,912313
165,1,1,1,15,0,Médio,960046
171,4,2,2,9,1,Médio,1278184
114,4,4,2,12,0,Médio,922054
198,3,4,0,16,0,Popular,1038980
136,5,4,2,21,0,Médio,1022890
57,2,1,3,11,0,Popular,328668
124,5,4,1,13,0,Nobre,1327938
140,3,3,2,9,0,Nobre,1390475
191,1,2,2,19,0,Nobre,1606275
225,4,1,2,16,0,Médio,1440682
101,4,4,2,17,0,Médio,796250
291,1,3,2,34,0,Médio,1726121
196,3,2,0,12,1,Popular,1022740
122,1,2,0,4,0,Médio,770568
296,3,4,3,25,0,Popular,1436851
259,3,3,1,2,0,Médio,1693860
270,5,1,3,3,0,Médio,1830136
191,4,3,1,20,0,Popular,969956
193,4,4,3,26,0,Popular,995030
139,4,3,1,23,0,Popular,697433
111,3,3,3,0,1,Nobre,1371895
219,3,3,0,8,0,Nobre,1954362
207,2,3,0,38,0,Médio,1232069
150,2,3,3,1,1,Popular,854117
271,5,3,0,14,0,Médio,1759131
92,4,2,3,7,0,Médio,726277
269,2,4,2,29,0,Médio,1657191
191,5,1,1,25,1,Popular,1021243
148,2,3,3,27,0,Popular,761610
249,2,4,1,22,0,Popular,1212869
296,1,2,3,36,0,Nobre,2411813
216,4,3,1,33,0,Popular,1043904
226,3,3,1,37,0,Popular,1052981
110,4,1,3,5,0,Popular,627553
70,1,3,3,16,0,Popular,354305
182,3,3,2,25,0,Médio,1190233
233,1,1,1,22,1,Nobre,2033802
257,2,1,2,3,0,Popular,1280194
179,2,1,1,22,0,Médio,1087751
295,5,3,2,13,0,Popular,1528375
91,1,3,2,32,0,Médio,561194
107,2,2,1,5,0,Popular,580409
251,4,3,3,28,0,Médio,1636553
85,2,1,1,1,0,Nobre,847884
279,1,2,1,6,1,Popular,1410951
132,4,4,0,18,0,Popular,745230
298,2,1,0,3,1,Popular,1489447
211,3,1,1,17,1,Popular,1091808
102,3,1,2,7,1,Médio,823381
238,3,4,2,35,0,Nobre,2077473
136,5,1,0,26,0,Médio,899034
240,2,3,2,8,0,Médio,1515625
207,4,3,0,25,0,Médio,1351164
272,2,4,0,22,1,Médio,1785474
74,2,4,2,39,0,Popular,348689
221,4,3,2,17,0,Popular,1111380
234,5,1,0,17,0,Popular,1185940
267,4,1,2,31,0,Médio,1633654
85,4,3,3,21,0,Popular,525445
178,4,1,3,21,0,Popular,911142
60,1,1,0,35,0,Médio,303535
77,5,2,3,17,0,Médio,664903
141,2,4,0,29,0,Nobre,1232321
154,5,3,3,18,0,Popular,853756
105,4,4,1,20,0,Médio,782513
73,3,4,2,10,0,Popular,494447
56,3,4,3,6,0,Popular,406289
253,4,4,1,13,0,Popular,1326296
84,2,2,0,6,0,Médio,573766
239,2,3,3,27,0,Nobre,2053644
115,4,3,1,37,1,Médio,859129
121,2,3,3,31,0,Popular,607259
272,3,2,2,4,0,Nobre,2446050
198,2,2,0,0,0,Nobre,1738570
146,2,4,0,36,0,Popular,709081
219,5,3,0,7,1,Médio,1579102
44,3,1,1,29,0,Médio,280207
198,3,3,2,28,0,Nobre,1770913
247,3,2,2,8,0,Médio,1581250
255,5,1,3,32,0,Médio,1629830
289,3,2,1,31,0,Nobre,2395254
120,2,1,1,5,1,Popular,747267
295,2,4,0,12,1,Popular,1532608
138,3,2,1,0,0,Médio,961130
195,3,2,1,3,0,Popular,991168
162,5,2,0,21,0,Popular,826003
153,2,2,2,35,1,Popular,775913
122,2,2,1,29,0,Médio,723022
172,3,3,1,30,0,Nobre,1502783
283,2,3,0,23,0,Popular,1345002
115,3,1,2,20,1,Popular,657036
136,2,1,0,29,0,Médio,815238
285,5,1,0,39,1,Médio,1844293
235,1,4,3,34,1,Médio,1543126
178,5,4,3,4,0,Nobre,1816426
179,3,2,2,20,0,Médio,1137372
84,1,1,0,5,0,Popular,426908
236,4,1,0,25,0,Popular,1146808
47,5,2,1,13,0,Médio,437692
179,2,4,2,0,1,Médio,1354109
133,3,1,1,33,0,Nobre,1096924
140,4,3,1,23,0,Popular,721223
104,2,2,1,28,0,Popular,454865
151,4,3,3,37,0,Popular,750712
93,2,3,3,14,0,Médio,660423
295,3,3,3,36,0,Popular,1414823
250,2,3,2,10,0,Médio,1573574
106,2,3,1,27,0,Popular,521078
242,5,1,1,35,0,Médio,1505349
280,3,2,2,38,0,Popular,1301698
298,5,4,1,2,0,Médio,1992982
283,4,2,3,17,0,Popular,1418711
186,1,4,0,10,1,Popular,985917
67,5,1,2,37,0,Popular,362653
169,5,2,2,18,0,Nobre,1611302
256,1,3,1,12,0,Médio,1562371
210,5,2,3,2,0,Médio,1441495
124,1,2,2,29,0,Popular,579656
275,1,1,1,4,1,Médio,1794549
141,3,2,2,24,0,Popular,697623
76,2,4,3,26,0,Popular,454026
104,3,4,3,34,0,Médio,769963
264,3,4,0,26,0,Médio,1647300
142,5,1,3,5,0,Popular,778258
177,3,1,1,24,0,Popular,831786
251,4,3,2,26,0,Médio,1623215
64,3,3,1,19,0,Popular,385788
109,3,4,1,18,0,Popular,611813
248,5,3,0,20,0,Médio,1593986
121,4,1,0,36,0,Popular,556540
206,3,4,1,31,1,Popular,1083845
87,2,3,0,13,0,Médio,584610
210,5,2,3,17,0,Médio,1398030
240,2,2,1,13,0,Popular,1172541
110,4,3,2,11,0,Popular,677464
137,1,2,2,8,0,Médio,910480
199,5,4,0,18,1,Nobre,2035174
238,3,1,1,37,0,Nobre,1966805
215,2,2,1,11,1,Popular,1116830
129,1,1,1,5,0,Nobre,1157444
258,3,4,2,33,0,Médio,1600308
241,4,2,3,6,0,Nobre,2251495
178,3,1,1,1,1,Nobre,1786073
292,4,2,0,4,1,Médio,1963499
247,1,1,0,9,0,Nobre,2036185
72,5,3,2,37,0,Médio,549164
60,5,1,2,11,0,Popular,394502
114,2,1,2,15,0,Nobre,995835
285,3,2,3,22,0,Popular,1380774
157,3,4,3,25,0,Popular,866202
213,3,2,0,33,0,Popular,959536
186,4,4,1,31,0,Médio,1218159
241,1,3,0,13,0,Nobre,2024165
64,4,1,3,21,0,Nobre,697397
48,3,3,0,13,1,Popular,404390
195,3,2,3,22,0,Popular,966092
243,4,2,1,6,0,Nobre,2214279
102,1,3,2,22,0,Nobre,928012
136,4,4,1,36,0,Médio,929780
53,4,1,3,18,1,Médio,510140
154,2,3,3,3,0,Nobre,1475779
82,1,2,2,10,0,Nobre,797839
119,4,3,1,2,0,Popular,720813
68,5,3,1,10,1,Popular,555357
199,2,2,0,31,0,Médio,1151521
133,2,1,1,33,0,Nobre,1043027
291,5,4,1,28,0,Popular,1444571
143,2,1,0,36,0,Nobre,1110390
64,2,2,3,17,0,Popular,371571
62,2,4,0,31,0,Médio,426427
135,1,4,2,20,0,Médio,903540
54,3,3,2,9,0,Nobre,692813
127,3,4,0,16,0,Médio,827517
291,3,2,1,34,0,Popular,1353811
108,2,3,2,20,0,Popular,559861
186,2,2,1,19,0,Médio,1179677
137,2,2,1,1,0,Popular,707725
215,2,2,1,34,1,Nobre,1917086
203,2,3,2,30,1,Popular,1037370
201,4,3,2,38,1,Médio,1386544
209,3,1,2,38,0,Nobre,1747218
111,5,2,0,2,0,Médio,871605
254,5,1,0,38,1,Popular,1259051
63,5,1,2,12,0,Médio,575114
263,5,1,2,3,0,Nobre,2426680
126,2,4,1,0,0,Popular,673780
58,4,4,0,1,0,Popular,433548
133,3,4,0,29,0,Popular,672351
195,1,2,0,38,0,Popular,844075
47,3,2,0,24,1,Popular,334129
253,1,2,1,30,0,Médio,1461369
60,5,3,1,9,0,Médio,537406
208,1,1,2,7,0,Médio,1261353
181,4,3,3,33,0,Popular,971579
153,3,4,1,8,0,Popular,829955
129,3,3,3,0,0,Médio,966475
284,5,4,1,26,0,Médio,1887816
207,5,4,0,11,0,Popular,1112661
245,2,1,3,7,1,Médio,1644134
58,3,2,3,39,0,Médio,423352
168,3,1,3,23,0,Popular,860974
63,4,2,2,32,1,Médio,563953
254,4,4,3,30,1,Nobre,2396600
147,2,2,3,8,1,Nobre,1527519
293,5,1,1,6,0,Médio,1878417
56,2,4,3,34,1,Popular,392422
271,5,2,1,7,0,Nobre,2480311
231,3,2,3,31,0,Popular,1110943
78,4,3,0,38,0,Popular,428336
136,2,1,3,28,0,Médio,839950
50,3,3,3,28,1,Popular,355280
107,4,2,3,29,0,Médio,758592
101,5,3,2,21,0,Médio,806323
238,5,1,1,8,0,Popular,1197262
115,5,1,2,15,0,Médio,856895
62,1,4,2,31,0,Popular,344007
76,3,1,3,39,0,Nobre,677936
296,2,4,1,10,0,Médio,1883099
126,3,3,3,19,0,Médio,901349
43,4,3,3,0,0,Médio,477806
203,2,3,1,17,1,Médio,1406272
187,2,1,2,27,0,Popular,907559
93,2,3,0,32,0,Popular,438874
210,2,2,0,10,0,Médio,1318764
50,4,4,1,10,0,Popular,391803
145,4,2,2,23,1,Médio,1071436
267,1,3,0,13,0,Nobre,2250417
294,4,2,3,17,0,Nobre,2611016
294,5,3,0,26,0,Nobre,2560238
238,5,1,1,0,0,Médio,1647452
118,3,4,3,13,0,Popular,701696
236,1,3,3,36,1,Médio,1536326
175,5,4,0,36,0,Médio,1141777
74,3,2,0,23,0,Nobre,698740
64,2,2,2,17,0,Nobre,608086
124,3,4,0,34,0,Popular,617848
91,5,2,1,36,0,Médio,626043
228,4,1,0,23,0,Médio,1388773
140,4,2,3,27,0,Popular,753958
290,1,4,3,25,1,Popular,1474258
279,4,3,3,15,1,Popular,1481458
106,2,2,3,23,1,Popular,615467
261,5,4,2,15,1,Popular,1390317
125,1,4,1,11,0,Popular,685631
207,3,1,3,28,0,Popular,1015028
227,1,1,3,31,0,Popular,1004939
208,2,1,0,17,0,Popular,990669
85,3,4,3,21,0,Médio,659082
169,2,4,2,26,1,Médio,1207811
245,4,1,3,24,1,Médio,1646130
84,4,3,2,27,0,Popular,505855
229,5,1,3,37,1,Popular,1198548
148,5,1,3,10,0,Popular,820733
174,2,1,1,5,0,Popular,817321
126,1,4,0,31,0,Nobre,1050067
218,1,4,0,26,0,Popular,1032485
49,5,4,0,36,0,Médio,445634
48,1,4,3,11,0,Nobre,582208
177,1,1,2,25,0,Popular,796360
240,2,1,1,31,0,Popular,1080602
143,1,4,3,8,0,Popular,742150
188,2,3,2,29,0,Nobre,1626591
65,2,1,0,38,1,Nobre,642181
247,3,3,3,23,1,Médio,1685749
164,5,4,2,10,0,Médio,1184005
209,2,2,1,28,0,Médio,1302426
154,4,1,1,6,0,Popular,799600
272,2,2,3,25,0,Popular,1261886
157,2,2,0,32,0,Nobre,1279866
150,4,2,1,2,0,Médio,1087361
296,2,4,0,20,1,Médio,1947095
96,1,4,3,27,1,Médio,741994
141,5,1,3,16,1,Popular,892583
48,3,4,2,3,0,Popular,396555
145,1,4,1,17,1,Médio,1037515
213,4,2,1,32,0,Médio,1340170
149,2,4,2,0,1,Nobre,1629502
297,5,3,3,32,0,Médio,1924324
104,3,4,1,30,0,Popular,533958
226,5,1,2,3,0,Popular,1157982
211,2,3,1,10,1,Médio,1438008
127,3,1,3,11,0,Popular,684167
196,1,1,1,24,0,Popular,848637
93,2,4,1,34,1,Médio,701187
47,3,3,0,28,1,Popular,356954
135,3,3,1,21,0,Popular,696569
238,3,2,3,18,1,Popular,1265405
62,4,1,2,5,1,Nobre,865370
109,2,1,1,35,1,Nobre,1020956
147,1,2,1,18,0,Nobre,1259484
177,5,1,2,14,0,Popular,915172
287,1,2,3,1,1,Médio,1916769
43,4,3,2,0,1,Médio,544468
137,3,1,0,39,0,Médio,805101
130,4,2,1,24,0,Médio,867113
208,3,3,1,19,0,Médio,1348412
96,2,2,0,22,0,Médio,604970
248,3,3,1,33,1,Médio,1666043
230,5,1,2,17,0,Nobre,2077253
135,5,2,0,30,0,Popular,672239
78,3,4,2,31,1,Popular,529772
269,2,2,0,22,0,Popular,1218599
186,5,2,1,33,1,Nobre,1823402
68,4,3,2,34,0,Nobre,719045
185,3,3,0,13,0,Nobre,1650911
250,4,3,0,13,0,Médio,1596309
218,3,2,2,7,0,Médio,1440672
197,4,2,0,23,0,Médio,1235444
290,5,1,3,31,0,Popular,1398928
92,4,1,2,12,0,Popular,508024
252,5,4,3,11,0,Popular,1347258
299,5,2,0,32,1,Médio,1967457
89,5,4,1,35,0,Médio,664875
266,3,2,3,18,0,Médio,1713262
295,4,2,2,36,0,Popular,1370368
185,4,1,3,11,0,Médio,1275510
183,4,2,0,3,0,Médio,1256604
149,2,2,3,30,0,Popular,743075
152,5,1,1,17,0,Médio,1026429
203,1,3,3,32,0,Nobre,1709522
197,4,1,1,7,0,Popular,1009399
142,2,4,0,3,0,Médio,973240
253,1,2,0,20,1,Médio,1600881
167,5,1,2,17,0,Médio,1172143
134,2,3,0,35,1,Médio,925642
227,3,2,3,3,0,Médio,1516419
205,4,2,1,38,0,Popular,1012138
135,2,1,2,23,0,Popular,666846
237,1,3,0,13,0,Nobre,2001986
119,4,2,1,16,1,Médio,930574
109,4,4,0,8,0,Médio,819409
53,5,4,0,19,0,Popular,405798
267,4,2,3,18,1,Médio,1800412
211,2,4,2,18,0,Popular,1037801
241,2,1,3,39,0,Médio,1389515
91,5,2,2,4,0,Médio,765674
263,5,3,2,11,0,Popular,1340561
227,1,2,3,8,0,Médio,1424852
224,1,4,1,10,0,Médio,1415127
278,4,4,0,39,0,Médio,1746569
70,4,1,2,29,0,Popular,362294
165,4,4,1,24,0,Nobre,1549545
120,5,1,1,38,0,Médio,775421
179,1,2,2,39,0,Médio,1006018
292,4,4,2,35,0,Popular,1380760
298,5,4,2,35,0,Médio,1954959
246,5,3,3,5,0,Popular,1339582
131,3,3,1,33,0,Nobre,1171980
260,2,1,2,21,1,Médio,1634250
247,3,4,2,9,1,Médio,1737643
195,2,4,1,17,0,Médio,1250532
229,2,2,0,37,0,Médio,1313247
188,3,3,1,21,0,Popular,952121
179,1,3,3,29,0,Médio,1096703
251,3,3,1,19,0,Popular,1165152
156,4,4,1,13,0,Popular,857106
186,4,3,1,8,0,Nobre,1750080
180,2,1,1,17,0,Nobre,1528607
152,1,2,0,30,0,Médio,893706
184,2,3,0,0,0,Médio,1231997
168,3,2,0,4,0,Popular,869897
160,3,2,2,7,0,Popular,827182
194,5,3,1,34,1,Médio,1402530
141,1,4,3,3,0,Popular,767249
234,3,1,1,29,0,Nobre,1958577
114,2,1,3,36,0,Nobre,962040
227,2,3,3,2,1,Popular,1185482
84,1,3,1,38,0,Nobre,668344
251,2,3,2,1,1,Médio,1733426
154,1,2,2,13,0,Médio,985172
91,3,2,1,16,0,Popular,473645
165,2,4,3,37,1,Nobre,1605203
54,5,2,1,13,0,Popular,396162
173,4,2,1,35,1,Médio,1171316
85,2,2,0,3,0,Médio,604457
48,5,2,3,35,0,Popular,336144
261,5,3,2,29,0,Nobre,2356137
220,5,4,3,18,1,Nobre,2274121
215,4,4,0,33,0,Médio,1391989
71,3,3,0,25,0,Médio,510941
249,5,3,1,33,0,Popular,1230453
188,5,4,1,1,1,Médio,1483491
238,4,2,2,29,1,Médio,1609476
247,3,3,3,36,0,Popular,1140549
240,5,3,1,24,0,Nobre,2162300
130,1,2,3,16,0,Médio,845691
83,2,3,3,31,0,Popular,401428
250,1,2,2,29,0,Popular,1122037
49,5,4,1,17,0,Popular,365872
66,2,1,3,16,1,Popular,426141
259,4,1,3,13,0,Nobre,2279897
165,1,2,2,23,0,Popular,789765
91,5,4,0,32,0,Popular,520267
64,1,1,2,2,0,Nobre,649540
274,1,3,3,13,0,Nobre,2372311
283,4,2,0,14,0,Médio,1797915
79,2,3,1,12,1,Popular,510444
128,5,2,3,23,1,Médio,1035439
62,2,2,1,1,0,Médio,460915
282,2,3,2,1,0,Popular,1416429
295,5,3,1,14,0,Nobre,2666782
160,1,2,1,6,0,Nobre,1447724
278,1,4,0,0,0,Médio,1728013
212,5,3,1,38,0,Popular,1074703
155,3,1,3,14,0,Nobre,1433459
128,2,2,3,5,0,Popular,700507
191,4,3,1,38,0,Médio,1200875
237,1,2,2,7,0,Popular,1148230
193,4,4,3,34,1,Médio,1363645
186,1,2,1,14,0,Médio,1143710
260,4,3,1,19,0,Médio,1693984
103,5,3,1,20,1,Popular,698172
186,2,4,3,32,0,Popular,953042
275,4,4,2,6,0,Médio,1871444
297,5,2,3,37,0,Médio,1873690
252,5,3,1,36,1,Médio,1730080
244,3,2,1,37,0,Médio,1432454
283,3,3,0,9,0,Nobre,2470126
158,3,1,2,3,0,Médio,1085260
279,4,4,0,29,0,Popular,1380137
235,3,3,2,5,0,Médio,1529805
109,1,2,3,1,0,Nobre,1058783
294,1,2,0,36,0,Médio,1675854
100,4,4,3,20,1,Médio,914903
92,4,3,3,34,0,Nobre,949617
246,4,2,2,21,0,Nobre,2166071
108,2,1,1,19,1,Nobre,1059602
172,4,3,3,39,1,Médio,1232291
280,2,3,3,36,0,Nobre,2359862
287,1,1,2,37,1,Médio,1760873
261,5,2,1,9,1,Médio,1843694
192,3,3,1,0,0,Popular,991104
73,3,2,0,25,0,Médio,496986
268,3,3,3,3,0,Popular,1363771
284,4,2,0,10,0,Popular,1397526
157,1,1,2,18,0,Popular,723779
240,2,4,2,8,0,Nobre,2167437
137,2,1,0,13,0,Popular,678479
121,4,2,2,32,0,Médio,828497
165,5,1,3,22,0,Médio,1123803
289,3,4,3,5,0,Nobre,2645840
210,5,2,2,9,0,Médio,1438814
270,2,4,3,18,1,Popular,1407296
246,3,2,1,0,1,Nobre,2352370
200,5,1,0,21,0,Médio,1297334
198,5,3,2,31,0,Popular,972873
62,2,1,0,32,0,Popular,267351
105,5,1,1,21,0,Nobre,1053867
53,3,2,1,26,0,Popular,271659
119,3,3,3,29,0,Popular,647778
134,1,1,2,20,1,Nobre,1312761
269,1,2,0,0,1,Popular,1361113
227,1,2,0,1,0,Médio,1381433
285,4,1,3,28,1,Popular,1469522
108,1,1,3,25,0,Popular,464349
147,1,4,1,30,0,Popular,709086
114,2,4,0,29,0,Popular,548536
104,5,1,2,25,0,Popular,548718
149,3,1,1,6,0,Médio,986430
184,5,1,0,5,0,Médio,1232745
202,1,4,1,35,0,Médio,1191198
113,4,1,3,9,1,Nobre,1277708
90,5,1,0,8,0,Popular,539979
65,2,3,3,0,0,Popular,433090
206,3,4,0,14,0,Popular,1049019
254,4,3,1,25,0,Popular,1231364
190,2,2,2,17,0,Médio,1191187
259,5,3,2,26,1,Médio,1760747
147,4,4,3,32,0,Popular,804011
259,1,4,3,17,0,Médio,1604718
124,5,3,0,36,0,Médio,853904
254,2,3,2,1,1,Médio,1734091
79,4,3,1,0,1,Popular,596136
88,1,2,0,38,0,Médio,453121
195,4,4,0,24,0,Médio,1281224
59,5,4,1,38,0,Popular,369916
263,2,4,0,2,0,Médio,1709282
98,4,1,1,35,1,Médio,741205
124,4,1,0,28,0,Nobre,1127251
257,4,4,0,1,1,Médio,1833099
165,4,4,3,27,1,Popular,906062
116,4,4,0,23,0,Popular,629735
40,1,1,1,27,0,Popular,187012
237,1,3,1,15,0,Popular,1115383
42,3,3,0,5,1,Médio,467764
202,3,2,0,9,0,Popular,1008701
219,1,1,2,12,0,Médio,1350833
275,3,1,1,11,0,Popular,1312121
158,3,3,3,35,1,Nobre,1590445
102,4,4,2,25,0,Médio,760010
82,5,2,2,15,1,Médio,746111
199,5,4,0,18,0,Popular,1050583
98,4,3,1,21,1,Popular,600835
120,2,1,0,3,0,Popular,603992
175,4,4,2,34,0,Popular,930334
198,4,1,3,8,0,Nobre,1834027
232,4,2,2,2,0,Médio,1570180
106,5,1,2,8,1,Popular,732287
76,4,4,0,23,0,Nobre,828765
114,1,2,0,5,0,Popular,531860
184,3,2,1,31,1,Nobre,1695833
74,5,4,0,15,0,Nobre,886561
225,3,3,1,17,1,Popular,1210354
90,3,1,0,37,0,Popular,393666
258,1,3,1,25,0,Popular,1180264
115,1,4,0,30,0,Médio,719022
210,5,4,0,3,0,Médio,1468939
146,5,1,0,33,0,Nobre,1320160
279,4,1,1,2,1,Médio,1864236
251,3,4,0,20,0,Nobre,2203611
48,2,4,2,2,0,Médio,449705
248,1,3,3,35,0,Popular,1161652
200,4,4,2,25,0,Médio,1354545
117,3,2,3,35,0,Médio,775227
292,5,2,3,3,0,Médio,1969251
188,2,3,3,24,1,Nobre,1787879
262,1,3,2,0,0,Popular,1271009
176,1,3,1,37,0,Médio,1055504
212,4,4,0,22,0,Popular,1092223
52,2,2,2,27,0,Popular,283874
270,1,2,3,16,1,Popular,1375768
220,1,1,1,10,0,Médio,1326488
256,5,1,0,16,0,Médio,1589720
120,2,2,3,36,0,Popular,585632
263,3,4,3,19,0,Nobre,2425928
153,4,1,3,34,0,Popular,727943
193,5,3,1,23,0,Nobre,1816843
201,1,4,2,29,0,Nobre,1742957
106,1,3,2,29,1,Médio,744438
230,4,1,0,39,0,Popular,1056720
119,2,3,3,32,0,Médio,797113
119,3,4,3,9,1,Médio,1012437
238,1,4,0,28,0,Popular,1101739
71,4,2,1,28,0,Popular,389692
211,4,3,1,16,1,Médio,1508361
215,2,4,1,15,0,Médio,1378863
93,3,3,0,27,0,Nobre,891663
103,1,3,0,7,0,Médio,676324
273,1,4,1,23,0,Popular,1296727
142,2,4,3,30,0,Popular,692041
226,1,2,3,13,0,Popular,1102336
95,1,4,2,26,0,Nobre,850377
75,4,4,1,28,0,Médio,599730
140,1,1,2,24,1,Popular,715719
293,1,1,2,2,0,Popular,1396009
145,5,2,3,9,0,Popular,879583
267,3,1,0,4,0,Popular,1260218
249,4,2,3,17,0,Popular,1268585
229,1,4,2,10,0,Nobre,2030954
268,4,3,1,14,0,Nobre,2383494
119,2,1,3,4,1,Popular,745100
60,2,4,0,32,1,Médio,531815
200,4,4,0,28,0,Médio,1313860
219,3,3,1,25,0,Médio,1399887
297,2,2,2,16,1,Nobre,2668682
199,4,2,1,17,0,Médio,1322291
88,2,3,2,5,0,Popular,518101
42,5,4,2,8,1,Médio,611972
204,5,1,3,2,0,Popular,1069295
71,3,2,2,29,0,Popular,349188
291,4,1,2,35,0,Médio,1748038
170,1,1,3,12,0,Popular,864399
62,5,2,0,7,0,Médio,558963
269,4,4,3,31,0,Nobre,2415151
246,2,3,2,4,0,Popular,1267428
81,4,2,1,3,0,Popular,489975
136,5,1,0,1,0,Popular,736796
184,1,1,3,19,0,Nobre,1564768
255,4,4,3,14,0,Nobre,2367696
185,3,3,2,27,1,Médio,1301326
200,3,2,3,36,0,Popular,928070
240,3,4,0,20,0,Popular,1202316
213,5,4,0,11,0,Médio,1458675
279,3,4,3,9,1,Popular,1484739
83,1,4,3,31,0,Médio,577864
121,1,2,2,6,0,Popular,646363
270,4,1,2,33,0,Popular,1247246
205,4,1,1,30,0,Popular,961535
232,5,1,2,25,0,Nobre,2068455
146,5,1,1,17,1,Médio,1085018
207,5,1,2,25,0,Médio,1362979
244,2,2,1,9,0,Nobre,2126098
256,5,4,3,6,0,Popular,1347193
190,3,4,3,9,0,Nobre,1797611
114,1,3,3,23,1,Popular,677907
258,2,2,2,8,0,Médio,1635273
276,5,1,1,14,0,Popular,1301636
297,1,4,1,22,1,Popular,1465545
166,4,2,3,10,1,Popular,972313
214,2,3,0,13,0,Médio,1327856
289,2,4,2,29,0,Médio,1771702
116,3,1,1,39,0,Médio,691422
288,5,1,0,4,0,Médio,1826932
174,3,2,1,37,0,Médio,1043688
109,2,4,1,37,0,Popular,527060
193,5,3,0,22,1,Popular,1094364
112,2,4,1,3,0,Popular,650619
148,2,1,0,37,0,Popular,638020
212,1,4,1,2,0,Médio,1391088
257,3,2,3,31,0,Médio,1574839
264,5,2,2,13,1,Nobre,2563960
282,3,3,2,21,0,Popular,1394573
235,5,1,3,2,1,Nobre,2365782
143,4,3,0,0,0,Médio,1025393
136,4,2,0,37,0,Nobre,1175290
213,1,3,3,12,0,Popular,1070734
163,4,1,1,17,0,Nobre,1520030
41,3,3,3,31,0,Médio,364948
193,5,2,2,8,0,Médio,1330112
191,2,4,3,17,0,Médio,1279141
117,5,4,2,17,1,Popular,789651
72,1,4,3,26,0,Popular,402525
201,3,4,3,25,0,Médio,1383293
250,5,1,2,2,0,Médio,1686998
175,4,3,2,1,0,Popular,992754
79,3,2,1,3,0,Médio,601650
209,3,1,3,31,0,Nobre,1760082
101,4,4,0,34,0,Médio,708058
127,3,1,0,1,0,Médio,855684
279,2,1,0,23,0,Popular,1245003
276,2,2,2,13,0,Popular,1357997
262,2,3,1,9,0,Médio,1650069
175,1,2,0,9,0,Médio,1092735
116,3,4,2,31,0,Popular,617717
51,1,4,0,2,0,Médio,401886
186,3,4,2,32,0,Médio,1211770
194,4,2,2,6,1,Popular,1111445
64,2,2,3,8,1,Popular,447178
105,4,1,0,25,0,Popular,523156
237,3,1,0,16,1,Médio,1573430
292,1,2,1,5,0,Popular,1358718
87,3,1,3,36,1,Médio,694463
273,1,1,3,10,0,Nobre,2317816
84,1,1,1,7,0,Popular,406403
177,2,4,3,6,1,Popular,968833
283,1,4,3,1,1,Nobre,2656621
265,5,2,0,19,0,Médio,1724232
54,5,3,3,21,0,Popular,448383
135,1,2,1,30,0,Nobre,1116475
65,3,2,1,38,0,Popular,325204
297,4,2,2,19,0,Popular,1428693
125,3,2,3,20,0,Popular,626711
264,4,2,1,21,0,Popular,1283644
110,1,4,2,29,0,Popular,544190
113,3,4,3,1,0,Popular,692696
49,3,3,0,16,0,Médio,404638
190,2,3,3,5,0,Popular,970579
79,4,4,2,19,0,Médio,649538
216,3,3,0,1,0,Popular,1088759
119,1,1,0,23,0,Popular,492685
163,3,1,1,26,0,Popular,775646
240,5,4,1,27,0,Nobre,2167313
167,3,3,3,10,0,Médio,1170276
222,5,1,2,3,1,Médio,1619108
94,5,4,2,6,1,Popular,689242
217,2,4,2,30,1,Popular,1129278
280,2,4,0,2,0,Nobre,2463474
230,3,1,0,32,0,Médio,1375339
281,5,4,1,16,0,Médio,1881867
108,5,1,2,37,0,Popular,529576
189,2,2,2,38,0,Médio,1145886
83,4,3,3,31,0,Popular,483844
111,5,3,0,29,0,Popular,587904
60,4,1,1,0,0,Médio,522878
149,2,3,2,20,0,Médio,967865
248,5,3,3,22,0,Médio,1669494
75,2,4,1,37,0,Médio,488620
210,5,1,3,12,0,Popular,1164933
239,2,2,1,21,0,Médio,1486013
283,3,2,1,11,1,Médio,1861417
298,1,2,2,12,0,Médio,1818898
107,3,4,1,32,0,Médio,720984
75,4,4,0,13,0,Popular,502049
298,1,2,1,39,0,Nobre,2372119
248,5,3,0,34,0,Médio,1576547
78,1,4,3,36,0,Médio,523012
141,3,2,1,22,0,Nobre,1260706
52,3,3,3,29,0,Popular,323110
179,4,1,2,3,0,Nobre,1675188
129,4,3,3,7,0,Médio,965241
87,1,3,1,34,0,Médio,503623
116,5,1,2,36,0,Popular,595929
112,3,3,1,29,0,Médio,737935
299,4,2,0,12,0,Popular,1494509
67,1,3,2,34,0,Popular,309196
165,2,4,0,16,0,Médio,1082125
123,2,3,1,32,0,Popular,568346
149,1,3,1,4,0,Popular,769848
99,1,4,2,5,0,Médio,704090
97,5,4,2,24,0,Médio,731543
270,1,2,3,30,1,Médio,1719741
181,4,1,1,39,0,Nobre,1507912
264,4,4,3,34,0,Nobre,2364001
103,2,2,2,0,0,Médio,761869
216,1,3,2,26,0,Nobre,1820757
256,4,2,3,32,0,Popular,1224250
194,3,1,0,34,1,Médio,1207620
115,2,3,3,16,0,Nobre,1137871
68,2,4,3,39,0,Popular,367969
252,4,4,2,24,0,Popular,1255074
251,2,4,0,16,0,Médio,1558118
170,1,4,1,4,0,Nobre,1564523
141,1,4,0,14,0,Popular,700921
201,3,4,1,12,0,Médio,1353356
68,5,2,2,5,0,Popular,494995
191,5,4,3,28,1,Popular,1098798
66,5,4,2,8,1,Nobre,1068842
134,5,1,3,25,0,Popular,704854
145,1,3,3,22,0,Médio,938670
118,2,1,0,23,1,Popular,602126
187,2,4,0,8,0,Médio,1212198
86,1,2,3,0,1,Médio,722698
237,1,3,1,23,0,Médio,1435367
105,3,1,0,4,0,Popular,583365
122,2,2,3,30,0,Popular,629978
133,3,4,1,5,0,Médio,970587
174,5,1,1,37,0,Popular,821349
285,4,4,2,4,0,Popular,1457427
228,2,4,1,4,0,Nobre,2065227
264,4,2,2,5,0,Médio,1757012
248,5,3,3,13,0,Médio,1688019
54,5,1,0,2,0,Popular,405993
152,3,3,1,15,0,Nobre,1434444
122,4,1,3,38,0,Médio,761595
236,5,4,0,32,0,Médio,1506799
211,3,2,2,2,0,Médio,1366522
75,4,4,0,13,0,Médio,663911
162,4,3,0,25,0,Popular,797828
45,2,1,3,10,0,Nobre,502289
250,1,3,2,28,0,Nobre,2050008
111,4,3,3,31,0,Nobre,1111606
198,5,3,1,22,0,Médio,1315862
166,1,1,3,6,0,Popular,799497
176,3,4,1,19,0,Nobre,1636232
210,2,1,0,9,0,Médio,1268689
256,5,1,0,1,0,Popular,1304544
230,3,4,3,8,0,Nobre,2155925
111,2,4,3,24,0,Popular,593893
76,3,3,3,0,0,Popular,507601
148,3,3,1,9,0,Nobre,1425706
184,3,1,0,18,0,Médio,1105315
42,4,3,1,27,0,Médio,398376
114,4,2,2,31,0,Nobre,1061939
294,5,4,3,31,0,Médio,1899270
122,4,4,0,25,1,Popular,735219
295,5,4,0,0,0,Médio,1982373
146,4,1,2,4,1,Nobre,1533054
47,4,1,1,19,0,Popular,273493
42,4,3,3,7,1,Médio,572057
249,5,2,3,15,0,Nobre,2279541
185,5,4,0,28,0,Nobre,1739292
254,4,2,2,19,0,Popular,1252879
112,3,2,0,35,0,Nobre,940790
264,2,4,0,21,0,Médio,1637043
263,1,4,0,16,0,Nobre,2241712
253,5,2,1,7,0,Médio,1623440
125,4,4,3,26,0,Popular,704023
105,1,3,3,11,0,Médio,767455
270,4,4,1,6,0,Popular,1409894
87,5,1,1,20,0,Médio,658545
190,5,3,3,12,0,Popular,1053140
64,5,4,2,26,0,Médio,557599
150,2,1,2,15,0,Nobre,1269743
214,2,4,0,21,0,Popular,1025817
261,2,3,3,11,0,Médio,1684038
269,2,4,0,4,0,Médio,1689966
176,2,3,2,14,0,Nobre,1645199
236,5,2,1,21,0,Nobre,2167110
284,3,3,2,20,0,Médio,1779025
59,5,4,1,12,0,Nobre,807172
133,1,4,0,27,0,Nobre,1136384
249,1,4,1,16,0,Popular,1198890
245,4,2,0,6,0,Médio,1573398
43,5,1,1,24,0,Médio,327277
135,1,1,1,26,1,Nobre,1203409
182,5,4,1,32,0,Popular,932757
69,2,2,2,20,0,Médio,481112
136,5,4,2,21,0,Popular,801544
257,5,2,2,10,0,Popular,1305048
123,2,4,2,8,0,Médio,880238
124,5,3,1,30,0,Popular,646626
202,2,2,2,23,0,Popular,946764
44,3,2,2,26,0,Popular,259507
215,1,3,1,31,0,Nobre,1774968
119,4,4,0,26,0,Médio,819396
106,5,4,2,27,1,Nobre,1298110
263,3,3,1,17,1,Popular,1367623
193,3,1,3,0,0,Nobre,1803683
111,1,1,1,14,0,Popular,509829
117,2,2,3,24,1,Popular,672795
116,2,4,1,26,0,Médio,748638
47,2,2,3,23,1,Popular,365764
178,3,4,1,28,0,Médio,1159396
67,5,3,0,35,0,Médio,476809
87,2,4,3,10,0,Popular,525385
192,4,3,1,33,0,Popular,927356
247,2,1,0,27,1,Médio,1540250
158,5,3,1,15,1,Popular,955234
181,2,2,3,2,0,Nobre,1687419
59,4,1,0,2,0,Médio,530852
134,2,3,1,17,0,Nobre,1208184
172,2,1,2,11,0,Popular,788283
178,5,2,1,23,0,Médio,1176653
136,2,3,0,20,1,Popular,775581
162,3,4,1,18,0,Nobre,1485388
109,1,2,2,22,0,Popular,548333
262,4,3,3,23,0,Popular,1333939
225,2,1,3,36,0,Nobre,1899777
265,1,1,3,2,0,Popular,1274834
191,3,1,1,23,0,Nobre,1654390
208,1,1,1,0,0,Nobre,1775907
241,4,2,0,1,0,Popular,1189283
205,4,3,1,18,0,Popular,1042246
212,2,3,0,14,0,Popular,1026992
134,1,2,1,14,0,Nobre,1161897
180,3,4,3,7,0,Popular,980822
209,3,2,0,25,0,Médio,1267375
46,5,1,1,1,0,Médio,428233
136,4,1,3,29,0,Médio,902188
78,5,2,0,25,0,Popular,461561
70,2,3,1,32,0,Médio,458190
197,5,1,0,14,0,Nobre,1813058
57,5,1,1,24,1,Popular,419216
176,3,4,2,4,0,Popular,986674
56,3,4,0,21,1,Popular,396905
103,5,3,1,38,1,Popular,663784
122,5,3,3,25,0,Nobre,1265407
299,1,4,1,10,0,Médio,1866207
142,2,2,0,37,0,Médio,781660
246,1,2,2,28,1,Popular,1197078
244,5,2,3,34,0,Médio,1597951
152,4,4,0,30,1,Médio,1120855
188,4,1,1,17,0,Médio,1218849
135,1,4,3,30,1,Médio,991386
123,2,3,3,15,1,Nobre,1332989
207,1,2,2,3,0,Médio,1294158
62,4,4,1,0,0,Nobre,819041
132,5,1,2,31,0,Popular,677266
90,3,2,2,26,1,Nobre,1027897
242,1,4,2,2,0,Nobre,2175943
137,4,4,3,38,0,Médio,980991
283,4,2,3,10,0,Popular,1446223
136,2,3,3,23,1,Médio,1018319
237,4,1,2,11,0,Médio,1509546
263,4,1,1,29,1,Popular,1335218
250,1,4,2,15,0,Nobre,2206130
152,3,4,0,16,1,Nobre,1543670
68,5,4,1,32,0,Médio,558697
288,2,4,2,16,0,Médio,1823170
198,5,4,2,18,0,Médio,1397075
119,2,1,1,25,0,Popular,531537
244,4,3,2,4,0,Médio,1688283
53,5,2,1,31,0,Popular,288570
60,2,1,1,36,0,Popular,259577
56,4,3,2,32,0,Popular,351923
215,2,4,0,17,0,Médio,1328870
200,5,1,2,0,0,Médio,1372963
141,5,3,3,32,1,Médio,1081634
239,1,1,1,15,0,Popular,1091174
224,5,1,3,18,0,Nobre,2087191
90,5,3,2,5,0,Popular,604760
171,5,4,3,0,0,Nobre,1800531
177,2,1,3,12,1,Popular,975398
280,4,2,1,8,0,Popular,1392054
163,4,1,1,3,0,Popular,855511
121,2,4,0,17,0,Popular,627590
135,5,4,3,31,0,Popular,754366
108,5,2,2,34,0,Nobre,1071313
82,5,2,1,15,0,Nobre,916452
264,3,4,3,9,0,Nobre,2420375
212,2,3,3,17,0,Popular,1001267
213,3,2,3,29,0,Popular,1006594
65,1,1,0,30,0,Nobre,476096
171,3,1,0,15,1,Médio,1188299
136,3,4,0,19,0,Nobre,1267987
209,4,4,3,9,0,Popular,1116662
223,5,2,3,15,0,Nobre,2116710
58,5,2,1,37,0,Popular,358016
238,4,3,2,34,1,Médio,1619844
63,2,3,3,18,0,Médio,490554
125,1,2,1,27,0,Popular,633155
233,2,4,0,34,0,Popular,1083276
226,3,2,2,35,0,Médio,1374216
173,3,2,3,39,0,Popular,835114
203,1,3,3,12,0,Nobre,1771037
47,2,2,0,35,0,Médio,282662
227,2,4,0,33,0,Médio,1377317
283,3,1,0,39,0,Popular,1296361
278,2,1,3,5,0,Popular,1328274
104,3,3,3,34,0,Popular,551897
152,2,3,0,21,1,Médio,1053707
123,3,2,3,4,0,Médio,891828
168,3,3,0,3,1,Médio,1266057
251,2,4,3,2,1,Popular,1310596
74,1,2,0,37,1,Médio,495045
122,1,4,1,16,0,Popular,584331
280,2,2,1,11,0,Médio,1739348
49,3,2,0,8,0,Popular,277220
193,1,1,1,2,0,Médio,1216968
222,1,4,3,36,0,Médio,1366741
128,5,3,2,25,0,Nobre,1309462
149,1,4,2,27,1,Médio,1041618
244,3,2,1,31,0,Popular,1119138
72,1,3,0,38,0,Médio,397832
88,5,4,0,33,1,Popular,612464
260,3,4,3,30,1,Médio,1798629
86,2,3,1,33,0,Nobre,772990
287,4,4,3,21,1,Médio,1988123
271,1,3,3,1,1,Nobre,2538853
243,2,2,2,33,0,Médio,1415756
212,1,1,2,15,0,Popular,952202
273,5,4,1,20,0,Médio,1815272
119,5,3,1,6,0,Médio,910855
82,5,4,1,0,0,Popular,567564
223,1,4,2,8,0,Nobre,2011287
116,3,3,2,26,1,Médio,908968
142,5,1,1,6,0,Nobre,1400507
57,1,1,2,22,1,Médio,485170
292,4,1,2,11,0,Popular,1394876
219,1,2,0,13,0,Médio,1304255
96,4,2,0,16,0,Popular,552423
290,1,2,1,26,0,Nobre,2376285
170,1,2,2,39,0,Popular,750601
44,1,4,3,24,1,Nobre,591056
177,1,1,1,2,0,Médio,1098877
253,2,4,2,3,0,Popular,1306404
137,2,3,3,27,0,Popular,734900
275,3,3,3,32,0,Nobre,2396775
241,1,3,1,13,0,Médio,1520545
93,5,1,2,31,0,Popular,502371
203,1,4,2,28,1,Nobre,1866322
128,1,3,2,10,0,Popular,674034
178,4,2,3,25,0,Popular,895851
217,3,1,3,8,0,Popular,1111912
103,3,4,0,4,0,Popular,594709
254,1,4,0,3,0,Nobre,2249165
148,3,2,1,9,0,Popular,776189
265,1,3,0,38,0,Médio,1527951
55,5,2,1,38,0,Médio,423526
219,3,3,1,37,0,Popular,1049361
291,5,4,0,26,0,Nobre,2624972
265,2,1,1,7,1,Médio,1707647
200,2,3,1,31,1,Popular,1024993
289,2,3,1,35,0,Médio,1728214
116,5,2,2,39,0,Popular,609248
189,4,2,3,18,0,Médio,1269240
222,3,1,3,18,0,Popular,1097575
68,3,4,0,39,0,Médio,447286
97,5,3,0,20,0,Médio,762006
268,4,4,3,3,0,Popular,1436188
292,4,1,3,30,0,Médio,1772217
242,4,4,0,1,0,Médio,1608821
42,4,3,3,38,0,Médio,362759
134,3,3,1,16,1,Médio,1022973
187,2,1,3,12,1,Nobre,1818750
247,2,3,2,2,0,Popular,1258181
58,2,3,1,39,0,Médio,361580
177,5,2,1,6,0,Popular,930181
63,2,3,2,6,0,Popular,372891
95,5,2,0,13,1,Médio,821715
109,4,4,0,28,0,Médio,787268
242,4,3,2,33,1,Médio,1650579
58,3,1,0,18,1,Médio,477608
83,4,4,0,16,0,Popular,540885
156,4,2,2,12,0,Médio,1103043
44,5,3,3,12,0,Nobre,684804
42,2,2,2,34,0,Médio,304501
199,3,3,1,25,0,Nobre,1769553
88,3,3,3,19,0,Popular,490026
275,1,2,2,8,0,Nobre,2342637
152,2,2,2,14,0,Popular,789355
106,2,3,1,3,0,Popular,576271
180,2,2,3,30,0,Popular,891115
260,2,4,2,23,0,Popular,1264338
206,4,3,1,25,0,Médio,1326843
234,1,3,0,5,0,Popular,1093576
130,2,3,3,4,1,Nobre,1434152
149,5,1,1,14,0,Médio,1052104
58,3,2,3,4,0,Nobre,717297
184,4,2,2,6,0,Popular,977141
157,3,3,0,10,0,Popular,845980
97,5,1,0,25,0,Médio,660284
72,4,4,3,3,0,Popular,514011
140,2,1,1,15,1,Nobre,1358495
102,2,4,0,36,0,Popular,465087
190,2,4,0,10,0,Nobre,1723009
214,3,1,1,37,1,Popular,1062635
203,5,2,2,22,0,Popular,1056663
290,5,3,1,32,0,Médio,1834801
130,5,1,0,38,0,Popular,652862
265,1,2,2,38,0,Médio,1539499
111,1,2,1,35,1,Popular,567689
275,1,4,0,0,0,Popular,1337927
178,4,2,2,23,0,Médio,1178825
51,5,4,1,18,0,Popular,372754
272,4,4,2,36,0,Médio,1763411
275,4,2,0,8,1,Médio,1873805
283,2,1,2,0,0,Médio,1761565
139,4,1,3,14,0,Popular,720006
66,3,1,1,16,0,Médio,448905
250,1,4,1,39,0,Nobre,2057501
206,2,4,0,37,0,Popular,962905
231,3,2,3,2,0,Popular,1198993
233,2,4,2,10,1,Popular,1265023
69,5,1,3,10,0,Médio,586062
140,5,2,1,33,1,Médio,1047706
236,3,3,1,3,0,Nobre,2178113
196,1,3,0,21,0,Popular,909350
189,3,3,2,3,0,Nobre,1752571
121,4,4,0,14,0,Popular,672033
213,2,3,3,30,1,Médio,1479850
161,5,3,1,35,0,Popular,818970
46,3,4,3,7,0,Médio,485800
108,3,1,1,14,0,Popular,571113
267,5,3,1,14,0,Médio,1804601
52,2,3,1,6,0,Popular,314535
273,5,3,0,27,0,Popular,1329003
93,1,1,2,4,0,Médio,612940
200,2,3,2,24,0,Nobre,1731009
299,2,4,3,10,0,Médio,1909720
276,4,4,3,26,0,Médio,1765881
89,1,2,1,24,0,Popular,393097
64,5,1,1,18,0,Médio,526713
134,2,3,0,32,0,Popular,634295
78,3,4,1,17,1,Popular,574601
174,4,1,0,26,0,Médio,1101872
164,5,3,0,36,1,Popular,901267
173,3,4,2,38,0,Nobre,1552038
52,1,3,0,18,0,Popular,237928
136,1,1,2,3,1,Popular,750241
89,4,3,3,32,0,Nobre,909725
115,4,3,3,39,1,Médio,907755
131,2,2,0,28,0,Popular,612100
146,4,2,2,28,0,Popular,718719
78,5,1,1,30,1,Médio,638213
254,2,1,0,14,0,Médio,1552357
120,5,3,0,39,0,Popular,651834
128,1,2,1,4,0,Médio,838905
99,1,2,2,21,0,Popular,497126
275,3,2,3,33,0,Popular,1298975
148,4,3,2,35,0,Médio,975793
265,2,4,3,10,0,Popular,1316595
190,1,2,1,24,1,Popular,942596
112,4,4,2,4,0,Popular,699544
59,4,3,3,24,0,Popular,377655
83,3,3,0,7,0,Médio,632551
160,3,2,3,28,0,Médio,1004722
40,2,4,0,13,1,Popular,347184
150,1,4,3,23,0,Popular,760727
298,1,2,1,26,0,Médio,1768393
260,2,2,2,31,0,Médio,1581443
183,2,3,1,27,0,Popular,882210
270,4,3,1,8,0,Popular,1341367
52,2,3,3,10,0,Popular,350827
231,5,3,0,13,0,Popular,1214754
156,3,2,0,10,0,Médio,1026044
190,1,1,2,39,0,Nobre,1524516
299,5,1,1,35,0,Popular,1402191
182,1,2,1,35,0,Médio,1060215
123,2,1,0,33,0,Popular,552683
246,4,3,0,33,0,Popular,1145969
143,3,2,3,37,0,Médio,896374
122,3,1,1,7,0,Nobre,1181604
283,5,1,3,17,1,Nobre,2649295
191,1,2,2,26,1,Popular,978394
237,5,3,1,18,0,Popular,1216256
53,5,3,3,25,1,Popular,482548
150,5,1,3,27,0,Popular,769073
275,3,1,3,35,1,Médio,1776527
270,4,1,0,7,1,Nobre,2531686
175,4,2,2,38,0,Popular,825326
177,4,1,1,18,0,Popular,884471
168,1,1,0,6,0,Médio,1047311
92,3,4,1,24,0,Nobre,905295
251,4,1,0,20,0,Popular,1197931
212,2,2,2,27,0,Popular,998191
111,5,2,2,1,1,Médio,1007058
148,4,2,2,29,0,Popular,760605
252,5,1,3,25,1,Nobre,2431606
149,2,3,0,15,0,Popular,783472
121,1,1,1,39,0,Popular,527265
95,5,2,0,10,0,Popular,587044
267,2,2,2,33,0,Nobre,2230278
263,1,2,2,38,0,Popular,1168290
265,3,3,0,21,0,Nobre,2265900
227,1,4,1,34,0,Nobre,1873773
288,2,1,0,18,0,Médio,1720919
92,1,2,2,4,0,Popular,486014
224,2,1,0,31,0,Nobre,1827542
209,3,4,0,21,0,Médio,1379921
107,2,3,2,18,1,Médio,843553
197,5,3,2,16,0,Nobre,1893570
204,4,4,2,26,0,Popular,1058486
56,4,3,0,9,0,Popular,388121
228,2,1,1,12,0,Médio,1392891
126,2,4,0,13,1,Popular,750042
157,4,3,2,27,1,Nobre,1615095
251,5,1,0,0,0,Nobre,2305531
164,2,2,0,5,0,Popular,805193
64,5,1,0,26,0,Nobre,648619
263,3,2,0,7,0,Nobre,2289250
262,5,2,2,19,0,Popular,1291883
142,1,4,2,22,0,Nobre,1256633
159,1,1,3,7,0,Nobre,1405031
223,5,3,3,20,0,Popular,1178311
51,4,3,0,23,0,Popular,324572
118,1,1,1,28,0,Popular,488114
133,5,1,1,25,0,Nobre,1218085
125,2,1,1,11,0,Popular,613619
130,1,1,1,22,0,Popular,596487
105,5,3,2,3,0,Popular,680376
87,4,4,2,17,0,Nobre,1006776
220,2,2,0,39,0,Popular,946828
179,3,1,2,21,0,Popular,876372
186,5,2,1,21,1,Popular,1036724
198,1,2,0,31,0,Médio,1159684
60,1,4,0,4,0,Médio,477095
151,5,1,2,2,0,Popular,821265
55,4,4,1,34,1,Nobre,786845
223,2,1,2,13,1,Popular,1128832
169,4,3,3,17,0,Médio,1189528
43,4,2,0,36,0,Popular,231045
192,1,1,0,19,0,Popular,867423
43,3,2,2,17,0,Popular,292783
129,1,1,1,31,1,Médio,804128
282,1,1,3,17,1,Popular,1345104
75,2,4,1,2,0,Nobre,863065
115,5,2,1,9,1,Popular,732022
108,2,2,0,26,0,Popular,507542
203,1,4,1,33,1,Popular,1021937
293,5,1,3,29,0,Nobre,2552775
287,5,3,3,35,1,Popular,1489862
57,4,1,3,1,0,Médio,538355
43,3,3,1,8,0,Popular,294201
143,3,1,3,27,0,Médio,934264
287,3,1,1,37,0,Médio,1700384
286,2,3,2,15,0,Médio,1794173
224,5,3,3,2,0,Nobre,2208559
97,3,3,3,2,0,Nobre,1046552
203,1,3,0,12,1,Médio,1384541
175,1,2,3,24,1,Popular,898086
249,2,3,0,26,0,Médio,1536167
269,4,3,1,8,0,Popular,1366917
247,3,4,2,18,0,Popular,1244528
164,5,4,0,14,0,Nobre,1574288
216,2,3,2,31,1,Popular,1106142
139,3,3,0,4,1,Popular,830940
149,5,3,3,12,0,Médio,1112189
268,5,3,0,12,0,Médio,1774925
262,4,4,1,17,0,Popular,1361828
255,4,1,2,2,0,Popular,1302493
256,1,1,1,13,0,Médio,1523995
287,4,3,0,28,0,Médio,1786776
250,1,2,2,33,1,Nobre,2189022
66,4,4,3,38,0,Nobre,689562
279,2,3,1,26,0,Nobre,2343710
249,5,4,3,11,0,Nobre,2390061
71,4,3,3,36,1,Médio,659400
272,3,3,1,11,0,Nobre,2421687
65,2,4,3,35,0,Popular,384872
99,2,2,1,18,1,Nobre,1044321
146,5,1,1,11,0,Médio,1036289
222,3,1,3,4,0,Médio,1443902
186,4,2,0,11,0,Médio,1235878
164,1,1,0,21,1,Médio,1043201
211,4,3,2,34,0,Médio,1345033
237,5,2,2,4,0,Popular,1277478
290,1,1,2,39,0,Popular,1315743
130,4,4,1,9,0,Nobre,1342576
102,2,3,2,33,0,Popular,496146
245,4,1,2,14,1,Nobre,2348509
277,3,3,1,13,0,Médio,1766581
213,4,1,3,28,1,Médio,1477834
197,5,3,2,39,0,Popular,1014837
195,3,4,3,7,0,Popular,1062415
131,2,2,3,28,0,Médio,858889
259,3,2,2,20,0,Popular,1284137
143,5,1,1,25,0,Nobre,1326040
75,3,1,3,15,0,Nobre,784476
272,3,4,3,18,0,Nobre,2478732
72,1,2,3,3,0,Popular,415463
121,2,1,1,24,0,Médio,737704
175,5,4,0,9,1,Nobre,1893391
228,5,2,3,20,0,Nobre,2098468
165,2,3,1,27,0,Médio,1042111
71,2,3,1,33,1,Médio,528063
273,3,2,0,15,0,Popular,1288745
201,5,2,0,36,1,Nobre,1902443
182,3,2,3,33,0,Popular,904062
86,1,2,2,39,0,Nobre,678235
139,2,4,0,6,0,Popular,717328
287,2,2,0,2,1,Nobre,2604654
66,4,4,2,33,1,Popular,510942
56,4,2,3,12,0,Popular,393373
267,1,4,1,6,1,Médio,1804555
93,4,2,0,22,0,Nobre,876308
258,5,1,3,8,0,Popular,1296559
180,1,2,1,24,1,Popular,910103
164,2,1,3,18,0,Popular,786291
226,1,3,2,29,0,Médio,1358281
48,1,2,0,1,1,Médio,470202
157,4,4,2,16,0,Popular,842461
168,3,3,0,5,1,Nobre,1739843
191,3,4,3,22,0,Médio,1282633
233,5,1,2,7,0,Popular,1236718
199,4,3,0,14,0,Médio,1291697
171,4,1,2,0,0,Popular,911259
41,4,4,1,35,0,Médio,353539
152,5,3,2,37,0,Médio,1029763
243,4,4,2,5,0,Popular,1254078
176,2,1,1,18,1,Popular,925668
236,1,2,1,25,1,Médio,1551349
118,3,2,0,19,1,Médio,868968
174,2,1,2,12,0,Médio,1097936
59,1,3,1,36,0,Popular,261780
88,5,4,1,36,0,Médio,672752
226,5,3,0,18,0,Popular,1137037
170,2,2,3,18,0,Popular,824184
55,5,4,0,21,1,Popular,477620
72,1,2,1,36,0,Popular,287323
125,3,4,0,15,0,Nobre,1205177
138,3,4,1,31,1,Popular,781058
127,3,4,3,3,0,Médio,965691
296,3,2,1,5,0,Médio,1859935
215,4,4,0,23,0,Médio,1420268
63,3,4,1,21,0,Médio,494732
247,3,4,1,36,0,Popular,1180409
263,3,3,0,28,0,Popular,1245355
224,1,1,3,18,1,Nobre,2018500
291,4,1,1,3,1,Médio,1936529
269,5,3,0,26,0,Médio,1721450
285,3,4,3,38,0,Popular,1343954
116,4,2,1,1,1,Médio,974775
81,3,2,2,2,1,Popular,544922
269,2,1,2,34,0,Nobre,2188178
111,1,4,2,6,0,Popular,604217
286,3,1,2,14,1,Médio,1903202
266,4,1,2,28,0,Popular,1259909
234,2,3,3,35,0,Médio,1425024
206,2,2,2,31,0,Popular,976518
160,2,1,0,26,0,Médio,930555
149,2,4,3,13,0,Popular,796485
297,3,1,2,26,1,Nobre,2614726
205,5,4,2,29,0,Popular,1065909
199,3,2,2,36,1,Médio,1320929
103,5,4,2,15,0,Médio,826704
78,4,1,0,11,1,Nobre,931723
198,4,3,3,39,1,Médio,1412716
204,4,2,1,21,0,Nobre,1836260
77,4,4,2,5,0,Popular,536809
295,2,3,3,31,0,Médio,1807586
193,4,1,0,7,0,Popular,970351
133,3,4,1,12,0,Nobre,1292771
121,5,2,1,10,0,Médio,916029
177,5,1,2,29,1,Popular,946257
173,3,3,2,7,0,Nobre,1658683
238,1,1,1,13,0,Médio,1407970
176,2,4,0,38,0,Popular,835382
207,3,2,3,19,0,Nobre,1846539
227,4,4,0,7,1,Médio,1638948
196,3,1,3,26,0,Nobre,1718864
157,2,2,2,25,0,Médio,959089
159,4,2,3,14,0,Popular,863304
141,5,2,0,25,0,Popular,720363
168,5,2,1,26,0,Nobre,1542944
57,2,1,3,30,0,Popular,295458
43,5,3,2,27,1,Nobre,732361
155,3,1,3,37,0,Nobre,1310312
230,2,3,3,3,0,Médio,1552792
83,1,1,2,15,0,Popular,415221
156,1,4,2,5,0,Popular,796169
203,2,4,3,39,0,Médio,1235255
77,4,4,1,24,0,Popular,472224
214,1,1,2,31,0,Médio,1210061
56,5,2,2,15,0,Médio,481439
62,2,1,0,31,0,Médio,350116
70,1,2,1,36,1,Nobre,702705
115,3,2,2,6,0,Médio,837463
102,5,1,0,26,0,Nobre,961776
136,1,3,2,27,0,Médio,844456
66,2,4,1,25,1,Popular,422841
193,1,1,0,23,1,Nobre,1684921
137,2,4,0,11,0,Médio,926649
168,3,2,3,37,0,Popular,825345
245,5,2,2,10,0,Popular,1241226
118,3,1,0,20,0,Nobre,1009942
236,5,1,3,5,1,Médio,1714737
237,3,1,1,19,0,Popular,1161918
286,1,2,2,20,0,Popular,1323383
125,4,3,2,3,0,Popular,697746
127,2,1,2,28,0,Popular,595083
277,3,4,1,0,0,Médio,1835977
166,3,4,1,5,0,Popular,914628
177,1,4,2,1,1,Médio,1318651
120,1,3,2,12,0,Médio,788396
186,1,3,3,23,0,Nobre,1573897
108,4,2,1,39,1,Nobre,1118083
292,3,1,0,21,0,Popular,1335810
144,3,1,2,0,0,Nobre,1362066
72,4,1,0,8,1,Popular,483526
134,2,3,1,18,0,Popular,682016
134,3,2,1,23,0,Médio,877707
264,2,4,0,29,0,Popular,1253578
106,1,2,0,25,1,Popular,548146
50,4,4,0,2,0,Médio,511613
77,2,1,0,18,0,Popular,379834
169,4,1,0,31,0,Popular,830333
124,5,3,2,36,0,Popular,678752
285,1,2,0,32,0,Nobre,2288657
85,3,4,2,17,0,Popular,483321
237,2,2,0,17,0,Médio,1448938
130,4,3,2,0,0,Nobre,1369256
260,5,2,2,8,1,Nobre,2562025
141,1,1,0,32,0,Popular,593390
46,3,3,3,18,0,Nobre,594609
41,3,2,3,28,1,Nobre,610032
247,3,4,2,27,0,Médio,1592728
54,3,4,2,3,0,Popular,353253
140,2,4,0,27,0,Médio,879923
176,1,4,3,24,0,Nobre,1581903
96,3,4,3,39,1,Popular,603598
71,5,4,1,7,0,Médio,678147
175,5,4,2,19,1,Médio,1358888
198,3,4,1,39,0,Nobre,1718404
107,5,4,2,14,0,Médio,894256
229,4,3,0,28,0,Médio,1461092
150,1,1,0,10,0,Nobre,1250535
231,2,2,3,19,0,Popular,1110232
121,3,4,1,35,0,Popular,627213
75,2,2,0,31,0,Nobre,637177
207,2,3,3,38,0,Nobre,1705953
42,4,2,1,0,0,Médio,434666
164,3,1,0,5,0,Nobre,1472133
293,5,3,1,20,0,Médio,1895057
162,1,4,1,2,0,Médio,1079682
248,2,3,0,26,0,Popular,1154096
99,1,3,0,38,1,Popular,495831
233,3,2,0,4,0,Nobre,2068596
63,2,4,3,12,0,Médio,534688
141,3,3,3,24,0,Popular,747112
190,4,1,0,13,0,Popular,969300
147,1,2,3,1,0,Popular,779389
124,2,2,1,10,1,Popular,714936
275,4,3,0,21,0,Médio,1730788
217,4,4,2,27,0,Popular,1089227
128,1,2,0,37,0,Popular,541444
158,3,3,2,1,0,Popular,917174
60,5,1,2,26,0,Médio,490189
239,2,1,2,39,0,Nobre,1919138
160,2,4,1,18,0,Médio,1046636
270,4,2,0,1,0,Nobre,2451977
296,4,1,0,25,0,Médio,1818756
185,2,3,1,2,1,Nobre,1825239
109,5,2,1,1,0,Popular,663255
252,3,3,1,6,0,Médio,1602052
280,5,1,0,23,0,Popular,1322167
253,2,1,0,15,0,Médio,1536878
148,3,1,3,24,0,Popular,719747
138,1,1,1,28,0,Médio,789414
152,2,4,3,0,1,Médio,1201963
227,5,2,1,35,1,Nobre,2116380
258,4,3,2,27,0,Popular,1262925
298,1,4,3,31,0,Popular,1419595
46,2,3,3,2,1,Médio,544368
182,4,3,1,31,0,Médio,1166679
91,3,2,1,24,0,Nobre,839778
77,4,1,1,34,0,Popular,357956
155,1,4,2,28,0,Popular,734788
223,4,2,1,25,1,Popular,1196186
164,5,2,2,1,1,Médio,1295736
108,2,3,3,35,0,Popular,518278
97,4,2,2,35,0,Médio,688196
106,2,3,2,12,0,Popular,579590
110,1,2,3,12,0,Médio,723971
70,4,3,1,32,0,Popular,386660
118,5,4,2,33,0,Médio,855478
61,1,3,3,24,0,Popular,359307
278,1,4,0,19,0,Popular,1290369
206,2,1,3,30,0,Popular,964860
149,2,3,0,14,0,Popular,752890
178,4,1,0,11,0,Nobre,1586893
111,1,4,1,20,0,Popular,530239
280,2,4,2,2,0,Popular,1398623
90,4,4,2,34,0,Médio,683400
257,3,4,0,3,0,Popular,1313923
166,4,2,1,4,0,Médio,1189518
86,4,1,1,8,0,Popular,487846
283,4,4,0,39,1,Popular,1441122
53,2,3,0,6,0,Popular,370857
298,3,4,3,35,0,Popular,1461040
104,3,3,2,27,0,Nobre,994493
138,5,4,2,20,0,Nobre,1436504
195,4,2,3,0,1,Nobre,2012950
231,2,3,2,10,0,Popular,1140285
90,1,1,1,20,0,Médio,506194
261,1,4,3,26,1,Médio,1707301
231,5,4,1,6,0,Popular,1254786
46,1,2,1,37,1,Médio,342675
102,4,4,2,1,0,Popular,641339
180,4,3,1,38,1,Popular,964212
150,4,1,3,26,1,Médio,1110561
173,2,2,3,19,0,Popular,907366
273,2,1,3,21,0,Médio,1649516
272,1,4,1,39,0,Popular,1256147
220,2,1,1,29,1,Popular,1084769
71,1,4,0,35,1,Médio,526051
118,4,2,3,28,0,Popular,642060
43,2,3,2,32,0,Popular,228121
154,3,3,3,38,1,Nobre,1527763
238,3,3,0,20,1,Médio,1630420
165,5,3,2,14,0,Nobre,1627859
279,5,1,2,10,0,Médio,1813829
77,1,1,3,23,0,Nobre,695702
82,4,4,0,5,1,Popular,590635
208,2,1,2,8,0,Médio,1323068
130,3,3,0,29,0,Popular,643789
220,4,1,0,20,0,Médio,1408742
41,2,1,1,33,0,Popular,211843
119,5,2,2,25,0,Nobre,1175854
98,1,3,0,32,0,Popular,424116
244,5,4,1,1,0,Médio,1671389
231,4,2,2,19,0,Popular,1134542
104,1,2,2,20,0,Médio,652689
65,4,4,3,15,0,Popular,440851
233,5,1,0,17,0,Nobre,2088808
46,1,4,2,5,0,Popular,304533
228,3,1,1,31,1,Popular,1155640
277,5,1,0,34,0,Médio,1715998
294,3,4,1,7,0,Popular,1476236
119,1,3,3,4,0,Popular,598504
266,5,3,0,30,0,Popular,1334487
218,1,2,1,33,0,Médio,1255143
182,2,4,3,20,1,Médio,1321313
215,3,2,1,20,0,Médio,1367006
271,4,4,1,14,0,Médio,1784638
297,1,2,1,39,0,Médio,1716637
120,1,3,2,0,0,Popular,670543
98,4,1,1,20,0,Nobre,929564
72,2,1,0,12,0,Popular,358376
79,2,4,1,13,0,Popular,497853
124,4,4,1,39,0,Popular,625532
273,3,3,3,4,0,Nobre,2518536
188,1,3,2,1,1,Popular,1020078
235,2,1,3,39,0,Popular,1025989
110,2,3,2,34,1,Popular,607664
142,3,3,0,6,0,Popular,742299
74,2,2,2,33,0,Nobre,645681
165,1,4,3,27,0,Nobre,1449705
263,2,2,2,38,1,Médio,1650296
41,5,4,2,13,0,Médio,510403
283,1,1,0,12,0,Médio,1689807
191,3,4,3,16,1,Popular,1066412
96,3,2,1,23,0,Médio,640025
262,3,1,0,39,1,Popular,1255928
266,2,1,2,8,0,Popular,1271500
110,4,2,3,28,1,Médio,891380
178,4,4,0,32,1,Popular,962540
183,4,2,2,28,0,Médio,1197216
263,4,4,3,1,0,Popular,1393839
74,5,3,1,13,0,Nobre,873864
143,1,4,1,39,1,Popular,732609
240,3,3,3,30,0,Médio,1488613
43,1,2,2,29,0,Popular,190756
243,1,4,2,22,1,Popular,1268469
252,2,4,1,5,0,Médio,1620267
71,2,1,2,39,0,Médio,408766
200,2,1,1,35,0,Nobre,1610518
127,1,2,3,26,0,Nobre,1114717
250,3,3,1,2,1,Nobre,2405297
122,5,1,2,12,0,Nobre,1213106
197,3,4,1,37,0,Nobre,1681035
81,3,1,1,24,0,Popular,431994
219,3,1,2,38,1,Popular,1109986
91,1,4,3,30,1,Nobre,975817
169,1,3,2,24,0,Médio,1058318
90,2,1,2,2,0,Popular,503551
216,1,2,2,35,0,Popular,941671
166,2,4,3,32,1,Popular,912020
275,3,1,2,29,0,Popular,1288421
236,2,3,1,38,0,Popular,1096136
144,4,1,3,28,0,Popular,761871
225,1,2,0,13,0,Popular,1058126
228,3,1,2,21,1,Popular,1162745
191,3,2,1,0,0,Popular,959742
168,2,1,1,27,0,Nobre,1385062
186,3,3,3,13,0,Médio,1251782
245,3,4,0,6,0,Popular,1218838
205,1,3,0,22,0,Médio,1236790
284,2,3,2,13,0,Popular,1391625
99,2,4,3,9,0,Médio,761323
205,1,4,0,8,0,Nobre,1807553
144,4,2,3,11,0,Médio,1002370
81,5,2,3,2,0,Médio,739968
201,3,4,3,8,1,Médio,1477224
241,3,4,0,11,0,Médio,1542016
238,2,2,2,7,0,Popular,1165886
89,5,4,2,37,1,Médio,758640
62,5,2,1,16,0,Popular,395326
224,5,2,3,25,0,Popular,1140863
151,1,2,1,30,0,Médio,871486
176,1,3,2,25,0,Médio,1107649
259,5,3,0,35,1,Nobre,2424558
152,4,2,0,26,0,Nobre,1386759
142,5,3,2,38,0,Nobre,1351654
123,1,3,0,28,1,Popular,651927
114,2,1,1,8,0,Popular,578581
274,4,4,3,37,0,Nobre,2409542
177,4,3,3,27,0,Popular,909164
203,2,3,3,18,0,Nobre,1838890
180,2,2,0,18,1,Médio,1218868
291,4,4,3,20,0,Médio,1933068
148,2,2,2,39,0,Médio,911937
45,2,3,2,30,1,Médio,467110
196,3,3,3,2,0,Popular,1042313
40,4,4,0,10,0,Popular,333463
221,3,4,2,37,0,Nobre,1933744
111,3,4,3,0,0,Popular,693189
179,4,3,1,7,0,Médio,1236335
82,2,1,0,24,0,Popular,329708
187,3,4,0,18,0,Médio,1243787
112,4,1,0,1,0,Popular,652779
84,4,3,1,10,0,Médio,669808
92,1,3,2,24,1,Médio,683606
229,4,2,3,32,0,Médio,1418256
184,2,3,2,32,0,Popular,870538
77,5,3,0,25,0,Médio,611096
237,2,3,0,19,1,Popular,1201037
273,1,2,2,33,0,Médio,1571353
243,5,3,1,38,0,Nobre,2156866
246,4,2,2,9,0,Popular,1200372
211,4,3,3,4,0,Médio,1451213
196,4,4,2,33,0,Médio,1291777
284,2,2,3,23,0,Popular,1370478
72,4,2,3,37,0,Popular,376695
146,5,1,2,25,0,Médio,1009687
280,5,2,0,5,1,Nobre,2693692
158,1,4,3,26,0,Popular,763547
60,2,3,3,12,1,Médio,624814
215,5,4,0,17,1,Popular,1230014
59,4,4,1,36,0,Popular,366817
122,5,2,1,27,1,Médio,944036
62,2,2,0,30,0,Médio,376832
173,3,3,2,5,0,Médio,1174118
93,1,1,2,21,1,Médio,637877
90,4,4,1,0,0,Nobre,1072749
72,1,4,3,35,1,Popular,447252
274,2,3,1,20,1,Popular,1378823
81,5,3,0,38,0,Médio,582551
75,2,2,1,35,0,Popular,344080
192,4,1,0,3,1,Nobre,1900084
144,1,3,0,22,0,Popular,657385
211,3,1,0,26,0,Popular,976774
104,5,2,1,30,1,Nobre,1175486
119,3,4,3,3,0,Popular,717320
176,1,4,1,27,0,Nobre,1485797
242,1,1,0,16,0,Popular,1084693
264,2,2,3,31,0,Popular,1274562
267,5,4,1,15,0,Nobre,2487661
49,1,3,3,22,0,Popular,271695
193,3,1,2,33,0,Médio,1158579
160,4,3,0,30,0,Nobre,1436629
109,4,1,1,19,0,Médio,755629
50,2,3,0,11,0,Popular,301131
80,4,1,0,35,1,Médio,581050
73,2,2,0,32,0,Popular,322881
114,5,3,3,4,0,Médio,924410
290,3,4,0,4,1,Nobre,2767829
175,5,3,3,0,0,Popular,966744
273,4,1,1,28,0,Nobre,2346154
247,3,3,1,11,0,Médio,1585005
136,4,1,0,7,0,Nobre,1288929
223,4,4,0,16,0,Nobre,1991393
150,4,1,0,30,1,Nobre,1467824
107,5,4,1,24,0,Popular,605142
272,5,4,2,18,0,Popular,1341921
242,5,1,3,14,1,Popular,1324241
239,5,2,3,26,1,Popular,1294779
79,4,4,1,1,1,Médio,817984
117,5,1,0,23,0,Médio,800795
96,4,1,3,5,1,Médio,853085
66,2,1,1,23,1,Nobre,707176
290,2,4,1,10,0,Médio,1826045
123,4,2,2,21,1,Médio,961676
190,4,1,0,5,0,Popular,980182
268,5,1,0,35,0,Popular,1240155
241,4,3,1,28,0,Popular,1199883
77,1,3,1,14,0,Nobre,669381
82,3,2,3,12,1,Popular,525396
227,5,1,1,37,0,Nobre,1913914
56,4,3,3,20,0,Popular,371445
219,3,1,0,0,1,Nobre,2092827
248,2,1,0,1,0,Popular,1130302
198,5,3,1,28,0,Nobre,1838596
195,3,2,3,26,0,Popular,947783
261,1,1,3,13,0,Médio,1598490
211,1,3,0,26,1,Médio,1372435
230,2,3,0,19,0,Nobre,2011315
260,1,4,2,19,0,Médio,1648764
286,4,3,3,21,0,Nobre,2567365
130,5,3,3,17,1,Médio,1108567
185,1,4,1,8,0,Médio,1188609
184,3,3,0,22,0,Médio,1161420
231,2,3,2,30,0,Popular,1064861
282,1,4,3,14,0,Médio,1776099
136,3,4,1,39,0,Nobre,1251799
116,2,2,1,19,0,Médio,742652
179,5,2,2,6,0,Médio,1273609
278,3,2,1,38,0,Popular,1286677
252,2,1,1,11,1,Popular,1230391
199,1,1,1,22,0,Médio,1154744
169,2,3,0,26,0,Nobre,1430487
158,2,2,3,19,0,Médio,1032155
255,5,3,3,3,0,Médio,1776090
161,5,3,3,31,1,Médio,1237215
55,2,1,3,1,0,Popular,335038
246,2,3,2,24,0,Popular,1182573
42,2,3,0,39,0,Popular,211213
180,5,3,0,24,1,Médio,1288379
55,5,3,1,14,0,Médio,546137
204,3,2,1,35,0,Médio,1217679
54,3,3,2,1,0,Popular,390542
220,3,2,0,13,0,Médio,1375651
56,3,2,2,11,1,Médio,562630
217,1,3,3,2,0,Popular,1099768
90,3,3,3,24,0,Médio,651567
173,3,1,3,25,0,Médio,1082458
151,5,4,2,8,0,Médio,1132027
71,1,1,3,1,0,Nobre,707865
202,5,3,3,33,0,Popular,1053145
197,3,4,2,9,0,Popular,1040504
166,5,2,2,5,0,Popular,937357
130,5,3,1,39,0,Popular,650231
224,3,3,3,15,0,Médio,1473120
185,4,4,0,32,1,Popular,1017804
140,5,4,1,31,0,Nobre,1340389
244,3,1,2,20,0,Popular,1151839
192,2,3,1,3,0,Nobre,1744014
190,3,1,3,22,0,Popular,924455
124,2,2,1,1,0,Médio,848041
175,3,2,3,9,0,Nobre,1615283
219,3,3,3,8,0,Médio,1464530
219,3,3,1,23,0,Nobre,1934548
267,5,2,2,10,0,Médio,1787512
152,2,3,2,15,0,Popular,754759
190,1,2,3,5,0,Popular,910693
110,3,1,2,1,0,Popular,632606
256,4,4,2,12,0,Popular,1330320
164,4,2,2,2,0,Médio,1110915
105,1,4,1,10,0,Popular,557258
208,4,2,2,20,0,Popular,1049898
248,4,3,1,16,0,Popular,1273089
142,2,3,2,39,0,Popular,660797
45,4,3,0,35,0,Nobre,478961
270,1,2,2,9,0,Popular,1272652
266,4,1,3,8,0,Nobre,2426745
185,2,3,0,7,0,Popular,857819
235,4,2,1,11,0,Popular,1164459
72,1,2,0,4,0,Popular,357800
230,4,3,3,30,0,Popular,1172330
162,2,2,3,17,0,Popular,809825
262,2,4,0,25,1,Popular,1318176
148,4,1,2,18,0,Popular,766668
248,3,1,0,24,0,Médio,1492748
161,1,2,1,0,0,Médio,1028572
117,3,3,3,24,1,Popular,674047
129,2,3,1,27,0,Popular,623677
207,5,2,3,9,0,Popular,1091548
153,4,4,0,5,0,Popular,831764
69,3,4,0,18,0,Popular,410721
65,3,3,3,38,0,Popular,352651
192,4,1,0,10,0,Popular,930219
181,4,1,2,5,1,Nobre,1855331
47,4,4,3,30,1,Médio,570942
73,1,4,2,8,0,Nobre,789012
226,1,4,3,34,0,Popular,1056092
182,5,2,2,36,0,Nobre,1628276
281,5,3,3,12,0,Popular,1444167
75,5,3,0,12,1,Popular,554849
47,4,3,0,26,0,Médio,415037
103,4,2,2,21,0,Médio,724081
76,1,4,3,30,1,Médio,612288
298,5,3,1,29,0,Médio,1910468
273,1,1,1,25,0,Médio,1611402
245,3,2,3,34,0,Médio,1559370
114,1,1,1,4,1,Popular,607750
71,1,4,2,38,0,Médio,435135
51,5,2,0,11,0,Popular,323342
283,3,4,2,9,1,Nobre,2701349
80,1,4,1,28,0,Popular,420545
55,5,4,3,25,0,Popular,422024
214,1,4,1,34,0,Médio,1319975
81,5,3,2,31,1,Médio,757928
195,1,4,1,29,0,Médio,1158185
130,3,1,0,25,0,Nobre,1112441
272,3,4,0,1,0,Popular,1419910
220,4,3,3,30,0,Médio,1422844
181,4,1,2,15,0,Popular,918242
87,4,1,3,13,0,Popular,478581
293,3,2,1,35,0,Popular,1358946
236,2,1,1,34,0,Nobre,1898394
263,2,1,2,37,0,Popular,1181476
241,5,3,0,3,0,Popular,1241716
57,3,1,0,27,0,Popular,286092
108,3,2,0,16,0,Médio,751146
131,3,1,3,17,0,Médio,854674
298,5,3,1,7,1,Popular,1607997
239,4,3,1,20,0,Médio,1554997
68,5,1,2,21,0,Médio,569590
121,4,4,1,3,0,Nobre,1314941
129,1,3,2,37,0,Popular,612376
125,4,2,1,24,0,Popular,694600
206,5,1,1,28,0,Popular,1014323
288,2,1,3,7,0,Médio,1788285
44,1,1,0,37,0,Popular,142616
167,5,2,3,19,0,Popular,915314
153,1,4,2,30,0,Popular,756873
81,5,1,2,36,0,Médio,574580
247,1,2,1,28,0,Nobre,2012740
275,2,3,1,26,0,Popular,1237344
126,5,3,0,38,0,Popular,679052
253,4,4,1,6,1,Médio,1756270
232,1,1,1,10,0,Médio,1372174
183,3,3,0,30,0,Médio,1121168
149,3,3,2,27,1,Popular,842103
111,1,3,1,39,1,Nobre,1025061
77,4,3,2,13,0,Médio,642389
188,4,4,2,6,0,Médio,1321372
158,2,3,0,7,0,Popular,798175
69,2,3,1,29,0,Popular,392388
252,4,3,0,6,0,Popular,1245756
144,3,2,2,28,0,Popular,693478
171,5,1,1,19,0,Médio,1171045
45,5,4,3,4,0,Médio,530065
103,2,3,2,24,1,Popular,607752
225,5,3,2,15,0,Médio,1536171
298,2,4,2,13,0,Médio,1894257
155,2,3,3,5,0,Médio,1076879
180,1,3,0,15,0,Popular,825288
244,2,3,2,14,0,Médio,1523589
254,5,4,0,16,0,Nobre,2330116
157,3,2,1,16,1,Médio,1145935
146,4,1,0,0,0,Popular,770987
201,1,1,0,27,0,Médio,1153610
223,5,2,2,22,0,Popular,1084949
238,5,2,0,26,0,Nobre,2098474
100,1,1,0,29,0,Nobre,735142
102,5,3,3,12,0,Médio,821891
176,3,4,3,2,0,Médio,1257992
44,5,3,3,37,0,Popular,313634
237,3,3,1,32,1,Nobre,2193427
144,2,1,1,19,0,Popular,708528
121,2,3,0,22,0,Médio,780455
163,1,1,1,20,0,Médio,949410
197,5,2,0,20,1,Popular,1057454
168,3,3,1,28,1,Médio,1186360
254,4,4,3,4,0,Popular,1335190
247,5,2,0,37,0,Popular,1187530
206,3,1,3,24,0,Médio,1272625
259,1,2,1,23,0,Popular,1192829
233,2,4,1,15,0,Nobre,2072965
286,1,3,3,1,0,Médio,1800934
97,5,3,1,38,1,Popular,621914
107,4,1,3,17,0,Médio,796993
208,4,1,2,12,0,Popular,1066610
65,4,4,2,29,0,Médio,537545
165,4,4,0,14,0,Popular,869005
201,4,4,0,11,0,Popular,1066430
173,2,4,0,4,0,Popular,894405
260,3,1,1,4,1,Popular,1335190
241,3,2,0,9,0,Médio,1523508
70,2,4,0,28,0,Nobre,687069
286,5,4,0,13,0,Nobre,2571534
216,1,1,2,38,0,Popular,934029
216,2,2,3,21,0,Médio,1382040
71,2,4,3,9,0,Nobre,836624
289,2,1,2,6,0,Médio,1788999
230,5,4,0,20,0,Médio,1558803
203,2,4,2,5,0,Popular,1041811
296,4,3,3,9,0,Médio,1929297
123,1,1,3,37,0,Popular,552387
125,3,1,3,13,0,Médio,847794
182,4,3,1,14,0,Popular,961841
227,1,2,0,8,0,Popular,1077901
184,5,1,2,30,1,Nobre,1776206
101,5,4,0,6,1,Nobre,1286755
166,4,1,2,6,1,Médio,1237399
290,3,2,3,2,0,Popular,1457756
164,4,1,1,14,0,Popular,807063
295,1,3,2,33,0,Popular,1341127
43,2,4,2,36,0,Médio,349879
296,5,2,3,19,0,Nobre,2673635
41,2,4,0,14,0,Popular,296572
187,2,3,2,1,0,Médio,1262190
252,4,3,1,15,1,Médio,1763881
130,4,2,0,15,0,Popular,653913
148,1,2,2,33,1,Popular,722078
168,1,2,3,11,1,Médio,1172657
84,3,2,3,39,0,Nobre,783398
107,1,1,0,29,0,Popular,418639
138,4,3,1,28,0,Popular,693021
283,3,2,0,16,0,Nobre,2395185
92,2,2,0,19,1,Nobre,996341
203,4,2,1,10,0,Popular,1046036
206,1,1,3,39,0,Médio,1159240
212,3,3,3,7,0,Popular,1109220
114,3,4,1,36,1,Médio,843766
156,1,2,1,5,0,Nobre,1364536
280,1,4,1,3,0,Popular,1347183
171,1,3,2,6,0,Popular,812774
189,4,2,0,2,0,Médio,1307116
222,3,2,0,22,0,Popular,1050165
51,3,4,0,3,1,Médio,593719
179,2,1,2,39,0,Popular,820087
258,3,1,0,38,1,Médio,1614244
135,5,1,2,37,0,Nobre,1227606
229,4,4,1,30,0,Nobre,2051581
114,3,4,1,19,1,Popular,703938
139,4,2,2,11,1,Popular,827652
298,2,4,2,27,0,Popular,1421485
193,2,1,3,12,1,Nobre,1820081
179,3,4,2,13,0,Popular,968061
225,2,1,3,28,0,Popular,1024376
181,2,4,0,20,0,Popular,869142
265,1,4,0,36,0,Nobre,2188356
152,4,3,3,33,0,Médio,1013392
85,1,3,0,3,0,Médio,587913
86,4,2,1,6,1,Popular,642170
55,1,1,1,1,0,Nobre,565981
245,3,2,0,13,1,Popular,1269278
113,3,3,2,27,0,Nobre,1085946
190,1,1,0,12,0,Nobre,1539447
275,3,1,0,8,0,Nobre,2370999
235,4,1,0,26,0,Médio,1453995
168,1,2,0,2,0,Popular,801130
95,3,4,2,37,0,Nobre,893734
157,1,2,1,17,0,Médio,988803
197,1,1,0,26,0,Popular,897218
46,5,4,3,33,0,Popular,362312
87,4,1,2,28,1,Médio,707564
235,1,4,0,8,0,Popular,1123509
270,3,1,3,34,0,Médio,1642413
172,1,4,3,26,0,Popular,808194
224,1,3,1,16,0,Nobre,1887996
171,2,4,0,6,1,Popular,966552
75,3,4,3,1,0,Médio,686481
264,2,3,1,15,0,Nobre,2298785
77,2,2,0,29,0,Nobre,648752
172,5,2,3,39,0,Médio,1133787
219,2,4,3,15,0,Médio,1451411
217,5,2,1,4,0,Médio,1465963
170,5,3,3,17,0,Popular,932283
287,2,1,2,18,0,Popular,1300614
146,4,2,1,1,1,Popular,896569
56,3,1,1,38,0,Popular,282791
284,4,3,1,39,0,Popular,1311075
188,3,2,1,24,0,Médio,1166179
50,4,1,1,32,0,Médio,358906
286,1,1,3,8,0,Popular,1349714
226,5,4,1,30,0,Popular,1176954
186,2,3,2,24,1,Popular,953511
200,4,4,1,5,0,Nobre,1918169
117,1,3,0,8,0,Popular,586670
200,3,1,2,38,0,Popular,909900
101,2,1,2,24,0,Popular,483057
222,3,2,0,10,0,Popular,1066615
45,4,2,1,6,0,Médio,429630
86,5,2,1,24,0,Popular,487697
106,1,3,2,1,0,Nobre,1029017
143,4,3,1,29,0,Médio,943939
285,3,2,3,31,0,Nobre,2406402
289,2,3,0,35,1,Médio,1801460
49,5,1,3,30,0,Médio,424174
134,2,3,0,27,0,Nobre,1162222
293,5,1,1,34,1,Popular,1456060
269,5,4,0,11,0,Popular,1388883
247,3,4,1,24,0,Nobre,2180393
67,3,1,0,6,0,Nobre,703287
59,4,3,0,19,0,Popular,356284
257,5,4,2,8,0,Popular,1355535
62,5,2,3,39,0,Popular,360954
42,5,3,1,5,0,Nobre,653092
143,5,1,1,3,0,Nobre,1411616
200,3,4,1,2,1,Popular,1113645
75,2,1,1,23,0,Nobre,651022
203,2,2,3,37,1,Nobre,1840655
60,1,1,0,6,0,Popular,270643
50,2,2,1,21,0,Nobre,463204
201,2,1,1,15,0,Popular,928656
281,1,3,3,5,0,Médio,1808492
117,5,1,2,33,0,Médio,790001
243,5,3,0,9,0,Médio,1619100
176,2,4,1,12,0,Popular,912619
83,1,2,1,12,1,Popular,506500
216,3,4,0,6,1,Popular,1190824
259,1,2,0,26,1,Nobre,2246058
152,1,2,2,30,0,Popular,703242
207,4,3,0,30,1,Médio,1407419
132,5,3,3,3,0,Nobre,1441020
232,1,4,2,19,1,Médio,1526811
285,2,1,0,11,1,Popular,1427984
208,4,2,3,20,0,Popular,1041880
280,1,1,2,6,0,Nobre,2353445
93,1,4,3,12,0,Nobre,914924
59,4,4,3,9,0,Médio,593866
223,1,1,3,7,0,Popular,1067752
68,5,2,1,25,0,Médio,542198
287,5,3,3,23,1,Nobre,2740512
277,3,4,1,28,0,Popular,1357689
199,1,4,0,25,0,Popular,921931
71,4,2,2,14,0,Nobre,828136
237,5,3,3,19,0,Médio,1585800
176,1,4,1,23,0,Nobre,1543236
200,5,2,3,12,0,Popular,1095788
128,2,4,1,24,1,Médio,972291
153,4,4,1,27,1,Médio,1131665
208,4,4,0,15,0,Médio,1415423
162,4,3,3,10,0,Médio,1143284
154,1,3,3,12,0,Nobre,1402364
144,2,3,3,2,0,Médio,1016180
57,2,3,1,30,0,Popular,291249
73,5,2,3,0,1,Médio,800293
125,1,2,2,9,0,Popular,621198
62,1,4,0,1,1,Popular,471353
253,2,2,2,25,0,Médio,1521045
68,3,2,1,24,0,Popular,365433
173,4,1,0,27,1,Médio,1227599
236,2,4,3,20,1,Médio,1612692
284,1,2,3,26,0,Popular,1319890
264,1,4,0,0,0,Popular,1302034
129,5,3,2,13,0,Nobre,1381553
176,2,2,1,1,1,Popular,970821
182,5,4,2,33,0,Médio,1273369
163,1,4,3,27,1,Popular,841934
261,3,1,2,4,1,Nobre,2457919
42,3,1,3,14,1,Popular,358123
109,4,1,0,35,1,Popular,604932
61,4,2,3,12,0,Popular,411355
186,5,2,3,31,1,Popular,1037948
273,3,3,2,34,1,Popular,1357097
133,4,2,2,10,0,Médio,953024
74,3,1,2,17,0,Popular,428835
216,5,1,0,19,0,Popular,1060621
243,5,3,1,35,1,Popular,1247573
58,2,4,3,29,1,Nobre,785149
63,1,1,2,8,0,Popular,337018
99,5,3,2,39,0,Médio,714702
55,1,4,0,9,1,Médio,509885
199,5,3,1,18,0,Popular,1013307
141,5,4,0,35,0,Médio,962961
178,2,1,0,26,0,Popular,811554
138,2,1,3,19,0,Popular,681106
71,4,4,2,13,0,Nobre,880543
277,5,2,3,16,0,Nobre,2516087
292,4,2,0,3,0,Popular,1442124
187,5,4,2,13,0,Popular,1036233
151,4,2,1,34,0,Nobre,1334696
176,3,1,1,8,0,Nobre,1557531
155,2,1,2,27,0,Popular,704437
208,3,4,0,2,0,Popular,1097348
202,5,4,1,32,0,Médio,1321912
269,4,4,0,0,0,Nobre,2469166
181,2,1,2,34,0,Popular,790454
119,4,3,2,14,0,Popular,653328
108,1,3,2,22,0,Popular,527760
177,1,2,3,34,1,Nobre,1568002
276,4,1,2,16,0,Nobre,2433131
143,2,4,0,9,0,Popular,724929
150,2,1,1,35,0,Popular,669762
299,1,1,1,8,0,Médio,1783988
132,1,1,2,34,0,Médio,756287
254,3,1,3,7,0,Popular,1241590
172,5,4,2,22,0,Popular,925154
120,5,3,1,22,0,Popular,671187
130,4,3,0,35,0,Popular,645016
124,5,3,1,9,0,Nobre,1306899
230,3,3,0,11,0,Médio,1472281
252,1,3,3,17,0,Médio,1590084
219,2,3,2,2,0,Popular,1079743
69,3,3,1,31,0,Popular,414006
135,5,2,3,10,0,Popular,822204
218,3,3,1,32,0,Nobre,1847632
49,4,3,1,30,0,Popular,312828
137,5,2,3,18,1,Médio,1090879
50,5,2,0,38,0,Popular,320356
71,2,4,3,17,0,Médio,555995
284,1,1,0,18,0,Nobre,2281951
77,3,3,2,7,0,Médio,599785
273,2,4,2,24,1,Nobre,2516499
234,4,2,2,36,1,Popular,1233085
290,1,4,2,14,0,Popular,1395282
214,3,4,2,7,1,Nobre,2165732
180,1,2,0,39,0,Popular,798161
286,3,2,3,14,0,Médio,1833127
72,5,3,3,34,0,Médio,581605
215,2,2,0,6,0,Médio,1362876
283,2,3,1,18,0,Médio,1772373
119,1,1,1,20,1,Médio,847114
144,1,4,3,21,0,Popular,727381
257,2,2,2,11,0,Popular,1231811
227,2,4,0,6,0,Médio,1464568
241,4,2,3,4,0,Nobre,2210952
124,5,2,1,9,0,Nobre,1262702
184,1,3,3,29,1,Popular,972121
170,5,4,3,29,1,Médio,1326367
134,2,1,2,15,0,Nobre,1172508
137,5,3,0,35,0,Médio,908727
268,1,3,1,32,0,Popular,1192374
230,1,4,3,19,0,Popular,1127575
57,2,2,2,5,1,Popular,439147
230,5,3,3,10,0,Médio,1602743
48,3,4,0,17,1,Popular,420307
78,3,2,2,7,1,Médio,720338
194,1,2,1,37,1,Médio,1203094
166,2,3,3,29,0,Nobre,1462346
231,3,4,1,28,1,Nobre,2175860
187,3,2,2,17,1,Médio,1338822
271,5,4,2,6,0,Popular,1426254
88,4,1,3,12,0,Médio,682847
153,5,3,1,36,1,Médio,1136925
90,3,1,2,29,0,Médio,583944
294,2,4,1,26,0,Médio,1824924
107,1,1,0,18,0,Médio,610251
43,4,3,2,2,0,Nobre,643753
66,1,2,1,17,1,Popular,427077
71,3,3,0,13,0,Popular,436233
136,2,2,1,30,0,Nobre,1116463
263,5,4,0,15,0,Popular,1350099
53,2,3,1,4,0,Nobre,628229
296,4,1,0,34,1,Médio,1870304
76,5,1,3,29,0,Popular,466320
110,1,2,1,25,0,Médio,660811
99,4,2,2,33,1,Médio,790841
164,1,2,2,31,0,Médio,945787
165,5,3,2,30,1,Popular,934819
265,5,1,0,3,1,Nobre,2566368
199,2,1,2,36,0,Popular,880765
73,5,3,0,2,0,Popular,538361
130,3,3,2,14,1,Popular,794558
229,1,4,1,4,0,Popular,1164056
68,3,3,2,31,0,Popular,400025
137,1,2,3,12,0,Popular,694680
257,1,1,1,5,0,Médio,1534050
255,1,4,2,39,0,Popular,1175590
177,1,2,0,25,0,Médio,1047595
66,4,4,2,18,0,Nobre,809280
239,4,2,0,15,0,Popular,1178495
129,5,1,3,20,0,Médio,968194
45,1,2,2,34,0,Médio,255431
96,1,2,0,24,0,Médio,561349
279,2,1,1,26,0,Médio,1629558
195,5,4,0,28,1,Médio,1381238
181,1,4,0,17,0,Médio,1119764
92,5,2,0,32,0,Popular,505103
129,3,4,1,13,0,Nobre,1245443
111,4,1,0,12,0,Nobre,1037305
260,4,3,1,33,1,Médio,1727425
230,3,2,1,24,1,Popular,1165618
71,1,3,0,8,1,Nobre,855354
177,5,2,0,21,0,Médio,1195834
231,4,2,1,6,0,Médio,1531179
101,5,1,2,25,0,Popular,541893
230,1,2,3,4,1,Médio,1548027
75,4,4,0,29,0,Médio,539311
175,3,3,2,29,0,Médio,1115748
123,4,2,2,9,0,Popular,660753
294,1,1,2,20,0,Médio,1742183
200,4,1,2,34,0,Médio,1251959
245,1,1,2,15,0,Popular,1141360
291,3,3,1,21,0,Médio,1815071
162,2,3,3,1,0,Popular,888825
50,2,3,1,30,0,Popular,234986
85,5,4,2,24,0,Popular,573766
56,2,4,3,30,0,Médio,439358
273,3,2,1,17,0,Médio,1691512
224,3,4,1,36,0,Popular,1090222
139,1,4,3,12,0,Médio,963629
167,4,3,3,24,0,Popular,866691
110,4,4,0,33,0,Médio,768866
197,3,1,1,37,0,Popular,898532
99,4,1,3,23,0,Médio,711670
274,4,3,0,39,0,Médio,1684930
101,4,4,0,1,0,Popular,600471
165,2,3,1,19,1,Nobre,1627955
166,5,1,3,26,0,Médio,1124423
291,1,3,2,16,0,Nobre,2467728
200,3,4,3,18,0,Nobre,1861523
49,2,4,2,25,0,Médio,362537
179,4,2,0,22,0,Nobre,1622338
186,4,2,2,32,1,Médio,1312091
100,3,2,1,7,0,Médio,714061
287,2,4,2,3,0,Popular,1445389
243,4,4,2,29,0,Nobre,2164973
275,1,1,0,21,0,Popular,1232490
173,5,1,1,28,1,Popular,949995
130,2,3,2,27,1,Popular,749571
217,5,4,0,25,0,Médio,1434023
42,5,2,1,32,1,Popular,368282
225,5,4,3,25,1,Popular,1274424
255,5,2,1,22,0,Popular,1264056
104,3,1,1,24,1,Médio,739879
103,1,1,3,38,0,Nobre,774913
280,4,4,1,20,0,Médio,1812831
148,4,1,1,25,1,Popular,791016
157,3,4,3,20,0,Nobre,1510291
287,5,4,2,35,0,Médio,1875513
123,3,3,3,4,0,Médio,945830
131,1,1,1,15,0,Nobre,1135883
107,5,1,0,16,1,Popular,662613
250,4,3,0,20,0,Nobre,2198703
289,3,3,1,34,1,Popular,1403890
166,4,1,1,18,1,Nobre,1658918
245,1,4,0,22,0,Popular,1145574
78,2,2,3,26,0,Nobre,736005
57,2,2,3,11,0,Popular,355628
99,3,4,0,24,0,Popular,556268
299,4,4,2,4,1,Popular,1586112
230,1,1,1,31,0,Popular,1010493
115,4,4,0,12,1,Popular,744387
266,1,4,0,37,0,Popular,1200732
267,1,2,3,39,0,Nobre,2155756
279,1,1,0,29,0,Médio,1595158
83,2,1,3,35,0,Popular,389900
256,2,2,3,27,0,Popular,1171871
113,5,2,0,14,0,Médio,894052
209,4,3,3,28,0,Popular,1120454
173,2,2,0,12,0,Popular,852148
113,1,4,2,27,0,Médio,752733
92,1,2,1,15,1,Nobre,964579
91,1,2,2,6,1,Médio,722224
296,2,4,0,16,1,Popular,1497519
108,4,3,1,16,0,Popular,612246
273,1,3,0,6,0,Médio,1700210
161,5,1,1,19,0,Médio,1069346
231,3,1,0,1,0,Popular,1124706
269,4,4,2,25,0,Médio,1743696
283,2,2,3,36,0,Nobre,2346293
121,1,3,0,14,0,Popular,583930
215,3,1,1,27,0,Nobre,1826484
93,4,2,0,0,0,Popular,547195
71,2,1,2,38,0,Médio,396701
141,5,3,1,18,1,Médio,1121096
165,5,3,0,33,0,Médio,1034887
202,2,2,1,31,0,Médio,1180644
86,1,2,1,3,0,Médio,566136
50,5,2,2,32,0,Popular,334761
66,3,1,3,21,1,Nobre,794952
225,5,2,3,3,0,Médio,1576829
299,5,3,3,18,0,Popular,1542024
272,1,3,0,0,0,Médio,1719874
196,3,1,0,5,0,Médio,1226391
167,5,1,2,13,0,Médio,1106627
159,5,3,1,19,0,Médio,1105136
65,1,1,1,21,0,Médio,388950
286,3,4,3,15,0,Médio,1854724
295,2,4,1,29,1,Nobre,2663945
150,3,4,2,11,1,Popular,878366
144,1,2,0,15,0,Médio,893842
268,5,4,3,17,0,Popular,1382588
94,3,3,2,13,1,Médio,827187
54,4,3,1,34,0,Popular,323760
41,4,4,0,22,0,Médio,371600
176,5,2,1,27,0,Médio,1159774
298,4,4,2,8,0,Nobre,2730933
146,1,4,3,9,0,Popular,751817
49,1,3,1,22,1,Médio,384640
218,4,3,2,29,0,Nobre,1956464
69,1,2,0,4,1,Popular,454628
295,4,4,2,39,1,Popular,1516621
166,5,4,3,10,0,Popular,986091
218,2,1,1,11,0,Popular,1055288
81,2,1,3,24,0,Popular,408002
275,4,1,1,22,0,Médio,1716252
242,4,1,1,10,1,Popular,1269094
61,2,1,3,35,0,Popular,283938
232,4,1,1,2,1,Médio,1645431
162,4,2,1,27,0,Nobre,1482662
156,2,2,0,19,0,Nobre,1348937
276,1,2,3,28,0,Médio,1651872
177,1,2,0,4,1,Popular,963582
298,1,4,2,0,1,Médio,2007936
298,3,2,3,31,1,Médio,1896401
252,3,4,0,19,1,Nobre,2315055
113,5,3,1,37,0,Popular,599851
275,5,1,3,26,0,Nobre,2424527
257,1,3,2,11,0,Médio,1597558
251,5,4,3,28,0,Médio,1700339
208,3,1,3,19,0,Nobre,1821052
281,2,3,1,1,1,Médio,1879792
66,2,3,3,26,0,Popular,353663
259,1,2,0,5,0,Médio,1551601
65,5,4,0,21,0,Médio,524922
95,1,2,0,1,0,Nobre,875687
170,2,4,2,16,0,Nobre,1543002
269,4,4,1,2,0,Popular,1386569
229,2,1,1,9,0,Popular,1105041
58,1,3,0,38,0,Popular,259726
161,4,3,2,16,0,Médio,1099766
67,1,2,3,15,0,Médio,469488
270,3,4,0,1,0,Médio,1775566
248,1,1,1,39,0,Popular,1091669
186,1,1,2,32,0,Nobre,1448382
180,2,2,2,5,0,Médio,1203460
100,1,3,1,30,0,Médio,573260
242,5,4,3,2,0,Médio,1707972
231,1,1,3,32,0,Médio,1343392
133,2,4,1,11,0,Nobre,1268516
119,3,3,0,32,0,Médio,697709
84,4,4,1,35,0,Médio,630580
142,4,3,0,20,0,Nobre,1334294
176,2,4,3,39,0,Popular,853586
231,3,4,1,0,0,Popular,1203384
146,1,4,1,18,0,Médio,941720
197,5,4,0,12,1,Nobre,2034318
43,3,2,0,37,0,Nobre,386897
51,3,2,2,26,0,Popular,316450
210,1,2,2,19,0,Médio,1266402
196,5,1,3,1,0,Popular,1088009
282,2,3,2,18,0,Médio,1766100
106,1,2,2,23,1,Nobre,1063380
296,4,3,3,7,0,Médio,1971653
172,4,1,3,4,0,Popular,880382
165,2,1,3,8,0,Popular,816161
180,4,1,3,27,0,Médio,1168077
93,3,3,2,28,0,Popular,486042
57,5,3,0,7,0,Popular,431469
271,4,4,0,26,0,Médio,1722170
244,5,2,2,24,1,Médio,1698091
222,1,3,3,36,1,Médio,1423033
248,3,1,3,35,0,Nobre,2125174
80,3,3,1,35,0,Popular,415282
299,2,2,1,29,0,Médio,1797085
62,3,1,3,21,1,Médio,561296
102,4,3,1,14,1,Popular,671426
99,4,2,2,18,0,Nobre,1013162
283,1,3,1,19,0,Popular,1275012
278,2,3,0,9,1,Nobre,2548699
198,2,2,3,10,0,Médio,1292465
113,2,2,2,17,1,Popular,639275
97,3,1,2,22,0,Popular,495361
236,3,4,2,5,1,Nobre,2315453
227,5,1,0,21,1,Médio,1568637
158,3,4,1,4,0,Médio,1124641
285,5,1,0,17,0,Médio,1776095
91,5,3,1,32,0,Popular,502838
64,5,2,3,3,0,Popular,464357
239,1,2,1,20,0,Popular,1085984
209,5,3,3,24,0,Popular,1069890
114,1,2,0,23,0,Médio,650881
49,4,2,0,37,1,Popular,339227
159,1,4,3,3,0,Médio,1111416
99,3,4,1,6,0,Popular,572743
282,1,2,2,24,0,Médio,1696349
121,5,3,2,4,0,Médio,974283
230,3,2,1,32,0,Médio,1400468
141,2,2,1,1,1,Médio,1017916
183,1,2,3,32,1,Popular,956461
266,4,4,1,31,0,Popular,1301356
64,4,1,3,22,0,Popular,366439
287,1,4,0,4,0,Popular,1390873
100,2,3,0,6,1,Popular,620733
232,1,2,1,38,0,Popular,1015059
118,1,3,1,25,0,Médio,745765
223,3,4,2,4,0,Médio,1545001
267,1,3,2,25,0,Popular,1255884
45,3,2,1,16,0,Popular,259706
153,5,4,2,6,0,Médio,1166995
83,5,3,2,29,0,Médio,659972
66,4,2,0,20,0,Popular,409070
118,3,2,1,29,0,Médio,729194
43,5,4,1,8,0,Médio,466938
223,5,2,0,30,1,Popular,1209207
260,1,2,0,37,1,Popular,1243178
134,5,4,3,27,0,Médio,984106
44,1,4,2,14,0,Popular,280092
206,5,2,3,30,0,Popular,1062778
182,3,1,1,38,0,Popular,792745
151,4,4,1,33,0,Popular,779102
84,1,2,2,30,0,Médio,501935
257,3,2,0,4,0,Popular,1253801
201,4,1,2,24,1,Nobre,1955788
259,1,4,1,30,0,Popular,1154183
118,5,1,3,33,0,Popular,594438
88,1,2,3,28,0,Popular,437390
168,1,2,0,4,0,Popular,796770
147,3,4,0,11,0,Nobre,1378584
267,5,2,2,31,1,Médio,1791865
65,2,2,0,26,0,Médio,387483
239,2,2,3,11,0,Médio,1526303
141,1,1,3,32,0,Popular,638099
224,4,2,0,36,0,Nobre,1905043
240,5,3,0,31,1,Médio,1638715
122,4,4,2,35,0,Médio,881165
243,1,2,2,27,0,Nobre,2008382
270,4,1,3,31,1,Popular,1378471
97,4,4,3,38,0,Médio,701903
98,1,3,3,11,0,Nobre,990511
40,3,2,3,14,0,Popular,250777
77,4,3,3,11,0,Nobre,922142
134,5,1,1,5,0,Médio,986756
120,2,1,2,15,1,Médio,834790
209,4,4,2,23,0,Popular,1080588
217,3,2,2,4,0,Popular,1087638
114,5,4,2,23,0,Médio,942136
88,2,2,3,28,0,Médio,604172
166,5,4,1,18,1,Médio,1295569
221,4,2,0,9,0,Popular,1091436
284,1,4,0,19,1,Médio,1826321
187,3,3,2,26,1,Nobre,1831759
179,5,4,0,4,1,Popular,1076689
210,4,1,3,20,0,Popular,1083239
299,2,1,3,11,0,Médio,1857151
167,1,3,0,21,0,Popular,799502
291,4,2,2,28,0,Popular,1405285
61,3,3,3,0,0,Médio,596486
100,5,1,1,32,0,Médio,693253
54,5,1,1,25,0,Nobre,593305
117,2,3,3,14,0,Nobre,1138136
49,2,3,1,0,1,Médio,543904
104,2,1,1,37,1,Popular,543326
222,1,4,3,26,0,Popular,1075189
167,4,3,3,35,0,Nobre,1540444
93,1,4,1,30,0,Popular,453061
267,1,3,3,12,0,Nobre,2295397
51,1,1,2,12,0,Médio,335924
242,4,1,1,3,0,Nobre,2197394
289,5,4,2,4,0,Popular,1502072
217,5,2,1,38,1,Popular,1136056
284,4,2,1,25,1,Nobre,2604579
143,2,1,3,16,1,Nobre,1460765
293,4,2,0,6,0,Popular,1489237
226,4,1,1,32,0,Nobre,1926940
76,3,2,1,7,0,Popular,430646
67,3,1,3,11,1,Nobre,898826
218,4,3,0,13,1,Nobre,2101472
101,3,3,2,16,0,Nobre,1034952
187,1,4,1,20,0,Popular,893525
243,4,4,0,25,0,Popular,1212709
161,4,3,0,5,0,Nobre,1568602
199,5,3,3,16,0,Médio,1396167
107,4,1,2,21,1,Popular,628641
211,5,1,1,2,0,Popular,1115054
224,1,3,2,15,0,Médio,1404006
218,5,1,0,30,0,Médio,1368693
270,3,4,0,19,0,Médio,1724598
211,1,3,0,16,0,Popular,980793
108,2,3,1,1,0,Nobre,1098830
156,1,4,0,32,0,Popular,729307
62,4,3,1,10,0,Popular,433928
240,2,1,2,0,1,Popular,1249195
174,4,2,0,5,0,Popular,912489
242,2,4,0,0,0,Médio,1593082
198,1,1,2,14,0,Médio,1190983
144,1,3,3,24,1,Popular,776577
296,3,4,0,29,0,Popular,1414762
227,2,4,3,27,1,Popular,1178999
95,5,3,3,17,0,Popular,583699
294,3,2,0,32,0,Nobre,2461426
89,1,2,1,9,0,Médio,578886
190,5,4,1,24,0,Nobre,1835263
232,4,3,3,31,1,Popular,1236105
77,5,4,3,26,0,Popular,515112
277,2,1,1,10,1,Popular,1387005
267,5,3,2,28,0,Médio,1729635
189,3,4,0,3,0,Nobre,1762841
44,2,2,2,28,1,Popular,319174
130,1,2,1,28,0,Médio,736065
269,5,2,3,39,0,Nobre,2372018
52,5,3,2,18,1,Médio,641900
207,4,3,3,34,0,Médio,1316104
91,3,1,0,32,0,Nobre,796770
88,5,2,3,11,0,Popular,553935
94,1,4,3,19,0,Popular,521571
157,5,1,0,33,0,Popular,787991
59,3,2,2,21,1,Popular,425323
198,2,4,0,23,0,Popular,954156
84,3,2,0,26,1,Popular,483807
74,3,2,1,4,1,Popular,534018
96,5,1,0,35,0,Popular,492041
220,4,1,3,2,0,Nobre,2074486
59,1,3,2,15,0,Médio,429056
156,2,4,0,11,0,Popular,793737
197,4,1,1,23,0,Médio,1257788
247,2,4,3,1,0,Popular,1257186
113,2,2,2,15,0,Médio,760470
56,1,1,3,2,0,Médio,486648
40,5,1,3,9,0,Médio,419648
290,5,3,2,36,0,Médio,1866327
289,4,1,0,10,0,Nobre,2556504
143,5,2,3,7,1,Popular,879539
150,4,3,1,37,0,Médio,968023
47,5,4,2,38,0,Popular,352338
122,4,1,2,25,0,Nobre,1122104
247,1,4,0,29,0,Popular,1140830
188,5,1,1,30,0,Médio,1187298
182,3,2,2,26,0,Nobre,1577347
184,4,1,2,6,0,Médio,1245181
197,2,3,0,37,0,Médio,1122187
97,5,4,3,16,0,Médio,829054
215,5,3,1,7,0,Popular,1141800
179,1,4,0,16,0,Médio,1123481
176,3,4,2,37,1,Popular,975439
42,3,3,2,24,0,Popular,284230
102,2,1,1,7,0,Popular,523610
144,3,2,2,25,0,Nobre,1290780
242,4,4,0,11,0,Nobre,2215306
291,5,3,0,24,0,Médio,1852833
113,1,1,0,28,1,Médio,746139
218,4,1,2,21,0,Popular,1059256
299,5,1,1,17,0,Popular,1489527
276,2,1,0,12,0,Popular,1294265
259,5,2,2,7,1,Médio,1839250
231,5,3,0,26,0,Médio,1494401
275,2,1,3,37,0,Popular,1221244
68,2,2,1,18,1,Médio,580787
272,2,2,2,28,0,Nobre,2248743
273,3,2,1,15,0,Popular,1325559
94,1,4,1,22,0,Médio,643475
279,1,3,3,14,0,Médio,1722871
188,4,2,3,24,0,Médio,1276222
200,3,2,1,7,0,Médio,1280595
236,2,2,3,16,0,Nobre,2097572
190,2,1,2,27,0,Nobre,1604107
85,3,2,2,25,0,Médio,600697
255,4,3,2,4,0,Médio,1737319
229,5,4,0,33,1,Médio,1598629
228,5,4,3,6,1,Popular,1311840
138,4,2,2,26,0,Popular,742570
121,3,1,3,4,0,Popular,681436
111,4,4,3,4,0,Nobre,1294648
91,1,3,3,17,0,Popular,482482
96,5,3,1,16,0,Médio,792403
202,4,3,3,3,0,Médio,1443603
230,2,2,1,33,0,Popular,1035898
76,2,2,0,17,0,Médio,466793
202,4,1,1,28,1,Popular,1042014
182,3,4,0,38,0,Popular,850671
159,4,2,1,36,0,Popular,763490
260,5,3,0,0,1,Médio,1854819
132,3,3,1,35,0,Popular,619570
183,2,4,1,9,0,Médio,1207513
44,4,3,1,18,0,Popular,348782
77,1,3,2,36,0,Médio,478582
196,3,4,2,16,0,Popular,1026098
187,1,1,3,29,0,Popular,866676
57,4,1,2,16,0,Popular,318278
86,3,2,2,24,1,Nobre,969673
92,2,3,2,3,0,Popular,508127
123,2,1,1,11,1,Popular,694396
167,3,2,1,23,0,Nobre,1500097
75,5,3,1,0,1,Médio,801416
116,3,2,0,2,1,Médio,955548
44,5,1,0,26,0,Nobre,516920
220,1,3,1,31,0,Nobre,1794897
47,2,2,3,13,1,Popular,360004
73,2,1,1,23,0,Médio,467103
136,5,1,2,39,0,Nobre,1201689
200,5,3,1,14,1,Nobre,2080170
108,4,2,3,3,0,Nobre,1187768
197,5,3,1,25,0,Popular,1016503
121,1,4,0,35,0,Nobre,982000
70,4,4,2,39,0,Popular,443356
299,4,1,1,12,0,Popular,1445044
104,3,2,1,25,0,Popular,541469
111,5,2,2,26,0,Médio,800779
59,3,3,1,39,0,Nobre,561700
191,3,3,3,21,0,Médio,1294642
225,5,3,2,25,0,Nobre,2063539
228,5,2,0,33,0,Médio,1432120
229,2,4,2,20,0,Popular,1149885
43,3,2,1,26,0,Popular,256091
155,3,4,0,33,0,Popular,762565
52,5,4,1,38,0,Popular,372421
266,5,2,0,4,1,Popular,1420227
194,1,3,2,32,1,Popular,968272
242,5,1,1,22,0,Nobre,2102417
218,2,2,3,22,0,Médio,1370705
178,1,3,1,25,0,Médio,1049898
261,2,1,3,18,1,Médio,1695442
104,2,4,1,20,0,Popular,560896
138,1,4,0,30,0,Médio,825941
143,3,3,1,12,0,Médio,955673
261,2,3,3,34,0,Popular,1226680
183,3,4,0,23,0,Popular,883631
215,5,2,2,29,0,Popular,1080959
146,4,2,0,2,0,Popular,779825
170,4,2,3,9,1,Nobre,1802565
97,4,2,3,10,0,Médio,747890
118,1,3,3,8,0,Nobre,1122712
199,5,2,1,25,0,Médio,1342591
269,5,4,2,13,0,Popular,1403551
180,5,3,0,30,1,Nobre,1826990
162,1,4,2,13,0,Popular,801291
169,5,2,0,27,0,Popular,881481
84,2,3,3,34,1,Médio,678356
95,3,1,3,21,0,Popular,508768
248,5,3,3,26,0,Nobre,2303652
275,1,4,3,34,0,Nobre,2320338
101,2,4,3,15,0,Médio,740851
286,1,4,1,14,0,Médio,1765913
215,3,2,2,0,1,Nobre,2108540
131,5,3,0,16,0,Médio,936619
230,2,2,0,3,0,Médio,1480801
168,5,2,0,20,1,Médio,1238989
215,5,2,1,37,0,Popular,1047359
226,1,3,1,3,1,Popular,1176754
212,1,2,1,21,0,Popular,966085
169,3,1,0,19,0,Nobre,1469528
148,4,1,3,23,0,Popular,761413
191,5,1,2,23,0,Nobre,1759350
96,4,2,1,17,0,Médio,729475
184,2,2,2,2,0,Popular,948416
226,3,4,2,10,1,Nobre,2178993
286,2,3,3,8,0,Popular,1416329
130,3,4,0,12,0,Médio,898232
166,3,4,2,22,1,Médio,1229135
278,5,3,3,28,0,Médio,1824205
73,2,4,2,5,0,Popular,486866
221,5,2,1,35,0,Popular,1099745
204,3,4,3,31,1,Popular,1098538
130,2,1,3,30,0,Popular,603510
263,4,3,0,39,0,Popular,1256116
272,5,3,2,25,0,Popular,1348617
272,3,2,2,16,0,Médio,1723798
248,3,4,1,9,0,Médio,1626065
96,4,3,0,36,0,Nobre,920368
128,3,1,1,13,0,Médio,842308
124,5,4,1,17,1,Popular,813667
79,1,3,2,27,1,Médio,628736
281,3,4,3,11,0,Popular,1383893
50,3,1,3,38,0,Popular,252731
191,3,1,3,32,0,Popular,891193
289,2,4,1,5,0,Médio,1808081
157,5,1,0,11,0,Médio,1082270
79,2,3,2,11,0,Nobre,839277
227,3,1,1,1,0,Médio,1485132
235,4,2,2,13,1,Médio,1628167
55,5,2,3,27,1,Nobre,847975
239,2,2,3,13,0,Nobre,2084784
168,1,4,2,19,0,Médio,1065819
118,4,1,1,32,0,Popular,577997
88,1,3,0,20,0,Popular,406282
182,4,4,3,33,1,Nobre,1855097
225,4,3,0,10,1,Nobre,2222827
78,1,2,1,8,1,Nobre,848173
117,3,4,0,34,0,Popular,585331
174,2,4,1,30,0,Popular,829000
261,1,3,0,39,0,Popular,1133941
262,2,3,2,27,0,Nobre,2255951
177,4,3,3,4,0,Nobre,1753572
121,2,2,3,9,0,Médio,836361
87,1,3,3,33,0,Popular,407770
246,2,4,3,18,1,Nobre,2335438
60,5,1,2,15,0,Popular,438438
275,5,3,0,9,0,Popular,1390796
189,2,4,3,26,0,Médio,1230140
198,3,2,3,2,1,Nobre,2024513
238,1,1,2,30,1,Popular,1150746
205,1,3,1,34,0,Nobre,1693052
144,1,3,1,28,0,Popular,680685
162,5,4,2,27,0,Popular,888004
131,2,2,1,18,0,Médio,847292
157,5,3,2,9,0,Popular,883595
287,2,2,2,0,1,Popular,1497954
175,4,1,3,6,0,Popular,921240
62,1,4,2,19,0,Nobre,623687
162,4,4,2,3,0,Popular,925062
265,3,3,3,25,0,Popular,1291449
112,5,1,1,25,0,Médio,798177
175,4,4,3,10,0,Médio,1242783
234,1,2,0,2,0,Popular,1081622
137,2,4,1,27,1,Nobre,1362466
123,2,2,1,16,0,Popular,648492
206,5,4,0,6,1,Popular,1187414
57,5,3,1,19,0,Médio,517757
291,2,3,1,34,0,Médio,1732670
234,2,4,2,16,0,Médio,1515149
284,4,4,1,36,0,Médio,1781733
139,4,4,0,18,1,Popular,834469
85,5,3,1,16,1,Popular,616114
162,2,2,1,36,0,Nobre,1330057
105,5,4,2,8,0,Popular,658388
274,5,1,3,38,0,Nobre,2377283
246,5,1,0,12,0,Médio,1619183
207,4,2,2,1,1,Nobre,2076754
136,3,2,2,24,0,Popular,689625
220,2,1,0,18,1,Nobre,1948426
164,1,4,3,10,0,Médio,1089489
168,2,1,0,4,0,Nobre,1464640
206,1,4,3,26,0,Médio,1294914
70,1,2,2,24,1,Médio,565631
67,2,2,3,25,1,Popular,413159
164,3,3,3,11,0,Popular,887181
290,3,3,1,39,0,Popular,1373407
89,5,1,1,19,0,Nobre,870602
154,4,4,2,20,0,Popular,880025
160,1,2,2,29,0,Popular,740894
104,1,3,0,34,0,Médio,619057
217,4,4,0,21,0,Médio,1409962
188,4,4,1,21,1,Médio,1382022
250,1,3,2,4,0,Nobre,2202229
233,2,4,0,4,0,Médio,1475456
191,2,4,3,15,1,Nobre,1927152
240,2,4,1,26,0,Médio,1498031
107,3,3,3,9,0,Popular,609893
251,1,2,2,18,0,Médio,1548894
131,4,4,1,37,0,Médio,917914
298,2,2,3,10,0,Popular,1423785
106,4,1,1,10,1,Médio,864294
125,4,4,1,16,0,Popular,690988
153,1,1,2,18,0,Popular,695039
268,4,1,3,39,0,Popular,1275514
219,5,1,0,1,0,Nobre,2065042
203,2,3,2,20,1,Popular,1114409
278,2,1,0,39,0,Médio,1604251
295,3,1,3,6,0,Popular,1501488
50,3,2,3,16,0,Popular,338179
44,2,4,3,14,1,Médio,509056
80,5,2,0,28,0,Médio,607735
65,4,4,3,39,0,Popular,383572
142,1,4,1,3,0,Nobre,1260812
287,4,1,1,18,0,Médio,1824185
72,5,3,0,28,0,Popular,422212
123,4,4,0,1,1,Popular,837606
201,4,1,1,11,0,Popular,1055060
142,4,3,0,20,1,Nobre,1511357
289,5,4,1,15,0,Popular,1479275
195,4,3,2,29,0,Médio,1252361
63,2,2,0,23,0,Médio,361805
233,5,4,0,7,0,Médio,1593300
94,2,4,2,4,0,Médio,718929
78,3,2,0,14,0,Nobre,764451
142,1,3,3,12,1,Médio,1036573
135,5,2,0,22,0,Popular,711810
296,2,1,1,36,0,Popular,1325445
278,3,3,3,30,0,Nobre,2403180
130,1,3,3,6,0,Nobre,1248387
144,2,3,0,28,0,Médio,879480
220,4,3,3,5,0,Médio,1526209
239,2,2,1,21,0,Médio,1445623
73,3,1,0,37,1,Médio,518046
69,3,1,2,30,0,Médio,447345
118,1,3,0,9,0,Popular,591157
88,3,2,3,20,0,Nobre,911695
71,2,1,0,2,0,Popular,364195
228,1,3,1,27,0,Médio,1370493
267,5,1,1,7,0,Popular,1325995
243,3,1,0,30,0,Popular,1088420
224,3,4,1,12,0,Médio,1480531
78,2,2,2,1,0,Médio,636917
282,4,2,1,22,1,Nobre,2604224
89,5,4,1,18,0,Médio,739593
133,2,3,1,18,0,Popular,681180
203,2,4,0,19,0,Popular,994368
236,1,1,3,29,0,Popular,1073156
237,2,1,0,10,0,Popular,1099164
114,2,1,0,29,0,Popular,495251
101,1,1,0,8,0,Médio,650792
72,4,1,2,20,0,Popular,415149
121,5,4,3,6,0,Popular,752767
276,5,1,3,30,0,Popular,1350888
274,1,3,2,16,0,Popular,1298304
236,4,1,3,1,0,Popular,1209365
147,1,4,0,36,0,Popular,666938
138,2,1,0,27,0,Médio,780066
200,2,2,1,33,0,Médio,1173406
192,2,3,0,9,0,Popular,959058
168,5,2,2,38,0,Popular,834426
272,4,3,1,23,0,Médio,1702829
110,2,4,1,21,0,Popular,593152
125,5,4,1,29,0,Nobre,1284803
138,5,3,0,26,1,Médio,1042228
294,4,2,1,6,1,Nobre,2728238
118,2,2,0,5,0,Médio,782935
201,1,4,2,15,0,Médio,1295070
266,1,3,1,6,0,Médio,1646467
134,1,1,1,2,1,Médio,953826
85,1,3,1,36,0,Médio,506723
177,2,4,2,2,0,Popular,949057
208,4,3,3,9,0,Popular,1106531
160,3,2,2,16,0,Médio,1019996
208,3,2,1,14,0,Popular,1012601
45,3,3,1,0,0,Popular,373075
232,3,1,3,24,1,Nobre,2160106
263,1,1,1,10,0,Nobre,2194170
119,2,2,0,38,0,Popular,549721
280,3,2,2,37,0,Popular,1324202
279,1,4,3,11,0,Popular,1376696
76,5,4,3,32,0,Médio,634493
209,2,2,1,6,1,Popular,1115216
180,3,2,1,19,0,Médio,1174931
147,2,1,0,24,0,Popular,652374
260,3,2,2,12,0,Médio,1654055
122,5,3,3,25,0,Nobre,1281210
116,3,1,1,1,1,Médio,884882
221,4,2,3,23,1,Médio,1539037
70,3,1,3,23,0,Médio,479543
139,5,4,2,27,0,Popular,779176
194,2,3,2,37,0,Nobre,1663433
245,3,1,1,7,0,Médio,1512429
119,5,4,1,28,0,Popular,685823
232,5,3,2,13,0,Popular,1210165
157,5,4,2,19,0,Médio,1190485
150,2,1,1,36,1,Popular,740428
193,1,4,3,34,0,Popular,904494
161,1,1,0,36,1,Médio,952402
293,2,1,2,5,1,Popular,1479977
260,4,1,2,10,0,Médio,1680983
242,1,1,3,29,0,Popular,1125277
112,3,4,3,7,1,Médio,960968
284,3,1,0,26,0,Popular,1297507
247,4,1,2,19,0,Popular,1216460
84,5,3,3,17,0,Nobre,1029451
64,1,2,2,20,0,Nobre,575598
195,3,3,1,22,0,Médio,1268684
205,2,2,2,1,0,Médio,1343662
237,4,4,0,20,0,Médio,1554917
274,3,4,2,21,1,Popular,1406876
137,2,2,3,39,1,Popular,738382
131,5,1,3,0,0,Popular,797211
71,4,3,1,5,0,Popular,497141
207,4,4,2,9,0,Médio,1428507
219,3,4,1,11,0,Médio,1452919
258,4,1,0,6,0,Popular,1256832
298,3,1,1,37,0,Popular,1372435
50,5,1,0,27,0,Popular,258075
299,1,3,3,5,0,Popular,1447827
291,2,4,2,32,0,Nobre,2481082
193,4,1,2,8,0,Popular,977919
141,3,2,2,8,0,Popular,726267
112,1,1,0,15,0,Popular,520050
81,4,3,1,24,0,Nobre,843080
201,4,2,3,34,0,Médio,1292839
87,1,4,0,38,0,Popular,377606
177,3,4,2,20,1,Médio,1347838
209,2,1,3,27,1,Nobre,1916034
174,2,3,2,23,0,Médio,1122461
155,4,1,3,16,0,Popular,747694
253,4,4,2,4,0,Popular,1330078
228,5,3,2,38,1,Médio,1627350
250,1,4,3,37,1,Popular,1249208
104,3,3,2,30,0,Médio,723032
249,4,1,1,39,0,Popular,1160258
95,1,3,0,15,0,Médio,613398
166,1,2,2,32,0,Médio,967363
195,4,4,3,2,0,Popular,1071912
122,3,1,0,17,1,Popular,662546
80,3,1,2,22,1,Popular,529722
179,5,3,2,28,1,Médio,1300839
165,2,4,1,15,0,Médio,1068886
250,4,4,0,35,0,Médio,1560066
279,2,3,1,21,0,Médio,1707562
299,3,3,2,21,0,Popular,1451480
192,3,3,2,11,1,Médio,1389506
63,3,3,1,18,0,Médio,485712
279,2,1,3,19,0,Médio,1697498
141,5,2,2,25,0,Médio,1028759
246,1,2,1,4,0,Popular,1172918
202,5,3,1,15,0,Médio,1383572
79,5,3,2,28,0,Popular,498972
234,1,4,2,31,1,Médio,1506180
206,4,1,0,27,0,Médio,1276858
265,4,2,2,12,1,Popular,1438050
154,4,1,1,3,1,Nobre,1624504
180,4,3,2,27,0,Nobre,1644038
188,2,2,2,27,0,Popular,882898
169,2,3,1,6,0,Médio,1127290
223,3,1,2,7,0,Nobre,1972769
286,4,3,1,39,1,Médio,1893786
256,4,3,2,37,0,Nobre,2217769
169,5,1,2,5,0,Popular,937018
241,4,2,2,10,0,Popular,1226351
57,1,2,1,4,1,Nobre,721663
159,3,3,0,13,0,Nobre,1433969
221,1,3,2,20,0,Popular,1034439
234,3,4,2,17,0,Médio,1508443
228,5,3,2,9,0,Médio,1593277
289,4,3,0,25,1,Popular,1465412
276,5,2,0,30,0,Popular,1347739
122,1,1,3,19,1,Popular,689180
273,1,1,1,6,0,Médio,1644770
229,2,1,0,11,0,Médio,1376325
275,1,3,1,31,0,Médio,1615477
89,1,1,2,9,0,Médio,572705
206,3,3,2,35,1,Médio,1427273
200,1,2,0,32,0,Médio,1162121
97,2,4,0,15,0,Médio,684193
85,2,1,0,37,0,Médio,442379
208,5,3,1,0,1,Popular,1216536
289,4,1,1,19,0,Médio,1814635
217,4,1,1,35,0,Médio,1324049
219,1,2,3,26,0,Médio,1308122
132,1,1,1,36,0,Médio,729677
258,3,2,3,5,0,Nobre,2338595
247,1,4,3,34,1,Nobre,2207737
244,4,4,3,22,0,Médio,1637336
64,4,4,0,30,1,Popular,445370
178,4,2,2,5,0,Médio,1236708
155,1,3,3,39,0,Popular,740003
212,3,1,2,26,0,Nobre,1836603
192,1,1,3,35,0,Nobre,1519666
252,2,1,0,28,0,Popular,1131192
170,4,4,3,25,0,Nobre,1678166
223,2,3,1,12,0,Médio,1405301
225,3,3,2,8,0,Popular,1146768
244,4,4,2,28,1,Popular,1324149
240,2,2,2,7,0,Popular,1194456
247,5,3,2,23,0,Médio,1651652
247,2,2,1,15,0,Popular,1196560
185,1,4,3,32,0,Popular,895332
244,2,2,2,11,1,Médio,1612396
55,3,2,1,23,0,Nobre,585083
77,3,2,3,34,0,Nobre,738809
109,5,1,1,14,1,Médio,880179
273,5,2,1,31,1,Nobre,2531214
80,2,1,2,20,1,Nobre,873475
286,1,1,1,24,1,Médio,1788919
282,2,2,0,28,0,Médio,1690689
210,2,3,2,36,0,Popular,981946
290,2,3,0,1,0,Popular,1362004
200,3,1,3,18,1,Popular,1078118
172,3,3,0,5,1,Médio,1274762
140,4,2,3,5,0,Médio,1030775
114,3,1,1,12,0,Médio,708959
265,3,4,1,35,0,Nobre,2313443
286,2,1,0,29,0,Popular,1283961
186,4,1,0,19,0,Nobre,1606849
98,4,3,3,19,0,Médio,768902
190,4,3,0,5,0,Médio,1313714
202,3,4,2,31,0,Popular,996657
139,4,4,2,22,0,Nobre,1398453
255,2,3,3,3,0,Nobre,2253336
157,4,2,0,27,1,Popular,876950
194,2,2,1,3,0,Médio,1236961
192,3,3,2,16,0,Nobre,1725414
169,3,1,1,16,0,Popular,822142
51,3,4,3,8,0,Popular,389346
114,3,3,2,24,0,Médio,771759
85,4,4,3,0,0,Popular,586360
80,4,2,2,0,0,Nobre,980635
294,1,2,1,36,0,Nobre,2387411
61,3,2,3,25,0,Popular,360537
182,3,1,2,31,0,Popular,851295
259,1,1,1,6,0,Médio,1537439
213,2,4,2,29,1,Médio,1439711
86,5,1,1,14,0,Nobre,915658
41,2,3,0,39,1,Nobre,497513
258,5,3,1,0,0,Médio,1762789
196,1,3,3,12,0,Médio,1216317
237,3,1,2,3,1,Médio,1619953
244,5,1,2,35,0,Popular,1176168
281,5,4,3,32,0,Nobre,2529561
152,1,3,1,33,0,Popular,677155
209,2,3,1,18,0,Médio,1312919
266,3,1,2,5,0,Médio,1706652
248,4,1,1,32,0,Nobre,2087526
113,5,1,3,3,0,Popular,714877
259,3,4,1,1,0,Popular,1343187
163,1,4,0,6,0,Popular,798173
261,1,3,2,11,0,Popular,1267422
58,5,1,2,15,1,Nobre,834107
154,4,2,0,18,0,Nobre,1413026
75,5,1,1,2,0,Popular,492821
86,2,1,1,30,0,Nobre,710971
150,5,1,2,36,0,Nobre,1313076
276,3,2,1,35,0,Nobre,2272877
121,1,1,2,10,1,Médio,870915
214,5,3,2,4,0,Médio,1494576
240,3,1,1,15,0,Popular,1162336
281,4,4,2,3,0,Médio,1890116
153,3,2,1,18,0,Nobre,1396415
70,2,3,3,15,0,Médio,538259
203,4,3,0,39,0,Popular,938724
148,3,2,2,37,0,Popular,725509
151,5,4,2,37,0,Popular,825280
143,5,2,2,38,1,Popular,815160
292,2,2,3,26,0,Popular,1362827
169,3,4,2,21,0,Nobre,1581634
138,2,4,1,28,1,Popular,742269
127,4,2,3,12,0,Popular,732082
232,5,4,3,22,0,Médio,1560389
55,3,2,0,16,0,Médio,386290
152,2,3,3,19,1,Popular,871033
80,5,1,0,8,0,Médio,611535
149,5,2,3,19,0,Médio,1095396
72,1,1,1,1,0,Médio,487501
287,5,4,0,29,0,Popular,1420127
232,5,1,0,37,0,Popular,1110616
254,1,1,0,13,1,Nobre,2228317
65,4,2,2,5,1,Popular,521183
208,2,1,1,8,0,Nobre,1761160
219,1,4,3,18,1,Popular,1179176
164,4,1,2,19,0,Médio,1059995
183,1,2,2,4,0,Médio,1153533
101,5,2,3,37,0,Médio,730602
62,4,3,0,5,0,Médio,532929
177,1,2,1,17,0,Popular,830680
193,2,1,3,14,1,Popular,1032610
206,5,2,3,4,0,Popular,1101705
157,5,3,1,4,0,Popular,858954
67,2,2,1,13,0,Popular,344848
